,id,name,neighbourhood,number_of_reviews
4442,6467168,lazy porch studio,Linwood Ward,1584
20762,6467168,lazy porch studio,Linwood Ward,1570
22522,6467168,lazy porch studio,Linwood Ward,1555
5291,12613591,"Airport Studio, King bed. NO CLEANING  FEE.",Papanui Ward,1551
19723,12613591,"Airport Studio, King bed. NO CLEANING  FEE.",Papanui Ward,1544
46,6467168,lazy porch studio,Linwood Ward,1542
22576,12613591,"Airport Studio, King bed. NO CLEANING  FEE.",Papanui Ward,1528
13882,6467168,lazy porch studio,Linwood Ward,1525
101,12613591,"Airport Studio, King bed. NO CLEANING  FEE.",Papanui Ward,1518
11196,6467168,lazy porch studio,Linwood Ward,1516
17233,6467168,lazy porch studio,Linwood Ward,1509
14031,12613591,"Airport Studio, King bed. NO CLEANING  FEE.",Papanui Ward,1498
28588,6467168,lazy porch studio,Linwood Ward,1495
10245,12613591,"Airport Studio, King bed. NO CLEANING  FEE.",Papanui Ward,1489
7997,6467168,lazy porch studio,Linwood Ward,1484
16306,12613591,"Airport Studio, King bed. NO CLEANING  FEE.",Papanui Ward,1482
26936,12613591,"Airport Studio, King bed. NO CLEANING  FEE.",Papanui Ward,1474
9142,12613591,"Airport Studio, King bed. NO CLEANING  FEE.",Papanui Ward,1465
3454,21885178,Airport Haven  with Netflix. NO CLEANING FEE.,Harewood Ward,1393
19153,21885178,Airport Haven  with Netflix. NO CLEANING FEE.,Harewood Ward,1389
22722,21885178,Airport Haven  with Netflix. NO CLEANING FEE.,Harewood Ward,1385
247,21885178,Airport Haven  with Netflix. NO CLEANING FEE.,Harewood Ward,1380
13890,21885178,Airport Haven  with Netflix. NO CLEANING FEE.,Harewood Ward,1369
9710,21885178,Airport Haven  with Netflix. NO CLEANING FEE.,Harewood Ward,1359
16435,21885178,Airport Haven  with Netflix. NO CLEANING FEE.,Harewood Ward,1349
25776,21885178,Airport Haven  with Netflix. NO CLEANING FEE.,Harewood Ward,1337
8767,21885178,Airport Haven  with Netflix. NO CLEANING FEE.,Harewood Ward,1325
3976,4394839,Lovely Sunny En-Suite Home,Spreydon Ward,1160
21697,4394839,Lovely Sunny En-Suite Home,Spreydon Ward,1150
22503,4394839,Lovely Sunny En-Suite Home,Spreydon Ward,1142
28,4394839,Lovely Sunny En-Suite Home,Spreydon Ward,1139
14485,4394839,Lovely Sunny En-Suite Home,Spreydon Ward,1122
12043,4394839,Lovely Sunny En-Suite Home,Spreydon Ward,1110
9025,4394839,Lovely Sunny En-Suite Home,Spreydon Ward,1095
16936,4394839,Lovely Sunny En-Suite Home,Spreydon Ward,1095
27521,4394839,Lovely Sunny En-Suite Home,Spreydon Ward,1095
4114,26822189,Central City Apartment,Central Ward,1077
21932,26822189,Central City Apartment,Central Ward,1073
22799,26822189,Central City Apartment,Central Ward,1064
326,26822189,Central City Apartment,Central Ward,1050
13362,26822189,Central City Apartment,Central Ward,1039
12300,26822189,Central City Apartment,Central Ward,1028
18195,26822189,Central City Apartment,Central Ward,1020
27831,26822189,Central City Apartment,Central Ward,1008
8332,26822189,Central City Apartment,Central Ward,999
3687,21669515,Deluxe Private Studio close to Airport,Harewood Ward,971
3446,18598438,"Private, Cosy & Unique, Near Dining, Airport 4 min",Waimairi Ward,963
19144,21669515,Deluxe Private Studio close to Airport,Harewood Ward,963
21359,18598438,"Secure, Private, Group friendly, Airport 4 min",Waimairi Ward,956
22713,21669515,Deluxe Private Studio close to Airport,Harewood Ward,952
22677,18598438,"Secure, Cosy, 4brm Family Friendly, Airport 4 min",Waimairi Ward,947
237,21669515,Deluxe Private Studio close to Airport,Harewood Ward,937
200,18598438,"Secure & Private, Cosy Fun Design, Airport 4 min",Waimairi Ward,936
14967,21669515,Deluxe Private Studio close to Airport,Harewood Ward,920
13904,18598438,"Style & Security, Near Park, Dining, Airport 4 min",Waimairi Ward,916
9743,21669515,Deluxe Private Studio close to Airport,Harewood Ward,914
5037,11852621,"Spa pool with great views,  Lyttelton/Christchurch",Banks Peninsula Ward,907
11747,18598438,Unique Cosy Secure 4brm Near Airport & Restaurants,Waimairi Ward,907
21206,11852621,"Spa pool with great views,  Lyttelton/Christchurch",Banks Peninsula Ward,901
16440,18598438,"Secure, Suit Groups, 4 Bedrooms, Airport 3 mins",Waimairi Ward,897
22568,11852621,"Spa pool with great views,  Lyttelton/Christchurch",Banks Peninsula Ward,895
26862,18598438,Fun Character Cottage Private 4brms Airport 3 mins,Waimairi Ward,890
19019,21669515,Deluxe Private Studio close to Airport,Harewood Ward,888
93,11852621,"Spa pool with great views,  Lyttelton/Christchurch",Banks Peninsula Ward,888
9185,18598438,"Style Secure Sleeps 8, Beside Park, Airport 3 mins",Waimairi Ward,883
14525,11852621,"Spa pool with great views,  Lyttelton/Christchurch",Banks Peninsula Ward,880
25935,21669515,Deluxe Private Studio close to Airport,Harewood Ward,875
11669,11852621,"Spa pool with great views,  Lyttelton/Christchurch",Banks Peninsula Ward,874
16985,11852621,"Spa pool with great views,  Lyttelton/Christchurch",Banks Peninsula Ward,860
7675,21669515,Deluxe Private Studio close to Airport,Harewood Ward,860
5001,19610023,The Hut,Heathcote Ward,859
19413,19610023,The Hut,Heathcote Ward,858
26394,11852621,"Spa pool with great views,  Lyttelton/Christchurch",Banks Peninsula Ward,851
22688,19610023,The Hut,Heathcote Ward,849
5370,20159264,Hawthornden Studio - Rural Retreat In ChCh City,Waimairi Ward,845
21341,20159264,Hawthornden Studio - Rural Retreat In ChCh City,Waimairi Ward,843
8356,11852621,"Spa pool with great views,  Lyttelton/Christchurch",Banks Peninsula Ward,842
212,19610023,The Hut,Heathcote Ward,840
22695,20159264,Hawthornden Studio - Rural Retreat In ChCh City,Waimairi Ward,836
3437,38498546,Avonhead Studio Just 5 minutes from the airport.,Waimairi Ward,829
13757,19610023,The Hut,Heathcote Ward,827
220,20159264,Hawthornden Studio - Rural Retreat In ChCh City,Waimairi Ward,826
3800,19234121,Serviced Guest suite in City Centre,Central Ward,825
20393,19234121,Serviced Guest suite in City Centre,Central Ward,825
19650,38498546,Avonhead Studio Just 5 minutes from the airport.,Waimairi Ward,823
22687,19234121,Serviced Guest suite in City Centre,Central Ward,821
6523,19811335,Central City Apt. 2 bed with Private car park,Central Ward,821
9964,19610023,The Hut,Heathcote Ward,821
5141,17666972,QUEEN BEDR00M & ENSUITE-BREAKFAST INCLUD,Halswell Ward,818
19927,17666972,QUEEN BEDR00M & ENSUITE-BREAKFAST INCLUD,Halswell Ward,816
14726,20159264,Hawthornden Studio - Rural Retreat In ChCh City,Waimairi Ward,815
20392,19811335,Central City Apt. 2 bed with Private car park,Central Ward,813
11722,20159264,Hawthornden Studio - Rural Retreat In ChCh City,Waimairi Ward,812
210,19234121,Serviced Guest suite in City Centre,Central Ward,811
17242,19610023,The Hut,Heathcote Ward,809
22664,17666972,QUEEN BEDR00M & ENSUITE-BREAKFAST INCLUD,Halswell Ward,807
22962,38498546,Avonhead Studio Just 5 minutes from the airport.,Waimairi Ward,806
26125,19610023,The Hut,Heathcote Ward,805
4854,16262345,Garden Cottage near airport,Waimairi Ward,804
16439,20159264,Hawthornden Studio - Rural Retreat In ChCh City,Waimairi Ward,803
22690,19811335,Central City Apt. 2 bed with Private car park,Central Ward,802
15749,19234121,Serviced Guest suite in City Centre,Central Ward,802
21354,16262345,Garden Cottage near airport,Waimairi Ward,800
187,17666972,QUEEN BEDR00M & ENSUITE-BREAKFAST INCLUD,Halswell Ward,800
8737,19610023,The Hut,Heathcote Ward,799
488,38498546,Avonhead Studio Just 5 minutes from the airport.,Waimairi Ward,799
10754,19234121,Serviced Guest suite in City Centre,Central Ward,798
4856,22636676,"Bryndwr beauty with free breakfast, Wifi & Netflix",Waimairi Ward,798
21344,22636676,"Bryndwr beauty with free breakfast, Wifi & Netflix",Waimairi Ward,795
214,19811335,Central City Apt. 2 bed with Private car park,Central Ward,793
26860,20159264,Hawthornden Studio - Rural Retreat In ChCh City,Waimairi Ward,793
22634,16262345,Garden Cottage near airport,Waimairi Ward,793
22739,22636676,"Bryndwr beauty with free breakfast, Wifi & Netflix",Waimairi Ward,790
14497,17666972,QUEEN BEDR00M & ENSUITE-BREAKFAST INCLUD,Halswell Ward,787
18850,19234121,Serviced Guest suite in City Centre,Central Ward,786
159,16262345,Garden Cottage near airport,Waimairi Ward,782
265,22636676,"Bryndwr beauty with free breakfast, Wifi & Netflix",Waimairi Ward,781
13896,38498546,Avonhead Studio Just 5 minutes from the airport.,Waimairi Ward,779
13446,19811335,Central City Apt. 2 bed with Private car park,Central Ward,779
6947,20159264,Hawthornden Studio - Rural Retreat In ChCh City,Waimairi Ward,779
28507,19234121,Serviced Guest suite in City Centre,Central Ward,778
10482,17666972,QUEEN BEDR00M & ENSUITE-BREAKFAST INCLUD,Halswell Ward,777
14026,22636676,"Bryndwr beauty with free breakfast, Wifi & Netflix",Waimairi Ward,773
7193,19234121,Serviced Guest suite in City Centre,Central Ward,772
15006,16262345,Garden Cottage near airport,Waimairi Ward,771
10989,19811335,Central City Apt. 2 bed with Private car park,Central Ward,771
10191,38498546,Avonhead Studio Just 5 minutes from the airport.,Waimairi Ward,769
5592,21702984,Beckenham retreat-no cleaning fee,Cashmere Ward,768
11733,22636676,"Bryndwr beauty with free breakfast, Wifi & Netflix",Waimairi Ward,768
20684,21702984,Beckenham retreat-no cleaning fee,Cashmere Ward,767
11734,16262345,Garden Cottage near airport,Waimairi Ward,766
3705,33340980,'Little Two' - Cosy Studio close to Airport,Harewood Ward,765
16988,17666972,QUEEN BEDR00M & ENSUITE-BREAKFAST INCLUD,Halswell Ward,763
17422,38498546,Avonhead Studio Just 5 minutes from the airport.,Waimairi Ward,761
4113,15756388,"Spacious, Comfortable Clocktower Lane Apartment",Central Ward,760
18272,19811335,Central City Apt. 2 bed with Private car park,Central Ward,759
16464,16262345,Garden Cottage near airport,Waimairi Ward,758
17444,22636676,"Bryndwr beauty with free breakfast, Wifi & Netflix",Waimairi Ward,758
22715,21702984,Beckenham retreat-no cleaning fee,Cashmere Ward,757
20814,33340980,'Little Two' - Cosy Studio close to Airport,Harewood Ward,756
21929,15756388,"Spacious, Comfortable Clocktower Lane Apartment",Central Ward,756
26874,16262345,Garden Cottage near airport,Waimairi Ward,750
26870,22636676,"Bryndwr beauty with free breakfast, Wifi & Netflix",Waimairi Ward,749
27413,17666972,QUEEN BEDR00M & ENSUITE-BREAKFAST INCLUD,Halswell Ward,749
22627,15756388,"Spacious, Comfortable Clocktower Lane Apartment",Central Ward,749
26789,38498546,Avonhead Studio Just 5 minutes from the airport.,Waimairi Ward,748
28146,19811335,Central City Apt. 2 bed with Private car park,Central Ward,746
8625,16262345,Garden Cottage near airport,Waimairi Ward,745
6748,22636676,"Bryndwr beauty with free breakfast, Wifi & Netflix",Waimairi Ward,743
22896,33340980,'Little Two' - Cosy Studio close to Airport,Harewood Ward,743
151,15756388,"Spacious, Comfortable Clocktower Lane Apartment",Central Ward,741
239,21702984,Beckenham retreat-no cleaning fee,Cashmere Ward,741
9184,38498546,Avonhead Studio Just 5 minutes from the airport.,Waimairi Ward,739
7398,17666972,QUEEN BEDR00M & ENSUITE-BREAKFAST INCLUD,Halswell Ward,737
422,33340980,'Little Two' - Cosy Studio close to Airport,Harewood Ward,735
8653,19811335,Central City Apt. 2 bed with Private car park,Central Ward,735
15269,15756388,"Spacious, Comfortable Clocktower Lane Apartment",Central Ward,734
3492,40449246,Harbour Escape - tiny home in Lyttelton,Banks Peninsula Ward,732
12132,15756388,"Spacious, Comfortable Clocktower Lane Apartment",Central Ward,729
19477,40449246,Harbour Escape - tiny home in Lyttelton,Banks Peninsula Ward,724
13668,21702984,Beckenham retreat-no cleaning fee,Cashmere Ward,724
5506,5738538,Akaroa Coastal Studio,Banks Peninsula Ward,719
18323,15756388,"Spacious, Comfortable Clocktower Lane Apartment",Central Ward,718
20773,5738538,Akaroa Coastal Studio,Banks Peninsula Ward,717
15008,33340980,'Little Two' - Cosy Studio close to Airport,Harewood Ward,715
11130,21702984,Beckenham retreat-no cleaning fee,Cashmere Ward,713
23033,40449246,Harbour Escape - tiny home in Lyttelton,Banks Peninsula Ward,712
22515,5738538,Akaroa Coastal Studio,Banks Peninsula Ward,710
27563,15756388,"Spacious, Comfortable Clocktower Lane Apartment",Central Ward,706
39,5738538,Akaroa Coastal Studio,Banks Peninsula Ward,706
13090,5738538,Akaroa Coastal Studio,Banks Peninsula Ward,704
11264,33340980,'Little Two' - Cosy Studio close to Airport,Harewood Ward,702
8622,15756388,"Spacious, Comfortable Clocktower Lane Apartment",Central Ward,700
17112,21702984,Beckenham retreat-no cleaning fee,Cashmere Ward,698
11223,5738538,Akaroa Coastal Studio,Banks Peninsula Ward,697
5516,18466951,"HOME AWAY FROM HOME
ARENA#STADIUM#TRANZALPINE#CITY",Spreydon Ward,696
557,40449246,Harbour Escape - tiny home in Lyttelton,Banks Peninsula Ward,695
21694,18466951,"HOME AWAY FROM HOME
ARENA#STADIUM#TRANZALPINE#CITY",Spreydon Ward,691
16814,5738538,Akaroa Coastal Studio,Banks Peninsula Ward,687
22673,18466951,"HOME AWAY FROM HOME
ARENA#STADIUM#TRANZALPINE#CITY",Spreydon Ward,685
13878,40449246,Harbour Escape - tiny home in Lyttelton,Banks Peninsula Ward,685
28689,21702984,Beckenham retreat-no cleaning fee,Cashmere Ward,684
16461,33340980,'Little Two' - Luxury Studio by Airport,Harewood Ward,682
28783,5738538,Akaroa Coastal Studio,Banks Peninsula Ward,681
196,18466951,"HOME AWAY FROM HOME
ARENA#STADIUM#TRANZALPINE#CITY",Spreydon Ward,678
10025,40449246,Harbour Escape - tiny home in Lyttelton,Banks Peninsula Ward,675
5482,17190653,Single accommodation with own bathroom/ breakfast,Innes Ward,673
20886,17190653,Single accommodation with own bathroom/ breakfast,Innes Ward,672
25920,33340980,'Little Two' - Luxury Studio by Airport,Harewood Ward,672
9015,21702984,Beckenham retreat-no cleaning fee,Cashmere Ward,670
14010,18466951,"HOME AWAY FROM HOME
ARENA#STADIUM#TRANZALPINE#CITY",Spreydon Ward,668
8587,5738538,Akaroa Coastal Studio,Banks Peninsula Ward,667
13433,42685131,Hot Tub Under the City Lights,Central Ward,667
22649,17190653,Single accommodation with own bathroom/ breakfast,Innes Ward,666
19043,40449246,Harbour Escape - tiny home in Lyttelton,Banks Peninsula Ward,665
12050,18466951,"HOME AWAY FROM HOME
ARENA#STADIUM#TRANZALPINE#CITY",Spreydon Ward,664
172,17190653,Single accommodation with own bathroom/ breakfast,Innes Ward,662
4805,17415321,"Stylish, Comfortable Clock Tower View Apartment",Central Ward,661
21907,17415321,"Stylish, Comfortable Clock Tower View Apartment",Central Ward,659
10921,42685131,Hot Tub Under the City Lights,Central Ward,659
8856,33340980,'Little Two' - Luxury Studio by Airport,Harewood Ward,658
19097,42685131,Hot Tub Under the City Lights,Central Ward,654
5281,11529335,Merivale Self-contained Studio,Fendalton Ward,651
13652,17190653,Single accommodation with own bathroom/ breakfast,Innes Ward,650
22655,17415321,"Stylish, Comfortable Clock Tower View Apartment",Central Ward,650
17614,18466951,"HOME AWAY FROM HOME
ARENA#STADIUM#TRANZALPINE#CITY",Spreydon Ward,649
26533,40449246,Harbour Escape - tiny home in Lyttelton,Banks Peninsula Ward,649
3673,40014649,"Number One Archdalls,
Robinsons Bay",Banks Peninsula Ward,647
28386,42685131,Hot Tub Under the City Lights,Central Ward,644
19799,11529335,Merivale Self-contained Studio,Fendalton Ward,644
27379,18466951,"HOME AWAY FROM HOME
ARENA#STADIUM#TRANZALPINE#CITY",Spreydon Ward,644
11275,17190653,Single accommodation with own bathroom/ breakfast,Innes Ward,643
178,17415321,"Stylish, Comfortable Clock Tower View Apartment",Central Ward,643
19649,40014649,"Number One Archdalls,
Robinsons Bay",Banks Peninsula Ward,642
8223,18466951,"HOME AWAY FROM HOME
ARENA#STADIUM#TRANZALPINE#CITY",Spreydon Ward,639
87,11529335,Merivale Self-contained Studio,Fendalton Ward,637
22562,11529335,Merivale Self-contained Studio,Fendalton Ward,637
15897,17415321,"Stylish, Comfortable Clock Tower View Apartment",Central Ward,636
8667,40449246,Harbour Escape - tiny home in Lyttelton,Banks Peninsula Ward,635
8716,42685131,Hot Tub Under the City Lights,Central Ward,635
14016,11529335,Merivale Self-contained Studio,Fendalton Ward,634
23011,40014649,"Number One Archdalls,
Robinsons Bay",Banks Peninsula Ward,634
10313,11529335,Merivale Self-contained Studio,Fendalton Ward,634
16920,17190653,Single accommodation with own bathroom/ breakfast,Innes Ward,630
20829,17905806,"Airport apartment spacious, warm, families welcome",Harewood Ward,628
190,17905806,"Airport apartment spacious, warm, families welcome",Harewood Ward,628
4863,17905806,"Airport apartment spacious, warm, families welcome",Harewood Ward,628
22667,17905806,"Airport apartment spacious, warm, families welcome",Harewood Ward,628
535,40014649,"Number One Archdalls,
Robinsons Bay",Banks Peninsula Ward,628
14017,17905806,"Airport apartment spacious, warm, families welcome",Harewood Ward,628
5554,10342831,"Self-Contained Studio 
| 10 min to City + Parking",Cashmere Ward,627
17383,11529335,Merivale Self-contained Studio,Fendalton Ward,627
12315,17415321,"Stylish, Comfortable Clock Tower View Apartment",Central Ward,626
20703,10342831,"Self-Contained Studio 
| 10 min to City + Parking",Cashmere Ward,626
25917,17905806,"Airport apartment spacious, warm, families welcome",Harewood Ward,625
13605,40014649,"Number One Archdalls,
Robinsons Bay",Banks Peninsula Ward,623
25797,17190653,Single accommodation with own bathroom/ breakfast,Innes Ward,622
9053,17190653,Single accommodation with own bathroom/ breakfast,Innes Ward,618
22553,10342831,"Self-Contained Studio 
| 10 min to City + Parking",Cashmere Ward,618
8615,17905806,"Airport apartment spacious, warm, families welcome",Harewood Ward,617
18291,17415321,"Stylish, Comfortable Clock Tower View Apartment",Central Ward,615
10070,40014649,"Number One Archdalls,
Robinsons Bay",Banks Peninsula Ward,613
78,10342831,"Self-Contained Studio 
| 10 min to City + Parking",Cashmere Ward,610
27081,11529335,Merivale Self-contained Studio,Fendalton Ward,609
27783,17415321,"Stylish, Comfortable Clock Tower View Apartment",Central Ward,608
16896,40014649,"Number One Archdalls,
Robinsons Bay",Banks Peninsula Ward,607
15231,10342831,"Self-Contained Studio 
| 10 min to City + Parking",Cashmere Ward,606
11145,10342831,"Self-Contained Studio 
| 10 min to City + Parking",Cashmere Ward,602
4681,52371093,Akaroa Coastal Cottage,Banks Peninsula Ward,601
8219,17415321,"Stylish, Comfortable Clock Tower View Apartment",Central Ward,600
26683,40014649,"Number One Archdalls,
Robinsons Bay",Banks Peninsula Ward,598
8288,11529335,Merivale Self-contained Studio,Fendalton Ward,598
10197,42075120,Comfortable 2BR w/ Hot Tub | Close to Airport,Waimairi Ward,597
13887,42075120,Comfortable 2BR w/ Hot Tub | Close to Airport,Waimairi Ward,597
17434,42075120,Comfortable 2BR w/ Hot Tub | Close to Airport,Waimairi Ward,597
580,42075120,Comfortable 2BR w/ Hot Tub | Close to Airport,Waimairi Ward,597
26771,42075120,Comfortable 2BR w/ Hot Tub | Close to Airport,Waimairi Ward,596
5456,17628262,Double room with en suite and breakfast,Innes Ward,596
17596,10342831,"Private, Self Contained & close to City",Cashmere Ward,595
6241,46926200,"Homey Townhouse in Central City, CBD Place",Central Ward,594
19212,17628262,Double room with en suite and breakfast,Innes Ward,594
21243,52371093,Akaroa Coastal Cottage,Banks Peninsula Ward,592
6963,42075120,Comfortable 2BR w/ Hot Tub | Close to Airport,Waimairi Ward,590
20144,46926200,"Homey Townhouse in Central City, CBD Place",Central Ward,590
8379,40014649,"Number One Archdalls,
Robinsons Bay",Banks Peninsula Ward,589
5858,48596199,Private modern residence in central location,Riccarton Ward,588
22662,17628262,Double room with en suite and breakfast,Innes Ward,587
23253,52371093,Akaroa Coastal Cottage,Banks Peninsula Ward,585
23156,46926200,"Homey Townhouse in Central City, CBD Place",Central Ward,583
28665,10342831,"Private, Self Contained & close to City",Cashmere Ward,583
19274,48596199,Private modern residence in central location,Riccarton Ward,583
5892,44417961,Modern 2BR City Townhouse w/ Spa & Parking,Innes Ward,583
5296,17560120,The Gatehouse at Greystones,Hornby Ward,578
682,46926200,"Homey Townhouse in Central City, CBD Place",Central Ward,578
14024,14765456,Little Melrose Cottage,Fendalton Ward,578
4719,46301262,Brand-new Inner-city Apartment!,Central Ward,577
19184,44417961,Modern 2BR City Townhouse w/ Spa & Parking,Innes Ward,577
21565,17560120,The Gatehouse at Greystones,Hornby Ward,577
9429,10342831,"Private, Self Contained & close to City",Cashmere Ward,576
185,17628262,Double room with en suite and breakfast,Innes Ward,576
4933,18659644,Banks Peninsula Cottage-Paradise near Christchurch,Banks Peninsula Ward,575
3876,22656416,RELAX IN THE POOL - STAYING IN CBD BY CATHEDRAL,Central Ward,575
23195,48596199,Private modern residence in central location,Riccarton Ward,574
20567,46301262,Brand-new Inner-city Apartment!,Central Ward,574
21188,18659644,Banks Peninsula Cottage-Paradise near Christchurch,Banks Peninsula Ward,574
22659,17560120,The Gatehouse at Greystones,Hornby Ward,574
779,52371093,Akaroa Coastal Cottage,Banks Peninsula Ward,574
22679,18659644,Banks Peninsula Cottage-Paradise near Christchurch,Banks Peninsula Ward,573
20479,22656416,RELAX IN THE POOL - STAYING IN CBD BY CATHEDRAL,Central Ward,572
22741,22656416,RELAX IN THE POOL - STAYING IN CBD BY CATHEDRAL,Central Ward,570
202,18659644,Banks Peninsula Cottage-Paradise near Christchurch,Banks Peninsula Ward,569
13747,18659644,Banks Peninsula Cottage-Paradise near Christchurch,Banks Peninsula Ward,567
721,48596199,Private modern residence in central location,Riccarton Ward,566
23107,44417961,Modern 2BR City Townhouse w/ Spa & Parking,Innes Ward,566
15499,46926200,"Homey Townhouse in Central City, CBD Place",Central Ward,566
23137,46301262,Brand-new Inner-city Apartment!,Central Ward,565
267,22656416,RELAX IN THE POOL - STAYING IN CBD BY CATHEDRAL,Central Ward,565
5403,52830397,Close to airport getaway,Harewood Ward,564
3304,23149005,Bottle Lake En-suite. Warm/Private/ 12pm checkout!,Coastal Ward,564
182,17560120,The Gatehouse at Greystones,Hornby Ward,563
11660,18659644,Banks Peninsula Cottage-Paradise near Christchurch,Banks Peninsula Ward,563
5584,21631465,Discover Port Hills with this Beauty + Breakfast!,Heathcote Ward,562
21036,21631465,Discover Port Hills with this Beauty + Breakfast!,Heathcote Ward,561
11835,14765456,Little Melrose Cottage,Fendalton Ward,561
633,44417961,Modern 2BR City Townhouse w/ Spa & Parking,Innes Ward,561
19157,52830397,Close to airport getaway,Harewood Ward,560
5240,39697895,Akaroa harbour view studio: stylish light & clean,Banks Peninsula Ward,560
14439,52371093,Akaroa Coastal Cottage,Banks Peninsula Ward,560
17289,18659644,Banks Peninsula Cottage-Paradise near Christchurch,Banks Peninsula Ward,559
19841,23149005,Bottle Lake En-suite. Great wifi 12pm checkout!!,Coastal Ward,558
21244,39697895,Akaroa harbourview studio: SEE NOTE/landscape work,Banks Peninsula Ward,557
10968,46926200,"Homey Townhouse in Central City, CBD Place",Central Ward,557
22712,21631465,Discover Port Hills with this Beauty + Breakfast!,Heathcote Ward,557
12862,17628262,Double room with en suite and breakfast,Innes Ward,557
26384,18659644,Banks Peninsula Cottage-Paradise near Christchurch,Banks Peninsula Ward,557
8006,18659644,Banks Peninsula Cottage-Paradise near Christchurch,Banks Peninsula Ward,555
663,46301262,Brand-new Inner-city Apartment!,Central Ward,555
15823,22656416,RELAX IN THE POOL - STAYING IN CBD BY CATHEDRAL,Central Ward,554
5899,17331633,"""Different, better; place to be to make the scene",Innes Ward,553
19181,17331633,"""Different, better; place to be to make the scene",Innes Ward,552
14045,44417961,Modern 2BR City Townhouse w/ Spa & Parking,Innes Ward,551
22998,39697895,Akaroa harbourview studio: SEE NOTE/landscape work,Banks Peninsula Ward,551
11118,22656416,RELAX IN THE POOL - STAYING IN CBD BY CATHEDRAL,Central Ward,551
6204,17129214,Cosy Townhouse in the heart of Christchurch,Central Ward,551
13005,17560120,The Gatehouse at Greystones,Hornby Ward,551
236,21631465,Discover Port Hills with this Beauty + Breakfast!,Heathcote Ward,550
14957,48596199,Private modern residence in central location,Riccarton Ward,550
22653,17331633,"""Different, better; place to be to make the scene",Innes Ward,550
20224,17129214,Cosy Townhouse in the heart of Christchurch,Central Ward,550
23263,52830397,Close to airport getaway,Harewood Ward,550
522,39697895,Akaroa harbourview studio: SEE NOTE/landscape work,Banks Peninsula Ward,550
11592,52371093,Akaroa Coastal Cottage,Banks Peninsula Ward,550
176,17331633,"""Different, better; place to be to make the scene",Innes Ward,548
5186,28162459,"Garden View Apartment, private and sunny.",Harewood Ward,548
15489,46301262,Brand-new Inner-city Apartment!,Central Ward,548
22750,23149005,Bottle Lake En-suite. Great wifi 12pm checkout!!,Coastal Ward,547
9761,17628262,Double room with en suite and breakfast,Innes Ward,547
19141,28162459,"Garden View Apartment, private and sunny.",Harewood Ward,546
3570,40041040,Hidden Gem of Christchurch - Sleeps 12,Halswell Ward,546
18432,22656416,RELAX IN THE POOL - STAYING IN CBD BY CATHEDRAL,Central Ward,546
18146,46926200,"Homey Townhouse in Central City, CBD Place",Central Ward,546
9773,44417961,Modern 2BR City Townhouse w/ Spa & Parking,Innes Ward,545
4642,735192520611509658,Relax & Escape | Incredible Views & Outdoor Bath,Banks Peninsula Ward,545
28056,46926200,"Homey Townhouse in Central City, CBD Place",Central Ward,545
11952,17560120,The Gatehouse at Greystones,Hornby Ward,545
14483,17331633,"""Different, better; place to be to make the scene",Innes Ward,544
17627,14765456,Little Melrose Cottage,Fendalton Ward,544
22647,17129214,Cosy Townhouse in the heart of Christchurch,Central Ward,544
22823,28162459,"Garden View Apartment, private and sunny.",Harewood Ward,543
789,52830397,Close to airport getaway,Harewood Ward,542
19959,40041040,Hidden Gem of Christchurch - Sleeps 12,Halswell Ward,542
28072,22656416,RELAX IN THE POOL - STAYING IN CBD BY CATHEDRAL,Central Ward,542
13704,21631465,Discover Port Hills with this Beauty + Breakfast!,Heathcote Ward,542
16218,17628262,Double room with en suite and breakfast,Innes Ward,541
276,23149005,Bottle Lake En-suite. Great wifi 12pm checkout!!,Coastal Ward,540
170,17129214,Cosy Townhouse in the heart of Christchurch,Central Ward,540
7637,22656416,RELAX IN THE POOL - STAYING IN CBD BY CATHEDRAL,Central Ward,540
9760,17331633,"""Different, better; place to be to make the scene",Innes Ward,540
9869,48596199,Private modern residence in central location,Riccarton Ward,539
23014,40041040,Hidden Gem of Christchurch - Sleeps 13,Halswell Ward,539
16895,52371093,Akaroa Coastal Cottage,Banks Peninsula Ward,539
19491,15100620,The Red Bus,Banks Peninsula Ward,538
132,15100620,The Red Bus,Banks Peninsula Ward,538
22608,15100620,The Red Bus,Banks Peninsula Ward,538
4535,15100620,The Red Bus,Banks Peninsula Ward,538
10702,46301262,Brand-new Inner-city Apartment!,Central Ward,538
6544,40707974,Luxe Living in Christchurch CBD ** Free Parking!,Central Ward,537
3435,784860907340643953,Parkside Retreat/5mins to airport/Self-Checkin,Waimairi Ward,537
538,40041040,Hidden Gem of Christchurch - Sleeps 13,Halswell Ward,537
16284,15100620,The Red Bus,Banks Peninsula Ward,537
14686,15100620,The Red Bus,Banks Peninsula Ward,537
12779,39697895,Akaroa harbourview studio: SEE NOTE/landscape work,Banks Peninsula Ward,537
8019,15100620,The Red Bus,Banks Peninsula Ward,537
26724,15100620,The Red Bus,Banks Peninsula Ward,537
8369,46926200,"Homey Townhouse in Central City, CBD Place",Central Ward,536
19534,735192520611509658,Relax & Escape | Incredible Views & Outdoor Bath,Banks Peninsula Ward,536
349,28162459,"Garden View Apartment, private and sunny.",Harewood Ward,535
23490,784860907340643953,Parkside Retreat/5mins to airport/Self-Checkin,Waimairi Ward,535
19685,784860907340643953,Parkside Retreat/5mins to airport/Self-Checkin,Waimairi Ward,535
20485,40707974,Luxe Living in Christchurch CBD ** Free Parking!,Central Ward,533
5270,5752166,Chic Private Studio 6mins from Airport & shops/bus,Harewood Ward,533
16582,44417961,Modern 2BR City Townhouse w/ Spa & Parking,Innes Ward,533
19161,5752166,Chic Private Studio 6mins from Airport & shops/bus,Harewood Ward,532
11539,39697895,Akaroa harbourview studio: SEE NOTE/landscape work,Banks Peninsula Ward,532
16243,17331633,"""Different, better; place to be to make the scene",Innes Ward,532
22517,5752166,Chic Private Studio 6mins from Airport & shops/bus,Harewood Ward,531
13342,17129214,Cosy Townhouse in the heart of Christchurch,Central Ward,531
11444,21631465,Discover Port Hills with this Beauty + Breakfast!,Heathcote Ward,531
25798,17628262,Double room with en suite and breakfast,Innes Ward,530
14110,40041040,Hidden Gem of Christchurch - Sleeps 13,Halswell Ward,530
13883,23149005,Bottle Lake En-suite. Great wifi 12pm checkout!!,Coastal Ward,530
25796,17331633,"""Different, better; place to be to make the scene",Innes Ward,530
26738,52371093,Akaroa Coastal Cottage,Banks Peninsula Ward,529
16908,17560120,The Gatehouse at Greystones,Hornby Ward,529
41,5752166,Chic Private Studio 6mins from Airport & shops/bus,Harewood Ward,529
27105,14765456,Little Melrose Cottage,Fendalton Ward,528
3906,24018800,"Quiet Cul-de-Sac, Airport 3km, Transfers Avail.",Waimairi Ward,528
7504,17331633,"""the place to be"",  safe and quiet, central.",Innes Ward,527
10699,17129214,Cosy Townhouse in the heart of Christchurch,Central Ward,527
23035,40707974,Luxe Living in Christchurch CBD ** Free Parking!,Central Ward,526
18193,46301262,Brand-new Inner-city Apartment!,Central Ward,526
17060,21631465,Discover Port Hills with this Beauty + Breakfast!,Heathcote Ward,526
10496,40041040,Hidden Gem of Christchurch - Sleeps 13,Halswell Ward,525
13239,5752166,Chic Private Studio 6mins from Airport & shops/bus,Harewood Ward,525
14976,52830397,Close to airport getaway,Harewood Ward,525
18122,48596199,Private modern residence in central location,Riccarton Ward,524
16226,39697895,Akaroa harbourview studio: SEE NOTE/landscape work,Banks Peninsula Ward,524
9737,5752166,Chic Private Studio 6mins from Airport & shops/bus,Harewood Ward,524
8550,17628262,Double room with en suite and breakfast,Innes Ward,524
25870,44417961,Modern 2BR City Townhouse w/ Spa & Parking,Innes Ward,524
27217,17560120,The Gatehouse at Greystones,Hornby Ward,523
26333,21631465,Discover Port Hills with this Beauty + Breakfast!,Heathcote Ward,523
23428,735192520611509658,Relax & Escape | Incredible Views & Outdoor Bath,Banks Peninsula Ward,522
17502,5752166,Chic Private Studio 6mins from Airport & shops/bus,Harewood Ward,522
4916,34004247,Charming Seaside Villa in the Heart of Wainui,Banks Peninsula Ward,522
7942,52371093,Akaroa Coastal Cottage,Banks Peninsula Ward,522
25758,5752166,Chic Private Studio 6mins from Airport & shops/bus,Harewood Ward,522
9732,52830397,Close to airport getaway,Harewood Ward,521
10422,23149005,Bottle Lake En-suite. Great wifi 12pm checkout!!,Coastal Ward,521
16706,17129214,Cosy Townhouse in the heart of Christchurch,Central Ward,521
21318,24018800,"Quiet Cul-de-Sac, Airport 3km, Transfers Avail.",Waimairi Ward,520
6777,21631465,Discover Port Hills with this Beauty + Breakfast!,Heathcote Ward,520
9128,14765456,Little Melrose Cottage,Fendalton Ward,519
16589,40041040,Hidden Gem of Christchurch - Sleeps 13,Halswell Ward,519
1021,784860907340643953,Parkside Retreat/5mins to airport/Self-Checkin,Waimairi Ward,519
14885,28162459,"Garden View Apartment, private and sunny.",Harewood Ward,518
22830,28474210,The BEST view at special summer rates,Banks Peninsula Ward,516
19636,28474210,"Akaroa Harbour Views | Deck, Cosy Fireplace",Banks Peninsula Ward,516
5202,28474210,"Akaroa Harbour Views | Deck, Cosy Fireplace",Banks Peninsula Ward,516
21209,34004247,Charming Seaside Villa in the Heart of Wainui,Banks Peninsula Ward,516
356,28474210,The BEST view at special summer rates,Banks Peninsula Ward,516
28153,46301262,Brand-new Inner-city Apartment!,Central Ward,516
8717,17560120,The Gatehouse at Greystones,Hornby Ward,516
7868,5752166,Chic Private Studio 6mins from Airport & shops/bus,Harewood Ward,515
27443,40041040,Hidden Gem of Christchurch - Sleeps 13,Halswell Ward,515
26595,39697895,Akaroa harbourview studio: SEE NOTE/landscape work,Banks Peninsula Ward,515
10069,28474210,The BEST view at special summer rates,Banks Peninsula Ward,514
3629,12231418,Cosy stand-alone studio - breakfast included,Heathcote Ward,514
9114,44417961,Modern 2BR City Townhouse w/ Spa & Parking,Innes Ward,514
15902,28474210,The BEST view at special summer rates,Banks Peninsula Ward,514
16942,28474210,The BEST view at special winter rates,Banks Peninsula Ward,513
27835,17129214,Cosy Townhouse in the heart of Christchurch,Central Ward,513
26376,28474210,The BEST view at special winter rates,Banks Peninsula Ward,513
26092,48596199,Private modern residence in central location,Riccarton Ward,513
559,40707974,Luxe Living in Christchurch CBD ** Free Parking!,Central Ward,512
16530,52830397,Close to airport getaway,Harewood Ward,512
16361,23149005,Bottle Lake En-suite. Great wifi 12pm checkout!!,Coastal Ward,512
8293,28474210,The BEST view at special winter rates,Banks Peninsula Ward,512
959,735192520611509658,Relax & Escape | Incredible Views & Outdoor Bath,Banks Peninsula Ward,512
8286,40041040,Hidden Gem of Christchurch - Sleeps 13,Halswell Ward,512
9728,28162459,"Garden View Apartment, private and sunny.",Harewood Ward,510
4383,51015911,Cosy home in Arena stadium with secure car park,Spreydon Ward,510
19361,12231418,Cosy stand-alone studio - breakfast included,Heathcote Ward,509
8359,46301262,Brand-new Inner-city Apartment!,Central Ward,509
7083,17129214,Cosy Townhouse in the heart of Christchurch,Central Ward,508
27120,23149005,Bottle Lake En-suite. Great wifi 12pm checkout!!,Coastal Ward,508
22767,24018800,"Quiet Cul-de-Sac, Airport 3km, Transfers Avail.",Waimairi Ward,507
22906,34004247,Charming Seaside Villa in the Heart of Wainui,Banks Peninsula Ward,507
20014,51015911,Cosy home in Arena stadium with secure car park,Spreydon Ward,507
25918,52830397,Close to airport getaway,Harewood Ward,505
13437,48696667,🌟Central City Paradise ❣️,Central Ward,505
7568,39697895,Akaroa harbourview studio: SEE NOTE/landscape work,Banks Peninsula Ward,504
14681,784860907340643953,Parkside Retreat/5mins to airport/Self-Checkin,Waimairi Ward,502
12272,48696667,🌟Central City Paradise ❣️,Central Ward,501
14334,40707974,Luxe Living in Christchurch CBD ** Free Parking!,Central Ward,501
7999,23149005,Bottle Lake En-suite. Great wifi 12pm checkout!!,Coastal Ward,501
22573,12231418,Cosy stand-alone studio - breakfast included,Heathcote Ward,501
5709,51125428,Stones Throw From the CBD + Hot Tub,Spreydon Ward,500
432,34004247,Charming Seaside Villa in the Heart of Wainui,Banks Peninsula Ward,500
8231,52830397,Close to airport getaway,Harewood Ward,500
23229,51015911,Cosy home in Arena stadium with secure car park,Spreydon Ward,499
10826,40707974,Luxe Living in Christchurch CBD ** Free Parking!,Central Ward,499
8252,48596199,Private modern residence in central location,Riccarton Ward,498
98,12231418,Cosy stand-alone studio - breakfast included,Heathcote Ward,497
17630,28162459,"Garden View Apartment, private and sunny.",Harewood Ward,496
13020,735192520611509658,Relax & Escape | Incredible Views & Outdoor Bath,Banks Peninsula Ward,495
16687,40707974,Luxe Living in Christchurch CBD ** Free Parking!,Central Ward,494
20005,51125428,Stones Throw From the Stadium & Hot Tub,Spreydon Ward,494
3490,27821323,Walk along the Beach from a Cosy Studio in Sumner,Heathcote Ward,494
6232,21315101,"Comfortable, Contemporary City Space",Central Ward,494
20267,21315101,"Comfortable, Contemporary City Space",Central Ward,493
21078,27821323,Walk along the Beach from a Cosy Studio in Sumner,Heathcote Ward,492
18248,48696667,🌟Central City Paradise ❣️,Central Ward,492
18420,23002338,"SUPER QUIET CBD APT POOL,GYM, CARPARK BY CATHEDRAL",Central Ward,491
293,24018800,"Quiet Cul-de-Sac, Airport 3km, Transfers Avail.",Waimairi Ward,491
755,51015911,Cosy home in Arena stadium with secure car park,Spreydon Ward,491
14454,34004247,Charming Seaside Villa in the Heart of Wainui,Banks Peninsula Ward,490
23231,51125428,Stones Throw From the Stadium & Hot Tub,Spreydon Ward,490
3785,43690597,New stylish apartment in the heart of CBD,Central Ward,490
15226,12231418,Cosy stand-alone studio - breakfast included,Heathcote Ward,490
22709,21315101,"Comfortable, Contemporary City Space",Central Ward,488
20648,43690597,New stylish apartment in the heart of CBD,Central Ward,488
10037,735192520611509658,Relax & Escape | Incredible Views & Outdoor Bath,Banks Peninsula Ward,487
4362,25789624,Warm room in modern home,Burwood Ward,485
10215,784860907340643953,Parkside Retreat/5mins to airport/Self-Checkin,Waimairi Ward,485
28015,23002338,"SUPER QUIET CBD APT POOL,GYM, CARPARK BY CATHEDRAL",Central Ward,485
4220,25925037,City Warm Suite (Free Breakfast) *Free cleaning*,Fendalton Ward,484
27936,40707974,Luxe Living in Christchurch CBD ** Free Parking!,Central Ward,484
22816,27821323,Walk along the Beach from a Cosy Studio in Sumner,Heathcote Ward,484
21484,25789624,Warm room in modern home,Burwood Ward,484
11651,34004247,Charming Seaside Villa in the Heart of Wainui,Banks Peninsula Ward,483
28055,48696667,🌟Central City Paradise ❣️,Central Ward,483
23095,43690597,New stylish apartment in the heart of CBD,Central Ward,483
25786,28162459,"Garden View Apartment, private and sunny.",Harewood Ward,483
9934,12231418,Cosy stand-alone studio - breakfast included,Heathcote Ward,483
17642,25925037,City Warm Suite (Free Breakfast) *Free cleaning*,Fendalton Ward,482
757,51125428,Stones Throw From the Stadium & Hot Tub,Spreydon Ward,482
233,21315101,"Comfortable, Contemporary City Space",Central Ward,481
22794,25789624,Warm room in modern home,Burwood Ward,481
8813,23002338,"SUPER QUIET CBD APT POOL,GYM, CARPARK BY CATHEDRAL",Central Ward,481
343,27821323,Walk along the Beach from a Cosy Studio in Sumner,Heathcote Ward,481
5472,11535067,Delightful Sleep-out in Bryndwr,Fendalton Ward,481
15062,51015911,Cosy home in Arena stadium with secure car park,Spreydon Ward,480
19742,11535067,Delightful Sleep-out in Bryndwr,Fendalton Ward,479
13811,27821323,Walk along the Beach from a Cosy Studio in Sumner,Heathcote Ward,479
27160,25925037,City Warm Suite (Free Breakfast) *Free cleaning*,Fendalton Ward,478
321,25789624,Warm room in modern home,Burwood Ward,478
621,43690597,New stylish apartment in the heart of CBD,Central Ward,478
18075,12231418,Cosy stand-alone studio - breakfast included,Heathcote Ward,477
12816,51125428,Stones Throw From the Stadium & Hot Tub,Spreydon Ward,477
7403,25925037,City Warm Suite (Free Breakfast) *Free cleaning*,Fendalton Ward,477
8068,48696667,🌟Central City Paradise ❣️,Central Ward,477
11479,27821323,Walk along the Beach from a Cosy Studio in Sumner,Heathcote Ward,477
7938,40707974,Luxe Living in Christchurch CBD ** Free Parking!,Central Ward,477
16872,34004247,Charming Seaside Villa in the Heart of Wainui,Banks Peninsula Ward,476
22563,11535067,Delightful Sleep-out in Bryndwr,Fendalton Ward,476
4304,46786855,Park view on Hagley Park,Central Ward,475
7896,28162459,"Garden View Apartment, private and sunny.",Harewood Ward,475
18918,39274870,Private Room with ensuite close to Airport/CBD,Fendalton Ward,474
15275,21315101,"Comfortable, Contemporary City Space",Central Ward,474
3900,39274870,Private Room with ensuite close to Airport/CBD,Fendalton Ward,474
21319,29660940,Teeming House/Family Home near Airport,Waimairi Ward,474
3466,29660940,Teeming House/Family Home near Airport,Waimairi Ward,474
22846,29660940,Family Home near Airport | Spacious & Parking,Waimairi Ward,473
11057,21315101,"Comfortable, Contemporary City Space",Central Ward,473
26995,39274870,Private Room with ensuite close to Airport/CBD,Fendalton Ward,473
26246,12231418,Cosy stand-alone studio - breakfast included,Heathcote Ward,473
14384,43690597,New stylish apartment in the heart of CBD,Central Ward,473
88,11535067,Delightful Sleep-out in Bryndwr,Fendalton Ward,473
10544,51015911,Cosy home in Arena stadium with secure car park,Spreydon Ward,472
16984,27821323,Walk along the Beach from a Cosy Studio in Sumner,Heathcote Ward,472
10529,51125428,Stones Throw From the Stadium & Hot Tub,Spreydon Ward,471
7802,39274870,Private Room with ensuite close to Airport/CBD,Fendalton Ward,470
26205,27821323,Walk along the Beach from a Cosy Studio in Sumner,Heathcote Ward,470
6443,51004982,Lovely 1 bedroom service apartment -best view,Central Ward,469
20132,46786855,Park view on Hagley Park,Central Ward,469
9416,12231418,Cosy stand-alone studio - breakfast included,Heathcote Ward,468
13203,11535067,Delightful Sleep-out in Bryndwr,Fendalton Ward,468
26741,34004247,Charming Seaside Villa in the Heart of Wainui,Banks Peninsula Ward,467
20657,51004982,Lovely 1 bedroom service apartment -best view,Central Ward,467
16267,735192520611509658,Relax & Escape | Incredible Views & Outdoor Bath,Banks Peninsula Ward,467
373,29660940,Teeming House/Warm/Cosy/CloseAirport/Cafeteria/Gym,Waimairi Ward,467
15534,24018800,"Quiet Cul-de-Sac, Airport 3km, Transfers Avail.",Waimairi Ward,466
13689,25789624,Warm room in modern home,Burwood Ward,466
10795,43690597,New stylish apartment in the heart of CBD,Central Ward,466
10355,11535067,Delightful Sleep-out in Bryndwr,Fendalton Ward,464
3660,27318691,Daisy Hill Cottage - Enjoy the outdoor Hot Tub!!,Banks Peninsula Ward,464
3633,39840259,Easy Christchurch Central Townhouse,Spreydon Ward,463
18161,21315101,"Comfortable, Contemporary City Space",Central Ward,463
4178,22691445,Latimer Square City Apartment,Central Ward,463
8342,27821323,Walk along the Beach from a Cosy Studio in Sumner,Heathcote Ward,462
13906,29660940,Teeming House/Warm/Cosy/CloseAirport/Cafeteria/Gym,Waimairi Ward,462
18258,40491071,Riverside Studio -  Christchurch City Centre,Central Ward,462
23228,51004982,Lovely 1 bedroom service apartment -best view,Central Ward,462
8445,34004247,Charming Seaside Villa in the Heart of Wainui,Banks Peninsula Ward,462
22348,22691445,Latimer Square City Apartment,Central Ward,462
16702,43690597,New stylish apartment in the heart of CBD,Central Ward,461
23152,46786855,Park view on Hagley Park,Central Ward,461
269,22691445,Latimer Square City Apartment,Central Ward,460
22743,22691445,Latimer Square City Apartment,Central Ward,460
17717,51125428,Stones Throw From the Stadium & Hot Tub,Spreydon Ward,460
5033,2009003,Luxury Cass Bay Retreat (B),Banks Peninsula Ward,459
20320,10282667,Brickledown Cottage in Central location......,Central Ward,459
11885,25789624,Warm room in modern home,Burwood Ward,459
17213,784860907340643953,Parkside Retreat/5mins to airport/Self-Checkin,Waimairi Ward,459
3693,10282667,Brickledown Cottage in Central location......,Central Ward,459
19582,27318691,Daisy Hill Cottage - Enjoy the outdoor Hot Tub!!,Banks Peninsula Ward,459
17629,51015911,Cosy home in Arena stadium with secure car park,Spreydon Ward,458
5546,553056370657590460,Copper Beech Cottage,Heathcote Ward,458
21720,21097347,What you are Really Looking for!,Spreydon Ward,458
11725,29660940,Teeming House/Warm/Cosy/CloseAirport/Cafeteria/Gym,Waimairi Ward,458
5405,21097347,What you are Really Looking for!,Spreydon Ward,458
27282,51125428,Stones Throw From the Stadium & Hot Tub,Spreydon Ward,457
19537,2009003,Luxury Cass Bay Retreat (B),Banks Peninsula Ward,457
14387,22691445,Latimer Square City Apartment,Central Ward,457
4200,18899315,CBD Loft Style Apartment with Free Valet Parking,Central Ward,457
5285,2238148,"Private, Cosy Self Contained. Long Stay's Welcome",Papanui Ward,456
754,51004982,Lovely 1 bedroom service apartment -best view,Central Ward,456
26570,735192520611509658,Relax & Escape | Incredible Views & Outdoor Bath,Banks Peninsula Ward,456
12584,14279108,City Center. 6th floor. Spacious apartment,Central Ward,456
12357,22691445,Latimer Square City Apartment,Central Ward,456
28237,40491071,Riverside Studio -  Christchurch City Centre,Central Ward,456
18374,22691445,Latimer Square City Apartment,Central Ward,455
17429,29660940,Teeming House/Warm/Cosy/CloseAirport/Cafeteria/Gym,Waimairi Ward,455
22807,27318691,Daisy Hill Cottage - Enjoy the outdoor Hot Tub!!,Banks Peninsula Ward,455
22550,10282667,Brickledown Cottage in Central location......,Central Ward,455
22702,21097347,What you are Really Looking for!,Spreydon Ward,455
19040,25789624,Warm room in modern home,Burwood Ward,455
20623,18899315,CBD Loft Style Apartment with Free Valet Parking,Central Ward,455
22684,18899315,CBD Loft Style Apartment with Free Valet Parking,Central Ward,455
20001,39840259,Easy Christchurch Central Townhouse,Spreydon Ward,454
27765,22691445,Latimer Square City Apartment,Central Ward,454
27833,21315101,"Comfortable, Contemporary City Space",Central Ward,454
7975,25789624,Warm room in modern home,Burwood Ward,454
678,46786855,Park view on Hagley Park,Central Ward,454
18402,14279108,City Center. 6th floor. Spacious apartment,Central Ward,454
27193,25789624,Warm room in modern home,Burwood Ward,454
226,21097347,What you are Really Looking for!,Spreydon Ward,454
27768,43690597,New stylish apartment in the heart of CBD,Central Ward,454
22485,2009003,Luxury Cass Bay Retreat (B),Banks Peninsula Ward,454
9197,22691445,Latimer Square City Apartment,Central Ward,453
15046,21097347,What you're REALLY looking for!,Spreydon Ward,453
9299,21315101,"Comfortable, Contemporary City Space",Central Ward,453
16505,11535067,Delightful Sleep-out in Bryndwr,Fendalton Ward,451
334,27318691,Daisy Hill Cottage - Enjoy the outdoor Hot Tub!!,Banks Peninsula Ward,451
5020,14635112,"Stand alone, ensuite - The Pool House",Linwood Ward,450
12086,21097347,What you're REALLY looking for!,Spreydon Ward,450
75,10282667,Brickledown Cottage in Central location......,Central Ward,450
207,18899315,CBD Loft Style Apartment with Free Valet Parking,Central Ward,450
27284,51015911,Cosy home in Arena stadium with secure car park,Spreydon Ward,450
22459,14635112,"Stand alone, ensuite - The Pool House",Linwood Ward,449
21032,553056370657590460,Copper Beech Cottage,Heathcote Ward,449
10,2009003,Luxury Cass Bay Retreat (B),Banks Peninsula Ward,448
7856,40491071,Riverside Studio -  Christchurch City Centre,Central Ward,448
22603,14635112,"Stand alone, ensuite - The Pool House",Linwood Ward,448
11714,24018800,"Quiet Cul-de-Sac, Airport 3km, Transfers Avail.",Waimairi Ward,448
21375,2238148,"Private, Cosy Self Contained. Long Stay's Welcome",Papanui Ward,448
28311,14279108,City Center. 6th floor. Spacious apartment,Central Ward,447
26795,29660940,Teeming House/Warm/Cosy/CloseAirport/Cafeteria/Gym,Waimairi Ward,447
8662,43690597,New stylish apartment in the heart of CBD,Central Ward,447
14005,46786855,Park view on Hagley Park,Central Ward,446
17826,21097347,What you're REALLY looking for!,Spreydon Ward,446
8073,51125428,Stones Throw From the Stadium & Hot Tub,Spreydon Ward,446
127,14635112,"Stand alone, ensuite - The Pool House",Linwood Ward,446
23001,39840259,Easy Christchurch Central Townhouse,Spreydon Ward,445
5371,32504694,Warm & Cosy Airport Apartment - Self Check-In,Waimairi Ward,445
8850,14279108,City Center. 6th floor. Spacious apartment,Central Ward,445
15652,51004982,Lovely 1 bedroom service apartment -best view,Central Ward,445
12978,27318691,Daisy Hill Cottage - Enjoy the outdoor Hot Tub!!,Banks Peninsula Ward,445
8734,735192520611509658,Relax & Escape | Incredible Views & Outdoor Bath,Banks Peninsula Ward,445
14291,10282667,Brickledown Cottage in Central location......,Central Ward,444
15750,18899315,CBD Loft Style Apartment with Free Valet Parking,Central Ward,444
27276,21097347,What you're REALLY looking for!,Spreydon Ward,444
11061,18899315,CBD Loft Style Apartment with Free Valet Parking,Central Ward,443
5559,29014525,Roker Street Retreat,Cashmere Ward,443
8222,51015911,Cosy home in Arena stadium with secure car park,Spreydon Ward,443
13089,2009003,Luxury Cass Bay Retreat (B),Banks Peninsula Ward,443
22486,2238148,"Private, Cosy Self Contained. Long Stay's Welcome",Papanui Ward,443
6957,29660940,Teeming House/Warm/Cosy/CloseAirport/Cafeteria/Gym,Waimairi Ward,442
10854,46786855,Park view on Hagley Park,Central Ward,442
11098,51004982,Lovely 1 bedroom service apartment -best view,Central Ward,441
5350,21731055,Rustic Cabin,Banks Peninsula Ward,441
525,39840259,Easy Christchurch Central Townhouse,Spreydon Ward,441
23308,553056370657590460,Copper Beech Cottage,Heathcote Ward,441
9346,21097347,What you're REALLY looking for!,Spreydon Ward,441
19677,32504694,Private Apartment Close to Christchurch Airport,Waimairi Ward,441
19567,21731055,Rustic Cabin,Banks Peninsula Ward,441
10117,27318691,Daisy Hill Cottage - Enjoy the outdoor Hot Tub!!,Banks Peninsula Ward,441
14750,14635112,"Stand alone, ensuite - The Pool House",Linwood Ward,439
10042,2009003,Luxury Cass Bay Retreat (B),Banks Peninsula Ward,439
26773,784860907340643953,Parkside Retreat/5mins to airport/Self-Checkin,Waimairi Ward,439
22890,32504694,Private Apartment Close to Christchurch Airport,Waimairi Ward,438
22717,21731055,Rustic Cabin,Banks Peninsula Ward,438
27071,11535067,Delightful Sleep-out in Bryndwr,Fendalton Ward,438
12703,14635112,"Stand alone, ensuite - The Pool House",Linwood Ward,438
22380,29014525,Roker Street Retreat,Cashmere Ward,438
10799,10282667,Brickledown Cottage in Central location......,Central Ward,437
242,21731055,Rustic Cabin,Banks Peninsula Ward,436
11,2238148,"Private, Cosy Self Contained. Long Stay's Welcome",Papanui Ward,436
5845,28210667,Stylish private townhouse. Free parking for 2 cars,Central Ward,435
17576,46786855,Park view on Hagley Park,Central Ward,435
16229,27318691,Daisy Hill Cottage - Enjoy the outdoor Hot Tub!!,Banks Peninsula Ward,434
5716,31712205,Cozy claw foot bath hideaway 5 min from CBD,Linwood Ward,434
22437,31712205,Cozy claw foot bath hideaway 5 min from CBD,Linwood Ward,433
18442,51004982,Lovely 1 bedroom service apartment -best view,Central Ward,432
417,32504694,Private Apartment Close to Christchurch Airport,Waimairi Ward,432
14443,21731055,Rustic Cabin,Banks Peninsula Ward,432
18353,18899315,CBD Loft Style Apartment with Free Valet Parking,Central Ward,432
7538,11535067,Delightful Sleep-out in Bryndwr,Fendalton Ward,432
26749,27318691,Daisy Hill Cottage - Enjoy the outdoor Hot Tub!!,Banks Peninsula Ward,431
832,553056370657590460,Copper Beech Cottage,Heathcote Ward,430
22837,29014525,Roker Street Retreat,Cashmere Ward,430
10137,21731055,Rustic Cabin,Banks Peninsula Ward,429
17402,14635112,"Stand alone, ensuite - The Pool House",Linwood Ward,429
12749,39840259,Easy Christchurch Central Townhouse,Spreydon Ward,428
17284,2009003,Luxury Cass Bay Retreat (B),Banks Peninsula Ward,428
8460,27318691,Daisy Hill Cottage - Enjoy the outdoor Hot Tub!!,Banks Peninsula Ward,428
28064,18899315,CBD Loft Style Apartment with Free Valet Parking,Central Ward,428
28207,46786855,Park view on Hagley Park,Central Ward,427
22883,31712205,Cozy claw foot bath hideaway 5 min from CBD,Linwood Ward,426
16135,10282667,Brickledown Cottage in Central location......,Central Ward,426
6214,10528665,Rose Cottage. Central City. Free Parking.,Central Ward,426
28450,51004982,Lovely 1 bedroom service apartment -best view,Central Ward,425
3888,51393507,Little paradise in City Centre,Central Ward,425
14933,2238148,"Private, Cosy Self Contained. Long Stay's Welcome",Papanui Ward,425
17105,24018800,"Quiet Cul-de-Sac, Airport 3km, Transfers Avail.",Waimairi Ward,425
20131,28210667,Stylish private townhouse. Free parking for 2 cars,Central Ward,425
26543,2009003,Luxury Cass Bay Retreat (B),Banks Peninsula Ward,424
5227,41113877,Tranquil hideaway,Banks Peninsula Ward,423
20127,10528665,Rose Cottage. Central City. Free Parking.,Central Ward,423
16869,21731055,Rustic Cabin,Banks Peninsula Ward,423
7672,18899315,CBD Loft Style Apartment with Free Valet Parking,Central Ward,422
14722,32504694,Private Apartment Close to Christchurch Airport,Waimairi Ward,422
6226,43654392,CBD 5 pax | Walk Te Pae & Stadium + Parking,Central Ward,422
19475,41113877,Tranquil hideaway,Banks Peninsula Ward,422
28748,14635112,"Stand alone, ensuite - The Pool House",Linwood Ward,422
410,31712205,Cozy claw foot bath hideaway 5 min from CBD,Linwood Ward,421
7499,14635112,"Stand alone, ensuite - The Pool House",Linwood Ward,420
22141,51393507,Little paradise in City Centre,Central Ward,420
8763,784860907340643953,Parkside Retreat/5mins to airport/Self-Checkin,Waimairi Ward,419
11773,2238148,"Private, Cosy Self Contained. Long Stay's Welcome",Papanui Ward,419
7602,2009003,Luxury Cass Bay Retreat (B),Banks Peninsula Ward,419
8798,51004982,Lovely 1 bedroom service apartment -best view,Central Ward,419
364,29014525,Roker Street Retreat,Cashmere Ward,418
27632,10282667,Brickledown Cottage in Central location......,Central Ward,418
22554,10528665,Rose Cottage. Central City.,Central Ward,418
10517,39840259,Easy Christchurch Central Townhouse,Spreydon Ward,418
8218,46786855,Park view on Hagley Park,Central Ward,418
26434,21731055,Rustic Cabin,Banks Peninsula Ward,418
22824,28210667,Stylish private townhouse. Free parking for 2 cars,Central Ward,417
20116,43654392,CBD 5 pax | Walk Te Pae & Stadium + Parking,Central Ward,417
10218,32504694,Private Apartment Close to Christchurch Airport,Waimairi Ward,417
15235,553056370657590460,Copper Beech Cottage,Heathcote Ward,417
23039,41113877,Tranquil hideaway,Banks Peninsula Ward,416
6296,27201423,AMAZING HISTORIC CBD APT - CATHEDRAL & TRAM VIEWS,Central Ward,416
6237,634110355656239813,High Roller Luxury Casino Suite,Central Ward,415
26753,24018800,"Quiet Cul-de-Sac, Airport 3km, Transfers Avail.",Waimairi Ward,415
17439,2238148,"Private, Cosy Self Contained. Long Stay's Welcome",Papanui Ward,414
8401,21731055,Rustic Cabin,Banks Peninsula Ward,414
23243,51393507,Little paradise in City Centre,Central Ward,414
13341,31712205,Cozy claw foot bath hideaway 5 min from CBD,Linwood Ward,414
9552,10282667,Brickledown Cottage in Central location......,Central Ward,413
563,41113877,Tranquil hideaway,Banks Peninsula Ward,412
20511,27201423,AMAZING HISTORIC CBD APT - CATHEDRAL & TRAM VIEWS,Central Ward,412
21981,634110355656239813,High Roller Luxury Casino Suite,Central Ward,412
79,10528665,Rose Cottage. Central City.,Central Ward,411
3348,5936861,Your own Eco friendly bedroom + lounge unit,Banks Peninsula Ward,411
11518,553056370657590460,Copper Beech Cottage,Heathcote Ward,411
23091,43654392,2 Bdrm - Sleep 5 in Central City - Secure Parking,Central Ward,410
350,28210667,Stylish private townhouse. Free parking for 2 cars,Central Ward,410
769,51393507,Little paradise in City Centre,Central Ward,410
3451,29661406,Secret Garden/Spacious Home near Airport,Waimairi Ward,409
617,43654392,2 Bdrm - Sleep 5 in Central City - Secure Parking,Central Ward,409
21247,16932670,Romantic Shepherds Hut at Coombe Farm B&B,Banks Peninsula Ward,408
5212,16932670,Romantic Shepherds Hut at Coombe Farm B&B,Banks Peninsula Ward,408
12715,31712205,Cozy claw foot bath hideaway 5 min from CBD,Linwood Ward,407
21348,29661406,Secret Garden/Spacious Home near Airport,Waimairi Ward,407
19578,5936861,Your own Eco friendly bedroom + lounge unit,Banks Peninsula Ward,406
26955,2238148,"Private, Cosy Self Contained. Long Stay's Welcome",Papanui Ward,406
22847,29661406,Spacious Home near Airport | Garden & Parking,Waimairi Ward,406
23349,634110355656239813,High Roller Luxury Casino Suite,Central Ward,406
22201,53665943,💫 Sleep Amongst the Clouds - Panoramic Views ☁️💤,Central Ward,406
15850,10528665,Rose Cottage. Central City.,Central Ward,405
22644,16932670,Romantic Shepherds Hut at Coombe Farm B&B,Banks Peninsula Ward,405
3659,574265726236174386,Waterfront 2-bedroom apartment with car park,Banks Peninsula Ward,405
20483,36609045,Parisian Chic,Central Ward,404
19046,39840259,Easy Christchurch Central Townhouse,Spreydon Ward,403
15512,43654392,2 Bdrm - Sleep 5 in Central City - Secure Parking,Central Ward,403
12962,41113877,Tranquil hideaway,Banks Peninsula Ward,403
15186,29014525,Roker Street Retreat,Cashmere Ward,403
22519,5936861,Your own Eco friendly bedroom + lounge unit,Banks Peninsula Ward,403
17411,32504694,Private Apartment Close to Christchurch Airport,Waimairi Ward,403
19459,574265726236174386,Waterfront 2-bedroom apartment with car park,Banks Peninsula Ward,402
22804,27201423,AMAZING HISTORIC CBD APT - CATHEDRAL & TRAM VIEWS,Central Ward,402
10737,10528665,Rose Cottage. Central City.,Central Ward,401
5401,27111058,Kiwi as Bro! Little Sweety!,Spreydon Ward,401
15802,51393507,Little paradise in City Centre,Central Ward,401
10738,43654392,2 Bdrm - Sleep 5 in Central City - Secure Parking,Central Ward,401
14103,28210667,Stylish private townhouse. Free parking for 2 cars,Central Ward,401
374,29661406,Secret Garden/ Warm/Cozy/Airport/Private,Waimairi Ward,401
43,5936861,Your own Eco friendly bedroom + lounge unit,Banks Peninsula Ward,400
4729,634098944161725542,Central Stay – Sleeps 5 | Walk to Te Pae & Casino,Central Ward,399
21722,27111058,Kiwi as Bro! Little Sweety!,Spreydon Ward,399
22936,36609045,Parisian Chic,Central Ward,399
13903,29661406,Secret Garden/ Warm/Cozy/Airport/Private,Waimairi Ward,399
874,634110355656239813,High Roller Luxury Casino Suite,Central Ward,399
12305,51393507,Little paradise in City Centre,Central Ward,398
5251,3363429,A Perfect Stay - Last Minute Specials 3br & Garage,Riccarton Ward,398
7588,24018800,"Quiet Cul-de-Sac, Airport 3km, Transfers Avail.",Waimairi Ward,398
7915,2238148,"Private, Cosy Self Contained. Long Stay's Welcome",Papanui Ward,398
6462,39993113,Near New Charming Central Apartment,Central Ward,398
168,16932670,Romantic Shepherds Hut at Coombe Farm B&B,Banks Peninsula Ward,398
23315,574265726236174386,Waterfront 2-bedroom apartment with car park,Banks Peninsula Ward,397
23291,53665943,💫 Sleep Amongst the Clouds - Panoramic Views ☁️💤,Central Ward,397
10874,28210667,Stylish private townhouse. Free parking for 2 cars,Central Ward,397
5336,14702230,SiloStay - one of it's kind in the world,Banks Peninsula Ward,397
18251,43654392,2 Bdrm - Sleep 5 in Central City - Secure Parking,Central Ward,397
10079,41113877,Tranquil hideaway,Banks Peninsula Ward,397
331,27201423,AMAZING HISTORIC CBD APT - CATHEDRAL & TRAM VIEWS,Central Ward,396
27372,39840259,Easy Christchurch Central Townhouse,Spreydon Ward,396
19559,14702230,SiloStay - one of it's kind in the world,Banks Peninsula Ward,396
20936,3363429,A Perfect Stay - Last Minute Specials: 3br& Garage,Riccarton Ward,396
3549,612700216261116966,Peaceful City Cottage & Hot Tub,Central Ward,395
12671,29014525,Roker Street Retreat,Cashmere Ward,395
16619,31712205,Cozy claw foot bath hideaway 5 min from CBD,Linwood Ward,395
463,36609045,Parisian Chic,Central Ward,395
13127,5936861,Your own Eco friendly bedroom + lounge unit,Banks Peninsula Ward,395
11746,29661406,Secret Garden/ Warm/Cozy/Airport/Private,Waimairi Ward,394
839,574265726236174386,Waterfront 2-bedroom apartment with car park,Banks Peninsula Ward,393
3779,34342858,"Art, Espresso & Events – Live Like a Local in Chch",Central Ward,393
22604,14702230,SiloStay - one of it's kind in the world,Banks Peninsula Ward,393
12811,634110355656239813,High Roller Luxury Casino Suite,Central Ward,392
14448,16932670,Romantic Shepherds Hut at Coombe Farm B&B,Banks Peninsula Ward,392
20051,612700216261116966,Peaceful City Cottage & Hot Tub,Central Ward,392
17597,553056370657590460,Copper Beech Cottage,Heathcote Ward,392
128,14702230,SiloStay - one of it's kind in the world,Banks Peninsula Ward,392
16043,10528665,Rose Cottage. Central City.,Central Ward,392
26846,32504694,Private Apartment Close to Christchurch Airport,Waimairi Ward,392
22803,27111058,Kiwi as Bro! Little Sweety!,Spreydon Ward,392
7490,39840259,Easy Christchurch Central Townhouse,Spreydon Ward,391
21764,634098944161725542,Central Stay – Sleeps 5 | Walk to Te Pae & Casino,Central Ward,391
14440,574265726236174386,Waterfront 2-bedroom apartment with car park,Banks Peninsula Ward,391
330,27111058,Kiwi as Bro! Little Sweety!,Spreydon Ward,391
28018,43654392,2 Bdrm - Sleep 5 in Central City - Secure Parking,Central Ward,391
22492,3363429,A Perfect Stay - Last Minute Specials:3br & Garage,Riccarton Ward,391
10072,5936861,Your own Eco friendly bedroom + lounge unit,Banks Peninsula Ward,391
816,53665943,💫 Sleep Amongst the Clouds - Panoramic Views ☁️💤,Central Ward,391
20554,34342858,"Art, Espresso & Events – Live Like a Local in Chch",Central Ward,390
21776,39993113,Near New Charming Central Apartment,Central Ward,389
10093,574265726236174386,Waterfront 2-bedroom apartment with car park,Banks Peninsula Ward,389
14298,36609045,Parisian Chic,Central Ward,388
16807,41113877,Tranquil hideaway,Banks Peninsula Ward,388
13167,27111058,Kiwi as Bro! Little Sweety.,Spreydon Ward,388
14626,14702230,SiloStay - one of it's kind in the world,Banks Peninsula Ward,388
18152,51393507,Little paradise in City Centre,Central Ward,388
11563,16932670,Romantic Shepherds Hut at Coombe Farm B&B,Banks Peninsula Ward,387
15505,53665943,💫 Sleep Amongst the Clouds - Panoramic Views ☁️💤,Central Ward,387
28069,10528665,Rose Cottage. Central City.,Central Ward,387
20409,48188105,Simply The Best CBD 3 Mins Plus Garage,Central Ward,387
3809,48188105,Simply The Best CBD 3 Mins Plus Garage,Central Ward,387
10184,14702230,SiloStay - one of it's kind in the world,Banks Peninsula Ward,387
17061,5936861,Your own Eco friendly bedroom + lounge unit,Banks Peninsula Ward,387
7932,43654392,2 Bdrm - Sleep 5 in Central City - Secure Parking,Central Ward,387
16468,29661406,Secret Garden/ Warm/Cozy/Airport/Private,Waimairi Ward,387
8131,32504694,Private Apartment Close to Christchurch Airport,Waimairi Ward,386
12054,27111058,Kiwi as Bro! Little Sweety.,Spreydon Ward,386
6221,609503996966601810,Cozy Central City Getaway,Central Ward,386
17759,28210667,Stylish private townhouse. Free parking for 2 cars,Central Ward,386
10974,36609045,Parisian Chic,Central Ward,386
26576,5936861,Your own Eco friendly bedroom + lounge unit,Banks Peninsula Ward,385
23338,612700216261116966,Peaceful City Cottage & Hot Tub,Central Ward,385
28754,31712205,Cozy claw foot bath hideaway 5 min from CBD,Linwood Ward,385
23348,634098944161725542,Central Stay – Sleeps 5 | Walk to Te Pae & Casino,Central Ward,384
17,3363429,A Perfect Stay - Last Minute Specials: 3br+Garage,Riccarton Ward,384
26609,41113877,Tranquil hideaway,Banks Peninsula Ward,384
12351,634110355656239813,High Roller Luxury Casino Suite,Central Ward,384
4170,40355440,Fabulous townhouse  in Christchurch centre,Central Ward,384
18682,27111058,Kiwi as Bro! Little Sweety.,Spreydon Ward,384
15545,27201423,AMAZING HISTORIC CBD APT - CATHEDRAL & TRAM VIEWS,Central Ward,384
23008,39993113,Near New Charming Central Apartment,Central Ward,383
4775,42690376,Cozy 1BR Apartment with Hagley Park View,Central Ward,383
12319,53665943,💫 Sleep Amongst the Clouds - Panoramic Views ☁️💤,Central Ward,383
16950,574265726236174386,Waterfront 2-bedroom apartment with car park,Banks Peninsula Ward,383
18775,36609045,Parisian Chic,Central Ward,382
16080,29014525,Roker Street Retreat,Cashmere Ward,382
27354,27111058,Kiwi as Bro! Little Sweety.,Spreydon Ward,382
23066,42690376,Cozy 1BR Apartment with Hagley Park View,Central Ward,381
8646,5936861,Your own Eco friendly bedroom + lounge unit,Banks Peninsula Ward,381
8658,10528665,Rose Cottage. Central City.,Central Ward,381
26774,29661406,Secret Garden/ Warm/Cozy/Airport/Private,Waimairi Ward,381
20437,40355440,Fabulous townhouse  in Christchurch centre,Central Ward,381
23191,48188105,Simply The Best CBD 3 Mins Plus Garage,Central Ward,381
22911,34342858,"Art, Espresso & Events – Live Like a Local in Chch",Central Ward,381
21817,42690376,Cozy 1BR Apartment with Hagley Park View,Central Ward,381
17371,14702230,SiloStay - one of it's kind in the world,Banks Peninsula Ward,381
8394,41113877,Tranquil hideaway,Banks Peninsula Ward,380
17496,22636858,Airport Express Cosy Studio 3 min drive to Airport,Waimairi Ward,380
22740,22636858,Airport Express Cosy Studio 3 min drive to Airport,Waimairi Ward,380
28147,51393507,Little paradise in City Centre,Central Ward,380
8311,22636858,Airport Express Cosy Studio 3 min drive to Airport,Waimairi Ward,380
592,42690376,Cozy 1BR Apartment with Hagley Park View,Central Ward,380
13136,22636858,Airport Express Cosy Studio 3 min drive to Airport,Waimairi Ward,380
10201,22636858,Airport Express Cosy Studio 3 min drive to Airport,Waimairi Ward,380
3907,22636858,Airport Express Cosy Studio 3 min drive to Airport,Waimairi Ward,380
26762,22636858,Airport Express Cosy Studio 3 min drive to Airport,Waimairi Ward,380
26740,574265726236174386,Waterfront 2-bedroom apartment with car park,Banks Peninsula Ward,380
18694,634110355656239813,High Roller Luxury Casino Suite & Hot Tub,Central Ward,380
16349,16932670,Romantic Shepherds Hut at Coombe Farm B&B,Banks Peninsula Ward,380
21897,609503996966601810,Cozy Central City Getaway,Central Ward,380
266,22636858,Airport Express Cosy Studio 3 min drive to Airport,Waimairi Ward,380
19659,22636858,Airport Express Cosy Studio 3 min drive to Airport,Waimairi Ward,380
717,48188105,Simply The Best CBD 3 Mins Plus Garage,Central Ward,379
8307,27111058,Kiwi as Bro! Little Sweety.,Spreydon Ward,379
6929,29661406,Secret Garden/ Warm/Cozy/Airport/Private,Waimairi Ward,379
27821,36609045,Parisian Chic,Central Ward,379
28182,28210667,Stylish private townhouse. Free parking for 2 cars,Central Ward,379
15655,48188105,Simply The Best CBD 3 Mins Plus Garage,Central Ward,378
26512,14702230,SiloStay - one of it's kind in the world,Banks Peninsula Ward,378
13228,3363429,A Perfect Stay - Last Minute Specials:3br+Parking,Riccarton Ward,378
26297,553056370657590460,Copper Beech Cottage,Heathcote Ward,378
863,612700216261116966,Peaceful City Cottage & Hot Tub,Central Ward,378
8953,36609045,Parisian Chic,Central Ward,377
21225,22973894,Quiet unit by the hill & the bay. (Sorry no Shops),Banks Peninsula Ward,377
23030,40355440,Fabulous townhouse  in Christchurch centre,Central Ward,377
5149,22973894,Quiet unit by the hill & the bay. (Sorry no Shops),Banks Peninsula Ward,377
8109,574265726236174386,Waterfront 2-bedroom apartment with car park,Banks Peninsula Ward,376
9538,31712205,Cozy claw foot bath hideaway 5 min from CBD,Linwood Ward,376
22747,22973894,Quiet unit by the hill & the bay. (Sorry no Shops),Banks Peninsula Ward,376
273,22973894,Quiet unit by the hill & the bay. (Sorry no Shops),Banks Peninsula Ward,376
873,634098944161725542,Central Stay – Sleeps 5 | Walk to Te Pae & Casino,Central Ward,375
10756,48188105,Simply The Best CBD 3 Mins Plus Garage,Central Ward,375
23334,609503996966601810,Cozy Central City Getaway,Central Ward,375
18199,53665943,💫 Sleep Amongst the Clouds - Panoramic Views ☁️💤,Central Ward,375
532,39993113,Near New Charming Central Apartment,Central Ward,375
21104,26233936,Panoramic Views & Total Privacy. Romantic getaway.,Heathcote Ward,374
9438,40003212,1 bedroom apartment - Best central city location,Central Ward,374
4992,26233936,Panoramic Views & Total Privacy. Romantic getaway.,Heathcote Ward,374
554,40355440,Fabulous townhouse  in Christchurch centre,Central Ward,374
14036,42690376,Cozy 1BR Apartment with Hagley Park View,Central Ward,374
15490,39993113,Near New Charming Central Apartment,Central Ward,374
18383,48188105,Simply The Best CBD 3 Mins Plus Garage,Central Ward,373
7680,28210667,Stylish private townhouse. Free parking for 2 cars,Central Ward,373
22795,26233936,Panoramic Views & Total Privacy. Romantic getaway.,Heathcote Ward,373
11385,3363429,A Perfect Stay - Last Minute Specials:3br+Garage,Riccarton Ward,373
28216,634110355656239813,High Roller Luxury Casino Suite & Hot Tub,Central Ward,373
437,34342858,"Art, Espresso & Events – Live Like a Local in Chch",Central Ward,373
6510,903303360921664579,"Prime stadium location - City, balcony park views!",Central Ward,372
18062,27201423,AMAZING HISTORIC CBD APT - CATHEDRAL & TRAM VIEWS,Central Ward,372
19391,22413337,6min to city centre | Cosy & Quiet Vintage Retreat,Heathcote Ward,372
4538,22413337,6min to city centre | Cosy & Quiet Vintage Retreat,Heathcote Ward,372
322,26233936,Panoramic Views & Total Privacy. Romantic getaway.,Heathcote Ward,372
28432,48188105,Simply The Best CBD 3 Mins Plus Garage,Central Ward,372
22731,22413337,6min to city centre | Cosy & Quiet Vintage Retreat,Heathcote Ward,372
9016,51393507,Little paradise in City Centre,Central Ward,372
7217,14702230,SiloStay - one of it's kind in the world,Banks Peninsula Ward,371
7476,48188105,Simply The Best CBD 3 Mins Plus Garage,Central Ward,371
7408,553056370657590460,Copper Beech Cottage,Heathcote Ward,371
18551,22973894,Quiet unit by the hill & the bay. (Sorry no Shops),Banks Peninsula Ward,370
3686,13927470,"Rossall BnB- self contained, bkfast, 2k city. Bus",Fendalton Ward,370
14056,612700216261116966,Peaceful City Cottage & Hot Tub,Central Ward,370
12392,42690376,Cozy 1BR Apartment with Hagley Park View,Central Ward,369
28651,29014525,Roker Street Retreat,Cashmere Ward,369
26742,16932670,Romantic Shepherds Hut at Coombe Farm B&B,Banks Peninsula Ward,369
14305,634098944161725542,Central Stay – Sleeps 5 | Walk to Te Pae & Casino,Central Ward,369
15689,40355440,Fabulous townhouse  in Christchurch centre,Central Ward,368
12275,39993113,Near New Charming Central Apartment,Central Ward,368
19775,13927470,"Rossall BnB-Self cont. unit, bkfast, 2k city, keys",Fendalton Ward,368
15473,34342858,"Art, Espresso & Events – Live Like a Local in Chch",Central Ward,367
10747,40355440,Fabulous townhouse  in Christchurch centre,Central Ward,367
859,609503996966601810,Cozy Central City Getaway,Central Ward,367
28304,53665943,💫 Sleep Amongst the Clouds - Panoramic Views ☁️💤,Central Ward,367
16596,3363429,A Perfect Stay - Last Minute Specials: 3br+Parking,Riccarton Ward,367
22111,903303360921664579,"Prime stadium location - City, balcony park views!",Central Ward,367
28084,27201423,AMAZING HISTORIC CBD APT - CATHEDRAL & TRAM VIEWS,Central Ward,366
7846,634110355656239813,High Roller Luxury Casino Suite & Hot Tub,Central Ward,365
257,22413337,6min to city centre | Cosy & Quiet Vintage Retreat,Heathcote Ward,365
7268,29014525,Roker Street Retreat,Cashmere Ward,365
12564,634098944161725542,Central Stay – Sleeps 5 | Walk to Te Pae & Casino,Central Ward,365
10637,34342858,"Art, Espresso & Events – Live Like a Local in Chch",Central Ward,365
9466,16932670,Romantic Shepherds Hut at Coombe Farm B&B,Banks Peninsula Ward,364
4081,53245815,Contemporary Central City Apartment,Central Ward,364
10853,612700216261116966,Peaceful City Cottage & Hot Tub,Central Ward,364
22591,13927470,"Rossall BnB-Self cont. unit, bkfast, 2k city, keys",Fendalton Ward,363
18516,40355440,Fabulous townhouse  in Christchurch centre,Central Ward,363
26679,22973894,Quiet unit by the hill & the bay. (Sorry no Shops),Banks Peninsula Ward,363
14659,26233936,Panoramic Views & Total Privacy. Romantic getaway.,Heathcote Ward,363
6031,18293759,"City Paradise  
CabbageTree Retreat",Central Ward,362
20307,53245815,Contemporary Central City Apartment,Central Ward,362
22088,18293759,"City Paradise  
CabbageTree Retreat",Central Ward,362
7596,22973894,Quiet unit by the hill & the bay. (Sorry no Shops),Banks Peninsula Ward,361
8051,27201423,AMAZING HISTORIC CBD APT - CATHEDRAL & TRAM VIEWS,Central Ward,361
28124,40355440,Fabulous townhouse  in Christchurch centre,Central Ward,361
11476,26233936,Panoramic Views & Total Privacy. Romantic getaway.,Heathcote Ward,360
22670,18293759,"City Paradise  
CabbageTree Retreat",Central Ward,360
15423,609503996966601810,Luxury Central City Getaway,Central Ward,360
26008,3363429,A Perfect Stay - Last Minute Specials: 3br+Parking,Riccarton Ward,360
6370,46265578,"Sky Window Studio, City Center NO CLEANING FEE !!",Central Ward,359
22087,46265578,"Sky Window Studio, City Center NO CLEANING FEE !!",Central Ward,359
23279,53245815,Contemporary Central City Apartment,Central Ward,359
659,46265578,"Sky Window Studio, City Center NO CLEANING FEE !!",Central Ward,359
23133,46265578,"Sky Window Studio, City Center NO CLEANING FEE !!",Central Ward,359
19095,34342858,"Art, Espresso & Events – Live Like a Local in Chch",Central Ward,358
16637,42690376,Cozy 1BR Apartment with Hagley Park View,Central Ward,358
115,13927470,"Rossall BnB-Self cont. unit, bkfast, 2k city, keys",Fendalton Ward,358
23672,903303360921664579,Stylish & Cosy + Full Kitchen Garage Washer/Dryer,Central Ward,358
13434,46265578,"Sky Window Studio, City Center NO CLEANING FEE !!",Central Ward,358
5244,34067826,2 bedroom self contained unit,Banks Peninsula Ward,357
7761,40355440,Fabulous townhouse  in Christchurch centre,Central Ward,357
8518,53665943,💫 Sleep Amongst the Clouds - Panoramic Views ☁️💤,Central Ward,357
16137,634098944161725542,Central Stay – Sleeps 5 | Walk to Te Pae & Casino,Central Ward,357
17029,26233936,Panoramic Views & Total Privacy. Romantic getaway.,Heathcote Ward,356
12533,609503996966601810,Luxury Central City Getaway,Central Ward,356
18335,39993113,Near New Charming Central Apartment,Central Ward,356
15493,7878124,Entwhistle Cottage  - central city,Central Ward,355
12103,7878124,Entwhistle Cottage  - central city,Central Ward,355
52,7878124,Entwhistle Cottage  - central city,Central Ward,355
193,18293759,"City Paradise  
CabbageTree Retreat",Central Ward,355
27896,7878124,Entwhistle Cottage  - central city,Central Ward,355
21152,34067826,2 bedroom self contained unit,Banks Peninsula Ward,355
18541,7878124,Entwhistle Cottage  - central city,Central Ward,355
8158,7878124,Entwhistle Cottage  - central city,Central Ward,355
22528,7878124,Entwhistle Cottage  - central city,Central Ward,354
22143,7878124,Entwhistle Cottage  - central city,Central Ward,354
16575,612700216261116966,Peaceful City Cottage & Hot Tub,Central Ward,354
804,53245815,Contemporary Central City Apartment,Central Ward,354
22908,34067826,2 bedroom self contained unit,Banks Peninsula Ward,353
28200,42690376,Cozy 1BR Apartment with Hagley Park View,Central Ward,353
9144,3363429,A Perfect Stay - Last Minute Specials: 3br+Garage,Riccarton Ward,353
5451,20057526,Maison Rouge,Central Ward,353
20658,20057526,Maison Rouge,Central Ward,353
26136,26233936,Panoramic Views & Total Privacy. Romantic getaway.,Heathcote Ward,353
5143,558101365834713785,A Million City Views - Sleeps 10,Cashmere Ward,352
9617,46265578,"Sky Window Studio, City Center NO CLEANING FEE !!",Central Ward,352
27851,46265578,"Sky Window Studio, City Center NO CLEANING FEE !!",Central Ward,352
18495,46265578,"Sky Window Studio, City Center NO CLEANING FEE !!",Central Ward,352
28135,34342858,"Art, Espresso & Events – Live Like a Local in Chch",Central Ward,352
14270,22413337,6min to city centre | Cosy & Quiet Vintage Retreat,Heathcote Ward,351
22693,20057526,Maison Rouge,Central Ward,349
27667,634098944161725542,Central Stay – Sleeps 5 | Walk to Te Pae & Casino,Central Ward,349
8873,26233936,Panoramic Views & Total Privacy. Romantic getaway.,Heathcote Ward,349
6216,38079335,"Bright, cosy Central Location",Central Ward,348
14022,13927470,"Rossall BnB-Self cont. unit, bkfast, 2k city, keys",Fendalton Ward,348
6428,40262134,"Modern, spacious 2 bedroom apartment in CBD",Central Ward,348
28525,38358604,Fun and Relaxation The Perfect Mix,Cashmere Ward,348
18916,38358604,Fun and Relaxation The Perfect Mix,Cashmere Ward,348
8978,38358604,Fun and Relaxation The Perfect Mix,Cashmere Ward,348
4329,38358604,Fun and Relaxation The Perfect Mix,Cashmere Ward,348
9999,22413337,6min to city centre | Cosy & Quiet Vintage Retreat,Heathcote Ward,347
1201,903303360921664579,Stylish & Cosy + Full Kitchen Garage Washer/Dryer,Central Ward,347
22417,558101365834713785,A Million City Views - Sleeps 10,Cashmere Ward,347
6761,34342858,"Art, Espresso & Events – Live Like a Local in Chch",Central Ward,347
3948,704627124544150486,Family-Friendly 3BR | Games Room & Patio,Riccarton Ward,347
434,34067826,2 bedroom self contained unit,Banks Peninsula Ward,347
14278,53245815,Contemporary Central City Apartment,Central Ward,347
217,20057526,Maison Rouge,Central Ward,347
8306,42690376,Cozy 1BR Apartment with Hagley Park View,Central Ward,346
28342,612700216261116966,Peaceful City Cottage & Hot Tub,Central Ward,346
15569,18293759,"City Paradise  
CabbageTree Retreat",Central Ward,346
10865,20057526,Maison Rouge,Central Ward,345
16698,609503996966601810,Luxury Central City Getaway,Central Ward,345
14273,20057526,Maison Rouge,Central Ward,345
20403,40262134,"Modern, spacious 2 bedroom apartment in CBD",Central Ward,345
28087,39993113,Near New Charming Central Apartment,Central Ward,344
22253,38079335,"Bright, cosy Central Location",Central Ward,343
20989,704627124544150486,Family-Friendly 3BR | Games Room & Patio,Riccarton Ward,343
10898,53245815,Contemporary Central City Apartment,Central Ward,342
12214,18293759,"City Paradise  
CabbageTree Retreat",Central Ward,342
10326,13927470,"Rossall BnB-Self cont. unit, bkfast, 2k city, keys",Fendalton Ward,342
23310,558101365834713785,A Million City Views - Sleeps 10,Cashmere Ward,342
7477,21950707,Okereru - Relax & Recharge,Banks Peninsula Ward,341
23025,40262134,"Modern, spacious 2 bedroom apartment in CBD",Central Ward,341
13586,34067826,2 bedroom self contained unit,Banks Peninsula Ward,341
6453,46014929,Modern Stylish Townhouse in the Heart of Chch CBD,Central Ward,341
10057,21950707,Okereru - Relax & Recharge,Banks Peninsula Ward,341
19544,21950707,Okereru - Relax & Recharge,Banks Peninsula Ward,341
22724,21950707,Okereru - Relax & Recharge,Banks Peninsula Ward,341
14434,21950707,Okereru - Relax & Recharge,Banks Peninsula Ward,341
26750,21950707,Okereru - Relax & Recharge,Banks Peninsula Ward,341
17000,21950707,Okereru - Relax & Recharge,Banks Peninsula Ward,341
3291,21950707,Okereru - Relax & Recharge,Banks Peninsula Ward,341
249,21950707,Okereru - Relax & Recharge,Banks Peninsula Ward,341
5022,30420515,Te Ara Cottage Tranquil Retreat,Banks Peninsula Ward,340
9626,612700216261116966,Peaceful City Cottage & Hot Tub,Central Ward,340
22190,24587488,Luxury 4 bedroom house in central city 5 star,Central Ward,339
6457,748654842441848858,City Centre Apartment on Gloucester,Central Ward,339
4984,31659082,"Te Onepoto lodge Sumner, 151a TM road",Heathcote Ward,339
8330,634098944161725542,Central Stay – Sleeps 5 | Walk to Te Pae & Casino,Central Ward,339
16621,18293759,"City Paradise  
CabbageTree Retreat",Central Ward,339
16628,53245815,Contemporary Central City Apartment,Central Ward,339
22780,24587488,Luxury 4 bedroom house in central city 5 star,Central Ward,338
549,40262134,"Modern, spacious 2 bedroom apartment in CBD",Central Ward,338
12622,24587488,Luxury 4 bedroom house in central city 5 star,Central Ward,337
15971,22413337,6min to city centre | Cosy & Quiet Vintage Retreat,Heathcote Ward,337
14374,24587488,Luxury 4 bedroom house in central city 5 star,Central Ward,337
834,558101365834713785,A Million City Views - Sleeps 10,Cashmere Ward,337
307,24587488,Luxury 4 bedroom house in central city 5 star,Central Ward,337
22124,46014929,Modern Stylish Townhouse in the Heart of Chch CBD,Central Ward,337
19515,30420515,Te Ara Cottage Tranquil Retreat,Banks Peninsula Ward,337
4625,33232168,Eclectic Cottage 2 minutes to airport,Waimairi Ward,337
19680,33232168,Eclectic Cottage 2 minutes to airport,Waimairi Ward,336
17741,20057526,Maison Rouge,Central Ward,336
11599,34067826,2 bedroom self contained unit,Banks Peninsula Ward,336
19410,31659082,"Te Onepoto lodge Sumner, 151a TM road",Heathcote Ward,336
23406,704627124544150486,Family-Friendly 3BR | Games Room & Patio,Riccarton Ward,336
15801,903303360921664579,Stylish & Cosy + Full Kitchen Garage Washer/Dryer,Central Ward,336
6412,876612046022154745,Luxury Life Galore - Sleeps 4,Central Ward,335
16694,24587488,Luxury 4 bedroom house in central city 5 star,Central Ward,335
22956,38079335,"Bright, cosy Central Location",Central Ward,335
22131,748654842441848858,City Centre Apartment on Gloucester,Central Ward,334
28166,20057526,Maison Rouge,Central Ward,334
28380,18293759,"City Paradise  
CabbageTree Retreat",Central Ward,334
13427,40262134,"Modern, spacious 2 bedroom apartment in CBD",Central Ward,334
22881,31659082,"Te Onepoto lodge Sumner, 151a TM road",Heathcote Ward,334
28529,609503996966601810,Luxury Central City Getaway,Central Ward,333
27778,24587488,Luxury 4 bedroom house in central city 5 star,Central Ward,333
8958,24587488,Luxury 4 bedroom house in central city 5 star,Central Ward,332
22894,33232168,Eclectic Cottage 2 minutes to airport,Waimairi Ward,332
9031,39993113,Near New Charming Central Apartment,Central Ward,332
27711,53245815,Contemporary Central City Apartment,Central Ward,332
16480,13927470,"Rossall BnB-Self cont. unit, bkfast, 2k city, keys",Fendalton Ward,332
7907,18293759,"City Paradise  
CabbageTree Retreat",Central Ward,332
8275,20057526,Maison Rouge,Central Ward,332
11002,40262134,"Modern, spacious 2 bedroom apartment in CBD",Central Ward,332
482,38079335,"Bright, cosy Central Location",Central Ward,332
6281,49215811,"Serene Studio(No Window), No Cleaning Fee",Central Ward,331
22865,30420515,Te Ara Cottage Tranquil Retreat,Banks Peninsula Ward,331
23130,46014929,Modern Stylish Townhouse in the Heart of Chch CBD,Central Ward,331
20523,876612046022154745,Luxury Life Galore - Sleeps 4,Central Ward,330
12198,903303360921664579,Stylish & Cosy + Full Kitchen Garage Washer/Dryer,Central Ward,330
17089,34067826,2 bedroom self contained unit,Banks Peninsula Ward,330
14139,558101365834713785,A Million City Views - Sleeps 10,Cashmere Ward,330
23438,748654842441848858,City Centre Apartment on Gloucester,Central Ward,330
26288,22413337,6min to city centre | Cosy & Quiet Vintage Retreat,Heathcote Ward,329
933,704627124544150486,Family-Friendly 3BR | Games Room & Patio,Riccarton Ward,329
7310,22413337,6min to city centre | Cosy & Quiet Vintage Retreat,Heathcote Ward,329
408,31659082,"Te Onepoto lodge Sumner, 151a TM road",Heathcote Ward,328
12658,558101365834713785,A Million City Views - Sleeps 10,Cashmere Ward,328
26468,34067826,2 bedroom self contained unit,Banks Peninsula Ward,328
9460,53245815,Contemporary Central City Apartment,Central Ward,327
8542,34067826,2 bedroom self contained unit,Banks Peninsula Ward,326
392,30420515,Te Ara Cottage Tranquil Retreat,Banks Peninsula Ward,326
7578,609503996966601810,Luxury Central City Getaway,Central Ward,326
656,46014929,Modern Stylish Townhouse in the Heart of Chch CBD,Central Ward,326
18018,558101365834713785,A Million City Views - Sleeps 12,Cashmere Ward,325
420,33232168,Eclectic Cottage 2 minutes to airport,Waimairi Ward,325
970,748654842441848858,City Centre Apartment on Gloucester,Central Ward,325
5331,17817425,Rocky Peak Farmstay,Banks Peninsula Ward,325
14600,31659082,"Te Onepoto lodge Sumner, breakfast, spa, L8 chkout",Heathcote Ward,324
9959,31659082,"Te Onepoto lodge Sumner, breakfast, spa, L8 chkout",Heathcote Ward,324
22089,49215811,"Serene Studio(No Window), No Cleaning Fee",Central Ward,324
23628,876612046022154745,Luxury Life Galore - Sleeps 4,Central Ward,322
27079,13927470,"Rossall BnB-Self cont. unit, bkfast, 2k city, keys",Fendalton Ward,322
18208,40262134,"Modern, spacious 2 bedroom apartment in CBD",Central Ward,322
28731,558101365834713785,A Million City Views - Sleeps 12,Cashmere Ward,322
3814,50625936,Awesome new townhouse with KING Bed on Armagh,Central Ward,321
22147,50625936,Awesome new townhouse with KING Bed on Armagh,Central Ward,321
5712,10283682,Akaroa Cottage,Banks Peninsula Ward,321
15055,38079335,"Bright, cosy Central Location",Central Ward,320
19478,17817425,Rocky Peak Farmstay,Banks Peninsula Ward,320
13197,704627124544150486,Family-Friendly 3BR | Games Room & Patio,Riccarton Ward,320
6374,34798440,Christchurch Central Apartment,Central Ward,320
3851,45226251,Perfect getaway CHCH CBD tidy cozy townhouse,Central Ward,320
14690,30420515,Te Ara Cottage Tranquil Retreat,Banks Peninsula Ward,319
3533,10176247,Stylish 2 Bed Guest Wing near Airport inc Netflix,Fendalton Ward,319
5414,27686531,Fabulous Guest Wing near CBD & Airport inc Netflix,Fendalton Ward,319
23204,49215811,"Serene Studio(No Window), No Cleaning Fee",Central Ward,319
21283,10283682,Akaroa Cottage,Banks Peninsula Ward,319
28460,40262134,"Modern, spacious 2 bedroom apartment in CBD",Central Ward,319
21463,27686531,Fabulous Guest Wing near CBD & Airport inc Netflix,Fendalton Ward,318
22814,27686531,Fabulous Guest Wing near CBD & Airport inc Netflix,Fendalton Ward,318
15835,748654842441848858,City Centre Apartment on Gloucester,Central Ward,318
18175,903303360921664579,Stylish & Cosy + Full Kitchen Garage Washer/Dryer,Central Ward,317
13449,46014929,Modern Stylish Townhouse in the Heart of Chch CBD,Central Ward,317
22247,34798440,Christchurch Central Apartment,Central Ward,317
22353,45226251,Perfect getaway CHCH CBD tidy cozy townhouse,Central Ward,317
7238,558101365834713785,A Million City Views - Sleeps 12,Cashmere Ward,317
23219,50625936,Awesome new townhouse with KING Bed on Armagh,Central Ward,317
17171,31659082,"Te Onepoto lodge Sumner, breakfast, spa, L8 chkout",Heathcote Ward,316
22915,34798440,Christchurch Central Apartment,Central Ward,316
19802,10176247,Stylish 2 Bed Guest Wing near Airport inc Netflix,Fendalton Ward,315
9041,40262134,"Modern, spacious 2 bedroom apartment in CBD",Central Ward,315
23116,45226251,Perfect getaway CHCH CBD tidy cozy townhouse,Central Ward,315
341,27686531,Fabulous Guest Wing near CBD & Airport inc Netflix,Fendalton Ward,315
9164,13927470,"Rossall BnB-Self cont. unit, bkfast, 2k city, keys",Fendalton Ward,315
3792,39425759,No. 9 New townhouse on Armagh|city centre,Central Ward,315
22548,10176247,Stylish 2 Bed Guest Wing near Airport inc Netflix,Fendalton Ward,315
729,49215811,"Serene Studio(No Window), No Cleaning Fee",Central Ward,315
26119,31659082,"Te Onepoto lodge Sumner, breakfast, spa, L8 chkout",Heathcote Ward,314
1157,876612046022154745,Luxury Life Galore - Sleeps 4,Central Ward,314
73,10176247,Stylish 2 Bed Guest Wing near Airport inc Netflix,Fendalton Ward,314
22551,10283682,Akaroa Cottage,Banks Peninsula Ward,314
10036,30420515,Te Ara Cottage Tranquil Retreat,Banks Peninsula Ward,313
11369,704627124544150486,Family-Friendly 3BR | Games Room & Patio,Riccarton Ward,313
22154,39425759,No. 9 New townhouse on Armagh|city centre,Central Ward,313
13895,33232168,Eclectic Cottage 2 minutes to airport,Waimairi Ward,313
10228,33232168,Eclectic Cottage 2 minutes to airport,Waimairi Ward,313
441,34798440,Christchurch Central Apartment,Central Ward,313
16040,645862508946385530,Central City Loft - Sleeps 10,Central Ward,312
12192,645862508946385530,Central City Loft - Sleeps 10,Central Ward,312
880,645862508946385530,Central City Loft - Sleeps 10,Central Ward,312
22986,39425759,No. 9 New townhouse on Armagh|city centre,Central Ward,312
21800,645862508946385530,Central City Loft - Sleeps 10,Central Ward,312
15769,645862508946385530,Central City Loft - Sleeps 10,Central Ward,312
4865,31006890,Fendalton holiday house the most convenient place,Fendalton Ward,312
8348,645862508946385530,Central City Loft - Sleeps 10,Central Ward,312
23355,645862508946385530,Central City Loft - Sleeps 10,Central Ward,312
27878,645862508946385530,Central City Loft - Sleeps 10,Central Ward,312
22666,17817425,Rocky Peak Farmstay,Banks Peninsula Ward,312
15872,49215811,"Serene Studio(No Window), No Cleaning Fee",Central Ward,312
725,48945694,Experience all the entertainment Christchurch has,Central Ward,311
8008,31659082,"Te Onepoto lodge Sumner, breakfast, spa, L8 chkout",Heathcote Ward,311
12591,748654842441848858,City Centre Apartment on Gloucester,Central Ward,311
4522,48945694,Experience all the entertainment Christchurch has,Central Ward,311
19809,31006890,Fendalton holiday house the most convenient place,Fendalton Ward,311
745,50625936,Awesome new townhouse with KING Bed on Armagh,Central Ward,311
12320,38079335,"Bright, cosy Central Location",Central Ward,311
23200,48945694,Experience all the entertainment Christchurch has,Central Ward,311
12522,46014929,Modern Stylish Townhouse in the Heart of Chch CBD,Central Ward,311
13654,10176247,Stylish 2 Bed Guest Wing near Airport inc Netflix,Fendalton Ward,311
20411,48945694,Experience all the entertainment Christchurch has,Central Ward,311
76,10283682,Akaroa Cottage,Banks Peninsula Ward,310
12256,49215811,"Serene Studio(No Window), No Cleaning Fee",Central Ward,309
642,45226251,Perfect getaway CHCH CBD tidy cozy townhouse,Central Ward,309
3666,46627912,Stylish Seaview Villa perched above Akaroa,Banks Peninsula Ward,309
4203,905980260796682275,Apartment In The Central City,Central Ward,309
19603,46627912,Stylish Seaview Villa perched above Akaroa,Banks Peninsula Ward,308
22871,31006890,Fendalton holiday house the most convenient place,Fendalton Ward,308
20550,905980260796682275,Apartment In The Central City,Central Ward,308
10293,10176247,Stylish 2 Bed Guest Wing near Airport inc Netflix,Fendalton Ward,308
398,31006890,Fendalton holiday house the most convenient place,Fendalton Ward,307
23399,698741100852525125,"Character, quiet, new (CNZhouse)",Innes Ward,307
15759,34798440,Christchurch Central Apartment,Central Ward,307
17034,30420515,Te Ara Cottage Tranquil Retreat,Banks Peninsula Ward,307
18831,748654842441848858,City Centre Apartment on Gloucester,Central Ward,307
23145,46627912,Stylish Seaview Villa perched above Akaroa,Banks Peninsula Ward,306
189,17817425,Rocky Peak Farmstay,Banks Peninsula Ward,306
28300,903303360921664579,Stylish & Cosy + Full Kitchen Garage Washer/Dryer,Central Ward,306
4862,46852276,Akaroa apartment with sea views,Banks Peninsula Ward,306
5835,47523459,Bambina Luxe New Townhouse with upgraded supplies,Central Ward,306
14717,31006890,Fendalton holiday house the most convenient place,Fendalton Ward,306
20122,47523459,Bambina Luxe New Townhouse with upgraded supplies,Central Ward,306
16326,10176247,Stylish 2 Bed Guest Wing near Airport inc Netflix,Fendalton Ward,306
6286,53299205,Luxury 2BR CBD Apartment Walk to Convention Centre,Central Ward,305
18558,49215811,"Serene Studio(No Window), No Cleaning Fee",Central Ward,305
926,698741100852525125,"Character, quiet, new (CNZhouse)",Innes Ward,305
22023,53299205,Luxury Apartment Christchurch Central,Central Ward,305
510,39425759,No. 9 New townhouse on Armagh|city centre,Central Ward,304
26832,10176247,Stylish 2 Bed Guest Wing near Airport inc Netflix,Fendalton Ward,304
27927,49215811,"Serene Studio(No Window), No Cleaning Fee",Central Ward,304
27170,53646122,Grand Old Residence - Sleeps 8,Fendalton Ward,304
671,46627912,Stylish Seaview Villa perched above Akaroa,Banks Peninsula Ward,304
20781,46852276,Akaroa apartment with sea views,Banks Peninsula Ward,304
26479,30420515,Te Ara Cottage Tranquil Retreat,Banks Peninsula Ward,304
16348,33232168,Eclectic Cottage 2 minutes to airport,Waimairi Ward,304
15504,876612046022154745,Luxury Life Galore - Sleeps 4,Central Ward,304
12968,10283682,Akaroa Cottage,Banks Peninsula Ward,304
5160,1002570876571291142,Cozy ensuite & Private entrance & Self Check-In,Halswell Ward,303
16034,46014929,Modern Stylish Townhouse in the Heart of Chch CBD,Central Ward,303
13204,698741100852525125,"Character, quiet, new (CNZhouse)",Innes Ward,303
13699,27686531,Fabulous Guest Wing near CBD & Airport inc Netflix,Fendalton Ward,303
23282,53299205,Luxury Apartment Christchurch Central,Central Ward,303
12951,50625936,Awesome new townhouse with KING Bed on Armagh,Central Ward,303
10358,31006890,Fendalton holiday house the most convenient place,Fendalton Ward,303
23673,905980260796682275,Apartment In The Central City,Central Ward,302
8654,53646122,Grand Old Residence - Sleeps 8,Fendalton Ward,302
28118,748654842441848858,City Centre Apartment on Gloucester,Central Ward,302
5525,10792884,Vintage charm - 1930s Home with Luxe Bedding,Cashmere Ward,302
11617,10283682,Akaroa Cottage,Banks Peninsula Ward,302
23167,47523459,Bambina Luxe New Townhouse with upgraded supplies,Central Ward,302
807,53299205,Luxury Apartment Christchurch Central,Central Ward,302
15498,48945694,Experience all the entertainment Christchurch has,Central Ward,301
20683,10792884,Vintage charm - 1930s Home with Luxe Bedding,Cashmere Ward,301
13454,39425759,Brand new townhouse on Armagh|city centre,Central Ward,301
6521,49345155,Boutique BNB free breakfast near stadium sleeps 6,Central Ward,301
22145,49345155,Boutique BNB free breakfast near stadium sleeps 6,Central Ward,301
12960,46627912,Stylish Seaview Villa perched above Akaroa,Banks Peninsula Ward,301
693,47523459,Bambina Luxe New Townhouse with upgraded supplies,Central Ward,301
12540,34798440,Christchurch Central Apartment,Central Ward,301
4019,42984288,Home from home City Apartment,Central Ward,300
10096,46627912,Stylish Seaview Villa perched above Akaroa,Banks Peninsula Ward,300
20145,42984288,Home from home City Apartment,Central Ward,300
12563,39425759,Brand new townhouse on Armagh|city centre,Central Ward,300
22555,10792884,Vintage charm - 1930s Home with Luxe Bedding,Cashmere Ward,300
9799,698741100852525125,"Character, quiet, new (CNZhouse)",Innes Ward,300
16949,10283682,Akaroa Cottage,Banks Peninsula Ward,300
5117,19895931,10 Min to Christchurch Airport | Private Sleepout,Hornby Ward,299
12309,50625936,Awesome new townhouse with KING Bed on Armagh,Central Ward,299
23155,46852276,Akaroa apartment with sea views,Banks Peninsula Ward,299
744,50596811,"Guest Suite, Central City, Christchurch",Central Ward,299
16599,704627124544150486,Family-Friendly 3BR | Games Room & Patio,Riccarton Ward,299
23206,49345155,Boutique BNB free breakfast near stadium sleeps 6,Central Ward,299
5552,15423628,A Slice of Paradise in the City,Cashmere Ward,298
27881,46014929,Modern Stylish Townhouse in the Heart of Chch CBD,Central Ward,298
8806,10176247,Stylish 2 Bed Guest Wing near Airport inc Netflix,Fendalton Ward,298
23129,45944592,Spacious bedroom with private bathroom,Central Ward,298
7525,49215811,"Serene Studio(No Window), No Cleaning Fee",Central Ward,298
11005,48945694,Experience all the entertainment Christchurch has,Central Ward,298
80,10792884,Vintage charm - 1930s Home with Luxe Bedding,Cashmere Ward,297
8389,748654842441848858,City Centre Apartment on Gloucester,Central Ward,297
13049,17817425,Rocky Peak Farmstay,Banks Peninsula Ward,297
26703,10283682,Akaroa Cottage,Banks Peninsula Ward,297
15825,45226251,Perfect getaway CHCH CBD tidy cozy townhouse,Central Ward,297
5289,21451015,"Merivale -  Location, Location",Fendalton Ward,297
18527,38079335,"Bright, cosy Central Location",Central Ward,297
8650,903303360921664579,*Prime Location* Latimer Square Central City,Central Ward,297
16129,31006890,Fendalton holiday house the most convenient place,Fendalton Ward,297
11811,27686531,Fabulous Guest Wing near CBD & Airport inc Netflix,Fendalton Ward,297
20689,15423628,A Slice of Paradise in the City,Cashmere Ward,297
655,45944592,Spacious bedroom with private bathroom,Central Ward,297
4604,23204560,Retro Hut,Banks Peninsula Ward,297
16704,34798440,Christchurch Central Apartment,Central Ward,296
27177,31006890,Fendalton holiday house the most convenient place,Fendalton Ward,296
7947,10283682,Akaroa Cottage,Banks Peninsula Ward,296
13346,53299205,Luxury Apartment Christchurch Central,Central Ward,296
19604,23204560,Retro Hut,Banks Peninsula Ward,296
10654,876612046022154745,Luxury Life Galore - Sleeps 4,Central Ward,296
731,49345155,Boutique BNB free breakfast near stadium sleeps 6,Central Ward,295
22617,15423628,A Slice of Paradise in the City,Cashmere Ward,295
4157,31150918,"Quality, modern,  sunny one bedroom apartment",Central Ward,295
22752,23204560,Retro Hut,Banks Peninsula Ward,295
3431,9392387,Birdsong Lodge,Banks Peninsula Ward,295
5852,24289615,"Peaceful Garden Studio: separate, no cleaning fee",Fendalton Ward,295
595,42984288,Home from home City Apartment,Central Ward,295
681,46852276,Akaroa apartment with sea views,Banks Peninsula Ward,295
19606,9392387,Birdsong Lodge,Banks Peninsula Ward,295
12604,53299205,Luxury Apartment Christchurch Central,Central Ward,295
19889,19895931,10 Min to Christchurch Airport | Private Sleepout,Hornby Ward,295
5515,902623020339859925,Cozy:Fully Equipped Unit 12noon check-in,Papanui Ward,294
21453,21451015,"Merivale -  Location, Location",Fendalton Ward,294
21622,1002570876571291142,Cozy ensuite & Private entrance & Self Check-In,Halswell Ward,294
67,9392387,Birdsong Lodge,Banks Peninsula Ward,294
22542,9392387,Birdsong Lodge,Banks Peninsula Ward,294
19773,24289615,"Peaceful Garden Studio: separate, no cleaning fee",Fendalton Ward,294
14938,47523459,Bambina Luxe New Townhouse with upgraded supplies,Central Ward,294
14505,50596811,"Guest Suite, Central City, Christchurch",Central Ward,293
10859,47523459,Bambina Luxe New Townhouse with upgraded supplies,Central Ward,293
13140,9392387,Birdsong Lodge,Banks Peninsula Ward,293
12293,45226251,Perfect getaway CHCH CBD tidy cozy townhouse,Central Ward,293
402,31150918,"Quality, modern,  sunny one bedroom apartment",Central Ward,293
22875,31150918,"Quality, modern,  sunny one bedroom apartment",Central Ward,293
5332,36770920,Treetops Cottage,Banks Peninsula Ward,293
22776,24289615,"Peaceful Garden Studio: separate, no cleaning fee",Fendalton Ward,293
20343,31150918,"Quality, modern,  sunny one bedroom apartment",Central Ward,293
1202,905980260796682275,Apartment In The Central City,Central Ward,292
18255,39425759,Brand new townhouse on Armagh|city centre,Central Ward,292
18670,48945694,Experience all the entertainment Christchurch has,Central Ward,292
26077,704627124544150486,Family-Friendly 3BR | Games Room & Patio,Riccarton Ward,292
10152,9392387,Birdsong Lodge,Banks Peninsula Ward,292
4788,615313985007063347,The Perfect City Nook.,Central Ward,292
16921,46627912,Stylish Seaview Villa perched above Akaroa,Banks Peninsula Ward,292
278,23204560,Retro Hut,Banks Peninsula Ward,292
14840,10792884,Vintage charm - 1930s Home with Luxe Bedding,Cashmere Ward,292
10040,17817425,Rocky Peak Farmstay,Banks Peninsula Ward,292
16712,50625936,Awesome new townhouse with KING Bed on Armagh,Central Ward,292
28142,34798440,Christchurch Central Apartment,Central Ward,292
15851,49345155,Boutique BNB free breakfast near stadium sleeps 6,Central Ward,291
15358,31150918,"Quality, modern,  sunny one bedroom apartment",Central Ward,291
16408,27686531,Fabulous Guest Wing near CBD & Airport inc Netflix,Fendalton Ward,291
18755,53299205,Luxury Apartment Christchurch Central,Central Ward,291
21899,615313985007063347,The Perfect City Nook.,Central Ward,291
19706,902623020339859925,Cozy:Fully Equipped Unit 12noon check-in,Papanui Ward,291
15218,42984288,Home from home City Apartment,Central Ward,290
28387,38079335,"Bright, cosy Central Location",Central Ward,290
11160,10792884,Vintage charm - 1930s Home with Luxe Bedding,Cashmere Ward,290
22710,21451015,"Merivale -  Location, Location",Fendalton Ward,290
302,24289615,"Peaceful Garden Studio: separate, no cleaning fee",Fendalton Ward,290
8696,46014929,Modern Stylish Townhouse in the Heart of Chch CBD,Central Ward,290
20453,13018855,Inner City Comfort,Central Ward,290
6470,13018855,Inner City Comfort,Central Ward,290
17970,47523459,Bambina Luxe New Townhouse with upgraded supplies,Central Ward,289
26840,33232168,Eclectic Cottage 2 minutes to airport,Waimairi Ward,289
4886,6824533,Papanui Paris Inspired Apartment,Fendalton Ward,289
21476,6824533,Papanui Paris Inspired Apartment,Fendalton Ward,289
17326,9392387,Birdsong Lodge,Banks Peninsula Ward,289
16590,698741100852525125,"Character, quiet, new (CNZhouse)",Innes Ward,289
8772,34798440,Christchurch Central Apartment,Central Ward,288
22524,6824533,Papanui Paris Inspired Apartment,Fendalton Ward,288
104,13018855,Inner City Comfort,Central Ward,288
5847,714770206988723448,"Modern home with parking, spa pool & courtyard",Riccarton Ward,288
22579,13018855,Inner City Comfort,Central Ward,288
22966,38787850,"3 bedroom brand new townhouse comes, don't miss!",Halswell Ward,288
234,21451015,"Merivale -  Location, Location",Fendalton Ward,288
23340,615313985007063347,The Perfect City Nook.,Central Ward,288
16699,876612046022154745,Luxury Life Galore - Sleeps 4,Central Ward,288
141,15423628,A Slice of Paradise in the City,Cashmere Ward,288
5058,38787850,"3 bedroom brand new townhouse comes, don't miss!",Halswell Ward,288
26365,9392387,Birdsong Lodge,Banks Peninsula Ward,288
12201,50596811,"Guest Suite, Central City, Christchurch",Central Ward,288
21168,36770920,Treetops Cottage,Banks Peninsula Ward,288
865,615313985007063347,The Perfect City Nook.,Central Ward,288
28020,50625936,Awesome new townhouse with KING Bed on Armagh,Central Ward,287
492,38787850,"3 bedroom brand new townhouse comes, don't miss!",Halswell Ward,287
12963,23204560,Retro Hut,Banks Peninsula Ward,287
17668,10792884,Vintage charm - 1930s Home with Luxe Bedding,Cashmere Ward,287
17830,45944592,Spacious bedroom with private bathroom,Central Ward,287
12972,46852276,Akaroa apartment with sea views,Banks Peninsula Ward,287
26834,27686531,Fabulous Guest Wing near CBD & Airport inc Netflix,Fendalton Ward,287
12202,45944592,Spacious bedroom with private bathroom,Central Ward,287
26751,46627912,Stylish Seaview Villa perched above Akaroa,Banks Peninsula Ward,287
5369,14560927,Guests favourite. Close to Airport & University,Waimairi Ward,287
11864,6824533,Papanui Paris Inspired Apartment,Fendalton Ward,286
22692,19895931,10 Min to Christchurch Airport | Private Sleepout,Hornby Ward,286
48,6824533,Papanui Paris Inspired Apartment,Fendalton Ward,286
27702,53299205,Luxury Apartment Christchurch Central,Central Ward,286
13212,21451015,"Merivale -  Location, Location",Fendalton Ward,286
28357,47523459,Bambina Luxe New Townhouse with upgraded supplies,Central Ward,286
8690,9392387,Birdsong Lodge,Banks Peninsula Ward,286
10800,42984288,Home from home City Apartment,Central Ward,286
14958,6824533,Papanui Paris Inspired Apartment,Fendalton Ward,286
23671,902623020339859925,Cozy:Fully Equipped Unit 12noon check-in,Papanui Ward,286
1200,902623020339859925,Cozy:Fully Equipped Unit 12noon check-in,Papanui Ward,285
17424,6824533,Papanui Paris Inspired Apartment,Fendalton Ward,285
20662,17389174,Sunny modern room w/ door to garden & own bathroom,Central Ward,285
8779,704627124544150486,Family-Friendly 3BR | Games Room & Patio,Riccarton Ward,285
22654,17389174,Sunny modern room w/ door to garden & own bathroom,Central Ward,285
5452,17389174,Sunny modern room w/ door to garden & own bathroom,Central Ward,285
25855,698741100852525125,"Character, quiet, new (CNZhouse)",Innes Ward,285
18387,45226251,Perfect getaway CHCH CBD tidy cozy townhouse,Central Ward,285
6361,876611972906371671,Tuam on Top! Sleeps 5,Central Ward,284
14917,902623020339859925,Cozy:Fully Equipped Unit 12noon check-in,Papanui Ward,284
11873,21451015,"Merivale -  Location, Location",Fendalton Ward,284
28449,39425759,Brand new townhouse on Armagh|city centre,Central Ward,284
16608,42984288,Home from home City Apartment,Central Ward,284
5614,830238950782558696,Addington Stadium Stay,Spreydon Ward,284
3529,763154657366616081,Studio Unit  with Spa Bath!,Hornby Ward,284
10090,23204560,Retro Hut,Banks Peninsula Ward,284
27163,6824533,Papanui Paris Inspired Apartment,Fendalton Ward,284
20909,714770206988723448,"Modern home with parking, spa pool & courtyard",Riccarton Ward,284
4098,40493902,Luxury Style Free Street Parking CBD Location,Central Ward,284
28710,10792884,Vintage charm - 1930s Home with Luxe Bedding,Cashmere Ward,284
9441,6824533,Papanui Paris Inspired Apartment,Fendalton Ward,283
10256,902623020339859925,Cozy:Fully Equipped Unit 12noon check-in,Papanui Ward,283
22226,40493902,Luxury Style Free Street Parking CBD Location,Central Ward,283
22070,46300458,City Centre*3Bdr*4Beds*2.5 Bath*Carpark*Wkly Disc.,Central Ward,283
10698,31150918,"Quality, modern,  sunny one bedroom apartment",Central Ward,283
3751,46300458,City Centre*3Bdr*4Beds*2.5 Bath*Carpark*Wkly Disc.,Central Ward,283
17045,17817425,Rocky Peak Farmstay,Banks Peninsula Ward,283
13179,24289615,"Peaceful Garden Studio: separate, no cleaning fee",Fendalton Ward,283
27987,48945694,Experience all the entertainment Christchurch has,Central Ward,283
7651,50625936,Awesome new townhouse with KING Bed on Armagh,Central Ward,283
28339,42984288,Home from home City Apartment,Central Ward,283
22943,36770920,Treetops Cottage,Banks Peninsula Ward,283
3351,51522809,Beautiful Kereru Cottage..... everything on offer,Banks Peninsula Ward,283
7689,42984288,Home from home City Apartment,Central Ward,283
14288,615313985007063347,The Perfect City Nook.,Central Ward,283
4674,34062192,Cashmere apartment with amazing views.,Cashmere Ward,282
7388,46627912,Stylish Seaview Villa perched above Akaroa,Banks Peninsula Ward,282
19686,14560927,Guests favourite. Close to Airport & University,Waimairi Ward,282
12435,615313985007063347,The Perfect City Nook.,Central Ward,282
22273,34371625,Modern and Convenient Townhouse,Central Ward,282
23920,1045438274929278193,On the park! Style in the CBD + Free Car Park,Central Ward,282
13024,13018855,Inner City Comfort,Central Ward,282
17924,902623020339859925,Cozy:Fully Equipped Unit 12noon check-in,Papanui Ward,282
3885,34371625,Modern and Convenient Townhouse,Central Ward,282
11220,46852276,Akaroa apartment with sea views,Banks Peninsula Ward,281
8511,27686531,Fabulous Guest Wing near CBD & Airport inc Netflix,Fendalton Ward,281
12475,40493902,Luxury Style Free Street Parking CBD Location,Central Ward,281
5708,1090839883996968423,Hagley Haven | Guest Favourite,Riccarton Ward,281
5756,52394243,Stylish 1BR Apartment Opposite Hagley Park,Spreydon Ward,281
12358,49345155,Boutique BNB free breakfast near stadium sleeps 6,Central Ward,281
15399,40493902,Luxury Style Free Street Parking CBD Location,Central Ward,281
15479,905980260796682275,Apartment In The Central City,Central Ward,281
6767,38079335,"Bright, cosy Central Location",Central Ward,281
23034,40493902,Luxury Style Free Street Parking CBD Location,Central Ward,281
19601,51522809,Beautiful Kereru Cottage..... everything on offer,Banks Peninsula Ward,281
177,17389174,Sunny modern room w/ door to garden & own bathroom,Central Ward,281
558,40493902,Luxury Style Free Street Parking CBD Location,Central Ward,281
8287,10792884,Vintage charm - 1930s Home with Luxe Bedding,Cashmere Ward,281
23254,52394243,Stylish 1BR Apartment Opposite Hagley Park,Spreydon Ward,281
9282,53299205,Luxury Apartment Christchurch Central,Central Ward,281
19988,52394243,Stylish 1BR Apartment Opposite Hagley Park,Spreydon Ward,281
28044,45944592,Spacious bedroom with private bathroom,Central Ward,280
4475,882341847699783999,Mariners Cabin: Your seaside escape,Banks Peninsula Ward,280
28282,40493902,Luxury Style Free Street Parking CBD Location,Central Ward,280
22912,34371625,Modern and Convenient Townhouse,Central Ward,280
16539,21451015,"Merivale -  Location, Location",Fendalton Ward,280
10363,24289615,"Peaceful Garden Studio: separate, no cleaning fee",Fendalton Ward,280
20012,830238950782558696,Addington Stadium Stay,Spreydon Ward,280
14709,38787850,"3 bedroom brand new townhouse comes, don't miss!",Halswell Ward,280
21250,8554890,Potters Croft Garden and B&B,Banks Peninsula Ward,280
18583,40493902,Luxury Style Free Street Parking CBD Location,Central Ward,280
12027,38787850,"3 bedroom brand new townhouse comes, don't miss!",Halswell Ward,280
21193,30268508,Luxury Diamond Harbour Retreat with Ocean Views,Banks Peninsula Ward,279
6708,39425759,Brand new townhouse on Armagh|city centre,Central Ward,279
22240,876611972906371671,Tuam on Top! Sleeps 5,Central Ward,279
18317,50596811,"Guest Suite, Central City, Christchurch",Central Ward,279
23245,51522809,Beautiful Kereru Cottage..... everything on offer,Banks Peninsula Ward,279
8522,48945694,Experience all the entertainment Christchurch has,Central Ward,279
22423,34062192,Cashmere apartment with amazing views.,Cashmere Ward,279
22537,8554890,Potters Croft Garden and B&B,Banks Peninsula Ward,279
780,52394243,Stylish 1BR Apartment Opposite Hagley Park,Spreydon Ward,279
8126,33232168,Eclectic Cottage 2 minutes to airport,Waimairi Ward,279
4459,30268508,Luxury Diamond Harbour Retreat with Ocean Views,Banks Peninsula Ward,279
23136,46300458,City Centre*3Bdr*4Beds*2.5 Bath*Carpark*Wkly Disc.,Central Ward,279
7775,40493902,Luxury Style Free Street Parking CBD Location,Central Ward,279
1453,1045438274929278193,On the park! Style in the CBD + Free Car Park,Central Ward,278
28098,45226251,Perfect getaway CHCH CBD tidy cozy townhouse,Central Ward,278
10836,13018855,Inner City Comfort,Central Ward,278
14954,52394243,Stylish 1BR Apartment Opposite Hagley Park,Spreydon Ward,278
10519,52394243,Lovely 1 Bedroom Apartment Opposite Hagley Park,Spreydon Ward,278
12920,15423628,A Slice of Paradise in the City,Cashmere Ward,278
389,30268508,Luxury Diamond Harbour Retreat with Ocean Views,Banks Peninsula Ward,278
26511,17817425,Rocky Peak Farmstay,Banks Peninsula Ward,278
19906,763154657366616081,Studio Unit  with Spa Bath!,Hornby Ward,278
22862,30268508,Luxury Diamond Harbour Retreat with Ocean Views,Banks Peninsula Ward,278
16102,52394243,Lovely 1 Bedroom Apartment Opposite Hagley Park,Spreydon Ward,277
12857,17389174,Sunny modern room w/ door to garden & own bathroom,Central Ward,277
369,29427036,Quiet Cottage on the Hill,Cashmere Ward,277
18134,31150918,"Quality, modern,  sunny one bedroom apartment",Central Ward,277
470,36770920,Treetops Cottage,Banks Peninsula Ward,277
22389,29427036,Quiet Cottage on the Hill,Cashmere Ward,277
19531,882341847699783999,Mariners Cabin: Your seaside escape,Banks Peninsula Ward,277
27515,52394243,Lovely 1 Bedroom Apartment Opposite Hagley Park,Spreydon Ward,277
7011,47523459,Bambina Luxe New Townhouse with upgraded supplies,Central Ward,277
216,19895931,10 Min to Christchurch Airport | Private Sleepout,Hornby Ward,277
5561,29427036,Quiet Cottage on the Hill,Cashmere Ward,277
13110,30268508,Luxury Diamond Harbour Retreat with Ocean Views,Banks Peninsula Ward,277
5851,837058062814020519,Enchanting Getaway in Merivale,Fendalton Ward,277
22842,29427036,Quiet Cottage on the Hill,Cashmere Ward,277
16899,23204560,Retro Hut,Banks Peninsula Ward,277
27983,876612046022154745,Luxury Life Galore - Sleeps 4,Central Ward,277
10827,17389174,Sunny modern room w/ door to garden & own bathroom,Central Ward,276
16893,13018855,Inner City Comfort,Central Ward,276
22907,34062192,Cashmere apartment with amazing views.,Cashmere Ward,276
23818,1002570876571291142,Cozy ensuite & Private entrance & Self Check-In,Halswell Ward,276
27055,902623020339859925,Cozy:Fully Equipped Unit 12noon check-in,Papanui Ward,276
27102,21451015,"Merivale -  Location, Location",Fendalton Ward,276
438,34371625,Modern and Convenient Townhouse,Central Ward,276
16036,17389174,Sunny modern room w/ door to garden & own bathroom,Central Ward,276
17570,24289615,"Peaceful Garden Studio: separate, no cleaning fee",Fendalton Ward,276
6952,52394243,Lovely 1 Bedroom Apartment Opposite Hagley Park,Spreydon Ward,275
8599,698741100852525125,"Character, quiet, new (CNZhouse)",Innes Ward,275
8515,45944592,Spacious bedroom with private bathroom,Central Ward,275
5268,14937801,Back House of Papanui,Papanui Ward,275
19279,1090839883996968423,Hagley Haven | Guest Favourite,Riccarton Ward,275
771,51522809,Beautiful Kereru Cottage..... everything on offer,Banks Peninsula Ward,275
21376,14937801,Back House of Papanui,Papanui Ward,275
17315,38787850,"3 bedroom brand new townhouse comes, don't miss!",Halswell Ward,274
15904,29427036,Quiet Cottage on the Hill,Cashmere Ward,274
10142,51522809,Beautiful Kereru Cottage..... everything on offer,Banks Peninsula Ward,274
11687,30268508,Luxury Diamond Harbour Retreat with Ocean Views,Banks Peninsula Ward,274
27916,31150918,"Quality, modern,  sunny one bedroom apartment",Central Ward,274
27257,38787850,"3 bedroom brand new townhouse comes, don't miss!",Halswell Ward,274
8451,45226251,Perfect getaway CHCH CBD tidy cozy townhouse,Central Ward,274
14703,51522809,Beautiful Kereru Cottage..... everything on offer,Banks Peninsula Ward,274
23415,714770206988723448,"Modern home with parking, spa pool & courtyard",Riccarton Ward,274
26626,23204560,Retro Hut,Banks Peninsula Ward,274
5908,667758223208977117,"WakeUp in CHCH Urban Oasis, Close to Arena&Railway",Spreydon Ward,274
16022,615313985007063347,The Perfect City Nook.,Central Ward,274
8103,38787850,"3 bedroom brand new townhouse comes, don't miss!",Halswell Ward,274
61,8554890,Potters Croft Garden and B&B,Banks Peninsula Ward,274
8418,23204560,Retro Hut,Banks Peninsula Ward,273
11090,905980260796682275,Apartment In The Central City,Central Ward,273
22606,14937801,Back House of Papanui,Papanui Ward,273
22601,14560927,Guests favourite. Close to Airport & University,Waimairi Ward,273
23454,763154657366616081,Studio Unit  with Spa Bath!,Hornby Ward,273
18714,49345155,Boutique BNB free breakfast near stadium sleeps 6,Central Ward,273
662,46300458,City Centre*3Bdr*4Beds*2.5 Bath*Carpark*Wkly Disc.,Central Ward,273
23627,876611972906371671,Tuam on Top! Sleeps 5,Central Ward,273
23544,830238950782558696,Addington Stadium Stay,Spreydon Ward,273
28127,13018855,Inner City Comfort,Central Ward,273
13022,36770920,Treetops Cottage,Banks Peninsula Ward,273
21526,8034246,Serene garden studio with spa near beach and city,Coastal Ward,272
5857,15240118,St James Mews- townhouse central to everything.,Riccarton Ward,272
8828,13018855,Inner City Comfort,Central Ward,272
15686,34371625,Modern and Convenient Townhouse,Central Ward,272
5344,8034246,Serene garden studio with spa near beach and city,Coastal Ward,272
19757,837058062814020519,Enchanting Getaway in Merivale,Fendalton Ward,272
28374,615313985007063347,The Perfect City Nook.,Central Ward,271
16278,51522809,Beautiful Kereru Cottage..... everything on offer,Banks Peninsula Ward,271
11172,15423628,A Slice of Paradise in the City,Cashmere Ward,271
28039,17389174,Sunny modern room w/ door to garden & own bathroom,Central Ward,271
28037,50596811,"Guest Suite, Central City, Christchurch",Central Ward,271
16803,46852276,Akaroa apartment with sea views,Banks Peninsula Ward,271
7531,21451015,"Merivale -  Location, Location",Fendalton Ward,271
7208,615313985007063347,The Perfect City Nook.,Central Ward,271
130,14937801,Back House of Papanui,Papanui Ward,270
19277,15240118,St James Mews- townhouse central to everything.,Riccarton Ward,270
11540,36770920,Treetops Cottage,Banks Peninsula Ward,270
12668,29427036,Quiet Cottage on the Hill,Cashmere Ward,270
8790,902623020339859925,Cozy:Fully Equipped Unit 12noon check-in,Papanui Ward,270
7393,31150918,"Quality, modern,  sunny one bedroom apartment",Central Ward,270
7955,876612046022154745,Luxury Life Galore - Sleeps 4,Central Ward,270
23639,882341847699783999,Mariners Cabin: Your seaside escape,Banks Peninsula Ward,269
12327,34371625,Modern and Convenient Townhouse,Central Ward,269
22530,8034246,Serene garden studio with spa near beach and city,Coastal Ward,269
16668,15423628,A Slice of Paradise in the City,Cashmere Ward,269
433,34062192,Cashmere apartment with amazing views.,Cashmere Ward,269
26554,51522809,Beautiful Kereru Cottage..... everything on offer,Banks Peninsula Ward,269
26810,24289615,"Peaceful Garden Studio: separate, no cleaning fee",Fendalton Ward,269
18369,34371625,Modern and Convenient Townhouse,Central Ward,269
9043,17389174,Sunny modern room w/ door to garden & own bathroom,Central Ward,268
28433,49345155,Boutique BNB free breakfast near stadium sleeps 6,Central Ward,268
8149,17817425,Garden Cottage Farmstay,Banks Peninsula Ward,268
14907,14937801,Back House of Papanui,Papanui Ward,268
21682,667758223208977117,"WakeUp in CHCH Urban Oasis, Close to Arena&Railway",Spreydon Ward,268
15067,34062192,Cashmere apartment with amazing views.,Cashmere Ward,268
1156,876611972906371671,Tuam on Top! Sleeps 5,Central Ward,268
8009,30268508,Luxury Diamond Harbour Retreat with Ocean Views,Banks Peninsula Ward,267
23553,837058062814020519,Enchanting Getaway in Merivale,Fendalton Ward,267
28105,34371625,Modern and Convenient Townhouse,Central Ward,267
17172,30268508,Luxury Diamond Harbour Retreat with Ocean Views,Banks Peninsula Ward,267
26559,30268508,Luxury Diamond Harbour Retreat with Ocean Views,Banks Peninsula Ward,267
985,763154657366616081,Studio Unit  with Spa Bath!,Hornby Ward,267
15909,46300458,City Centre*3Bdr*4Beds*2.5 Bath*Carpark*Wkly Disc.,Central Ward,267
3537,51395048,Bel Air Mansion - Sleeps 12 Villa,Riccarton Ward,267
18142,29427036,Quiet Cottage on the Hill,Cashmere Ward,266
13603,8554890,Potters Croft Garden and B&B,Banks Peninsula Ward,266
11777,14937801,Back House of Papanui,Papanui Ward,266
20997,51395048,Bel Air Mansion - Sleeps 12 Villa,Riccarton Ward,266
16503,14937801,Back House of Papanui,Papanui Ward,266
28646,15423628,A Slice of Paradise in the City,Cashmere Ward,265
5710,50982243,Parkside Relax townhouse Free Parking EV charger,Riccarton Ward,265
7581,49345155,"Boutique BNB closest to town, sleeps 6 own access",Central Ward,265
8233,24289615,"Peaceful Garden Studio: separate, no cleaning fee",Fendalton Ward,265
13990,573175717028367163,🤩 The Movie House 🎥,Fendalton Ward,265
12469,46300458,City Centre*3Bdr*4Beds*2.5 Bath*Carpark*Wkly Disc.,Central Ward,265
11836,573175717028367163,🤩 The Movie House 🎥,Fendalton Ward,265
943,714770206988723448,"Modern home with parking, spa pool & courtyard",Riccarton Ward,265
1168,882341847699783999,Mariners Cabin: Your seaside escape,Banks Peninsula Ward,265
27001,573175717028367163,🤩 The Movie House 🎥,Fendalton Ward,265
22614,15240118,St James Mews- townhouse central to everything.,Riccarton Ward,265
1073,830238950782558696,Addington Stadium Stay,Spreydon Ward,265
16543,573175717028367163,🤩 The Movie House 🎥,Fendalton Ward,265
13123,19895931,10 Min to Christchurch Airport | Private Sleepout,Hornby Ward,265
28788,46852276,Akaroa apartment with sea views,Banks Peninsula Ward,265
18232,905980260796682275,Apartment In The Central City,Central Ward,264
7098,573175717028367163,🤩 The Movie House 🎥,Fendalton Ward,264
8116,34371625,Modern and Convenient Townhouse,Central Ward,263
12693,34062192,Cashmere apartment with amazing views.,Cashmere Ward,263
4323,858199393286050410,Designer's Pad In Central City,Central Ward,263
9040,50596811,"Guest Suite, Central City, Christchurch",Central Ward,263
125,14560927,Guests favourite. Close to Airport & University,Waimairi Ward,263
7621,51522809,Beautiful Kereru Cottage..... everything on offer,Banks Peninsula Ward,263
5217,28996839,Feel the serenity **Perfect for families**,Banks Peninsula Ward,263
26931,14937801,Back House of Papanui,Papanui Ward,262
23377,667758223208977117,"WakeUp in CHCH Urban Oasis, Close to Arena&Railway",Spreydon Ward,262
24026,1090839883996968423,Hagley Haven | Guest Favourite,Riccarton Ward,261
27364,43581101,Sheridan and Nespresso - Rest and Rev!,Spreydon Ward,261
21294,28996839,Feel the serenity **Perfect for families**,Banks Peninsula Ward,261
16070,36770920,Treetops Cottage,Banks Peninsula Ward,261
22836,28996839,Feel the serenity **Perfect for families**,Banks Peninsula Ward,261
610,43581101,Sheridan and Nespresso - Rest and Rev!,Spreydon Ward,261
3808,634415939483950840,The Coolest Townhouse in Christchurch,Central Ward,261
13037,43581101,Sheridan and Nespresso - Rest and Rev!,Spreydon Ward,261
11571,8554890,Potters Croft Garden and B&B,Banks Peninsula Ward,261
10523,43581101,Sheridan and Nespresso - Rest and Rev!,Spreydon Ward,261
28663,29427036,Quiet Cottage on the Hill,Cashmere Ward,261
16902,43581101,Sheridan and Nespresso - Rest and Rev!,Spreydon Ward,261
8384,46852276,Akaroa apartment with sea views,Banks Peninsula Ward,261
7172,43581101,Sheridan and Nespresso - Rest and Rev!,Spreydon Ward,261
5698,713337408265816459,3 bedroom townhouse Opposite Hagley Park,Riccarton Ward,260
9238,14937801,Back House of Papanui,Papanui Ward,260
138,15240118,St James Mews- townhouse central to everything.,Riccarton Ward,260
19259,50982243,Parkside Relax townhouse Free Parking EV charger,Riccarton Ward,260
13119,763154657366616081,Studio Unit  with Spa Bath!,Hornby Ward,260
5609,15424952,Garden suite in villa home,Cashmere Ward,260
17776,34062192,Cashmere apartment with amazing views.,Cashmere Ward,260
28732,34062192,Cashmere apartment with amazing views.,Cashmere Ward,260
22386,15424952,Garden suite,Cashmere Ward,260
54,8034246,Serene garden studio with spa near beach and city,Coastal Ward,260
18587,46300458,City Centre*3Bdr*4Beds*2.5 Bath*Carpark*Wkly Disc.,Central Ward,260
1350,1002570876571291142,Cozy ensuite & Private entrance & Self Check-In,Halswell Ward,259
22618,15424952,Garden suite,Cashmere Ward,259
6243,687088072539794981,1 Bedroom Apartment Pool Car Park Cathedral Square,Central Ward,259
13076,882341847699783999,Mariners Cabin: Your seaside escape,Banks Peninsula Ward,259
20414,634415939483950840,The Coolest Townhouse in Christchurch,Central Ward,259
20935,713337408265816459,3 bedroom townhouse Opposite Hagley Park,Riccarton Ward,259
11362,51395048,Bel Air Mansion - Sleeps 12 Villa,Riccarton Ward,259
15622,876611972906371671,Tuam on Top! Sleeps 5,Central Ward,259
9556,15423628,A Slice of Paradise in the City,Cashmere Ward,258
23350,634415939483950840,The Coolest Townhouse in Christchurch,Central Ward,258
14382,1045438274929278193,On the park! Style in the CBD + Free Car Park,Central Ward,258
15012,714770206988723448,"Modern home with parking, spa pool & courtyard",Riccarton Ward,258
17878,51395048,Bel Air Mansion - Sleeps 12 Villa,Riccarton Ward,257
23703,927118956899352473,Sleek modern city apartment,Central Ward,257
26381,36770920,Treetops Cottage,Banks Peninsula Ward,257
13557,830238950782558696,Addington Stadium Stay,Spreydon Ward,257
363,28996839,Feel the serenity **Perfect for families**,Banks Peninsula Ward,257
9525,29427036,Quiet Cottage on the Hill,Cashmere Ward,257
142,15424952,Garden suite,Cashmere Ward,257
1082,837058062814020519,Enchanting Getaway in Merivale,Fendalton Ward,257
6546,927118956899352473,Sleek modern city apartment,Central Ward,257
22182,927118956899352473,Sleek modern city apartment,Central Ward,257
5838,31496830,"Central location, walk to the shops",Riccarton Ward,256
5375,979855121206754601,Left-side Private Guest Studio-No cleaning fee,Harewood Ward,256
14536,15240118,St James Mews- townhouse central to everything.,Riccarton Ward,256
28613,905980260796682275,Apartment In The Central City,Central Ward,256
17121,8554890,Potters Croft Garden and B&B,Banks Peninsula Ward,256
22234,687088072539794981,1 Bedroom Apartment Pool Car Park Cathedral Square,Central Ward,256
21967,858199393286050410,Designer's Pad In Central City,Central Ward,256
7245,34062192,Cashmere apartment with amazing views.,Cashmere Ward,255
27883,46300458,City Centre*3Bdr*4Beds*2.5 Bath*Carpark*Wkly Disc.,Central Ward,255
9829,15240118,St James Mews- townhouse central to everything.,Riccarton Ward,255
10041,882341847699783999,Mariners Cabin: Your seaside escape,Banks Peninsula Ward,255
23413,713337408265816459,3 bedroom townhouse Opposite Hagley Park,Riccarton Ward,255
5635,21848694,Akaroa Coastal Cabin,Banks Peninsula Ward,255
17509,38830286,Sleeping out in style close to airport,Papanui Ward,255
19123,979855121206754601,Left-side Private Guest Studio-No cleaning fee,Harewood Ward,255
11370,714770206988723448,"Modern home with parking, spa pool & courtyard",Riccarton Ward,254
22716,21717082,Addington-10min/Rail/Wolfbrook Arena/Races/Room A,Spreydon Ward,254
21259,21848694,Akaroa Coastal Cabin,Banks Peninsula Ward,254
1232,927118956899352473,Sleek modern city apartment,Central Ward,254
5293,12073907,Grassmere Estate  With Beautiful Tranquil Gardens,Papanui Ward,254
10448,763154657366616081,Studio Unit  with Spa Bath!,Hornby Ward,254
20009,21717082,Addington-10min/Rail/Wolfbrook Arena/Races/Room A,Spreydon Ward,254
5626,21717082,Addington-10min/Rail/Wolfbrook Arena/Races/Room A,Spreydon Ward,254
19272,31496830,"Central location, walk to the shops",Riccarton Ward,254
941,713337408265816459,3 bedroom townhouse Opposite Hagley Park,Riccarton Ward,254
23388,687088072539794981,1 Bedroom Apartment Pool Car Park Cathedral Square,Central Ward,254
916,687088072539794981,1 Bedroom Apartment Pool Car Park Cathedral Square,Central Ward,253
5666,835763301153714646,1 Bed Central City Fringe Deluxe w/Carpark,Spreydon Ward,253
875,634415939483950840,The Coolest Townhouse in Christchurch,Central Ward,253
6244,53985875,New 3 Storey luxe townhouse on quiet street,Central Ward,253
4043,16665527,"Stylish, charming, stay in our most chic suburb",Fendalton Ward,253
9620,46300458,City Centre*3Bdr*4Beds*2.5 Bath*Carpark*Wkly Disc.,Central Ward,253
26690,8554890,Potters Croft Garden and B&B,Banks Peninsula Ward,253
1560,1090839883996968423,Hagley Haven | Guest Favourite,Riccarton Ward,253
23225,50982243,Parkside Relax townhouse Free Parking EV charger,Riccarton Ward,253
10521,830238950782558696,Addington Stadium Stay,Spreydon Ward,252
20757,974777872222265389,Cozy Retreat with Hot Tub,Linwood Ward,252
26945,38830286,Sleeping out in style close to airport,Papanui Ward,252
22879,31496830,"Central location, walk to the shops",Riccarton Ward,252
21369,12073907,Grassmere Estate  With Beautiful Tranquil Gardens,Papanui Ward,252
23316,577824727038168288,Cheerful 2 bedroom townhouse in Addington!,Spreydon Ward,252
15542,634415939483950840,The Coolest Townhouse in Christchurch,Central Ward,252
26029,51395048,Bel Air Mansion - Sleeps 12 Villa,Riccarton Ward,252
241,21717082,Addington-10min/Rail/Wolfbrook Arena/Races/Room A,Spreydon Ward,252
13598,28996839,Feel the serenity **Perfect for families**,Banks Peninsula Ward,252
10447,19895931,10 Min to Christchurch Airport | Private Sleepout,Hornby Ward,252
12583,876611972906371671,Tuam on Top! Sleeps 5,Central Ward,252
13029,8034246,Serene garden studio with spa near beach and city,Coastal Ward,251
6404,822548955530298991,The City Sanctuary,Central Ward,251
22571,12073907,Grassmere Estate  With Beautiful Tranquil Gardens,Papanui Ward,251
5413,38912136,Home away from home,Fendalton Ward,251
12322,1045438274929278193,On the park! Style in the CBD + Free Car Park,Central Ward,251
7946,8554890,Potters Croft Garden and B&B,Banks Peninsula Ward,251
19747,16665527,"Stylish, charming, stay in our most chic suburb",Fendalton Ward,250
11549,28996839,Feel the serenity **Perfect for families**,Banks Peninsula Ward,250
23590,858199393286050410,Designer's Pad In Central City,Central Ward,250
96,12073907,Grassmere Estate  With Beautiful Tranquil Gardens,Papanui Ward,250
15360,15424952,Garden suite,Cashmere Ward,250
14042,837058062814020519,Enchanting Getaway in Merivale,Fendalton Ward,250
22005,53985875,New 3 Storey luxe townhouse on quiet street,Central Ward,250
905,667758223208977117,"WakeUp in CHCH Urban Oasis, Close to Arena&Railway",Spreydon Ward,250
8738,36770920,Treetops Cottage,Banks Peninsula Ward,250
22720,21848694,Akaroa Coastal Cabin,Banks Peninsula Ward,250
21470,38912136,Home away from home,Fendalton Ward,250
9118,38830286,Sleeping out in style close to airport,Papanui Ward,249
8304,51395048,Bel Air Mansion - Sleeps 12 Villa,Riccarton Ward,249
17055,15240118,St James Mews- townhouse central to everything.,Riccarton Ward,249
751,50982243,Parkside Relax townhouse Free Parking EV charger,Riccarton Ward,249
10832,634415939483950840,The Coolest Townhouse in Christchurch,Central Ward,249
14727,14560927,Guests favourite. Close to Airport & University,Waimairi Ward,249
13259,12073907,Grassmere Estate  With Beautiful Tranquil Gardens,Papanui Ward,248
4212,45081468,Modern Central City Sunny Apartment,Central Ward,248
840,577824727038168288,Cheerful 2 bedroom townhouse in Addington!,Spreydon Ward,248
22638,16578589,Garden Studio with ocean views,Heathcote Ward,247
21771,45081468,Modern Central City Sunny Apartment,Central Ward,247
13232,713337408265816459,3 bedroom townhouse Opposite Hagley Park,Riccarton Ward,247
10303,837058062814020519,Enchanting Getaway in Merivale,Fendalton Ward,247
19415,16578589,Garden Studio with ocean views,Heathcote Ward,247
163,16578589,Garden Studio with ocean views,Heathcote Ward,247
4926,16578589,Garden Studio with ocean views,Heathcote Ward,247
406,31496830,"Central location, walk to the shops",Riccarton Ward,246
20187,822548955530298991,The City Sanctuary,Central Ward,246
13688,21717082,Addington-10min/Rail/Wolfbrook Arena/Races/Room A,Spreydon Ward,246
22969,38912136,Home away from home,Fendalton Ward,246
13430,687088072539794981,1 Bedroom Apartment Pool Car Park Cathedral Square,Central Ward,246
23763,974777872222265389,Cozy Retreat with Hot Tub,Linwood Ward,246
23298,53985875,New 3 Storey luxe townhouse on quiet street,Central Ward,246
26164,15240118,St James Mews- townhouse central to everything.,Riccarton Ward,245
11375,713337408265816459,3 bedroom townhouse Opposite Hagley Park,Riccarton Ward,245
22642,16665527,"Stylish, charming, stay in our most chic suburb",Fendalton Ward,245
6310,819067375079761965,Modern spacious apartment in CBD,Central Ward,245
11767,12073907,Grassmere Estate  With Beautiful Tranquil Gardens,Papanui Ward,245
245,21848694,Akaroa Coastal Cabin,Banks Peninsula Ward,245
19990,835763301153714646,1 Bed Central City Fringe Deluxe w/Carpark,Spreydon Ward,245
6381,623397096468753938,"LOCATION - City Living, New, Modern, Chic",Central Ward,244
129,14885987,Halfmoon Cottage at the head of Akaroa harbour.,Banks Peninsula Ward,244
22076,819067375079761965,Modern spacious apartment in CBD,Central Ward,244
22605,14885987,Halfmoon Cottage at the head of Akaroa harbour.,Banks Peninsula Ward,244
16187,14885987,Halfmoon Cottage at the head of Akaroa harbour.,Banks Peninsula Ward,244
4218,14885987,Halfmoon Cottage at the head of Akaroa harbour.,Banks Peninsula Ward,244
11934,8034246,Beachside Shack and hot tub,Coastal Ward,244
12678,15424952,Garden suite,Cashmere Ward,244
26735,14885987,Halfmoon Cottage at the head of Akaroa harbour.,Banks Peninsula Ward,244
10078,14885987,Halfmoon Cottage at the head of Akaroa harbour.,Banks Peninsula Ward,244
16574,830238950782558696,Addington Stadium Stay,Spreydon Ward,244
13571,14885987,Halfmoon Cottage at the head of Akaroa harbour.,Banks Peninsula Ward,244
19464,14885987,Halfmoon Cottage at the head of Akaroa harbour.,Banks Peninsula Ward,244
9190,14885987,Halfmoon Cottage at the head of Akaroa harbour.,Banks Peninsula Ward,244
23535,822548955530298991,The City Sanctuary,Central Ward,243
10524,21717082,Addington-10min/Rail/Wolfbrook Arena/Races/Room A,Spreydon Ward,243
5241,53616042,"Ocean views, 2 bdrm Bach, beautiful interior decor",Banks Peninsula Ward,243
495,38912136,Home away from home,Fendalton Ward,243
4493,588792595589642283,"Convenient, spacious 3 B/R Oasis",Innes Ward,243
14193,1090839883996968423,Hagley Haven | Guest Favourite,Riccarton Ward,243
23112,45081468,Modern Central City Sunny Apartment,Central Ward,243
6126,647450066988561662,CBD Location Sunny Warm Free off Street Parking,Central Ward,243
15609,927118956899352473,Sleek modern city apartment,Central Ward,243
19093,634415939483950840,The Coolest Townhouse in Christchurch,Central Ward,243
6452,45930898,Luxury Sunny Warm CBD At Doorstep.,Central Ward,243
8448,905980260796682275,Apartment In The Central City,Central Ward,243
17126,882341847699783999,Mariners Cabin: Your seaside escape,Banks Peninsula Ward,243
20529,623397096468753938,"LOCATION - City Living, New, Modern, Chic",Central Ward,242
14543,38912136,Home away from home,Fendalton Ward,242
16991,28996839,Feel the serenity **Perfect for families**,Banks Peninsula Ward,242
6200,637001139039213011,City on your doorstep. Super location 1 bed apt.,Central Ward,242
1119,858199393286050410,Designer's Pad In Central City,Central Ward,242
28597,634415939483950840,The Coolest Townhouse in Christchurch,Central Ward,242
5695,834441199423436405,The Hagley Park Stunna!,Central Ward,242
13063,16578589,Garden Studio with ocean views,Heathcote Ward,242
19221,588792595589642283,"Convenient, spacious 3 B/R Oasis",Innes Ward,242
21254,53616042,"Ocean views, 2 bdrm Bach, beautiful interior decor",Banks Peninsula Ward,242
15065,50982243,Parkside Relax townhouse Free Parking EV charger,Riccarton Ward,242
16534,12073907,Grassmere Estate  With Beautiful Tranquil Gardens,Papanui Ward,241
6090,844336853364643343,Central City Boutique Escape,Central Ward,241
10214,14560927,Guests favourite. Close to Airport & University,Waimairi Ward,241
5884,877734750121795480,A Hidden Gem on Lincoln Road,Spreydon Ward,241
16972,21717082,Addington-10min/Rail/Wolfbrook Arena/Races/Room A,Spreydon Ward,241
17343,763154657366616081,Studio Unit  with Spa Bath!,Hornby Ward,241
22115,45930898,Luxury Sunny Warm CBD At Doorstep.,Central Ward,241
5400,988520051301728024,3 Bed 2.5 Bath Riccarton W/Games room,Riccarton Ward,241
5409,872528956283395020,Stylish Townhouse in Riccarton With Free Parking,Riccarton Ward,241
822,53985875,New 3 Storey luxe townhouse on quiet street,Central Ward,241
12513,687088072539794981,1 Bedroom Apartment Pool Car Park Cathedral Square,Central Ward,241
20344,647450066988561662,CBD Location Sunny Warm Free off Street Parking,Central Ward,241
3349,9682036,Koromiko Farm Stay @ Loch Sloy Farm Little River,Banks Peninsula Ward,241
23780,979855121206754601,Left-side Private Guest Studio-No cleaning fee,Harewood Ward,241
4322,612412168196334272,Central Apt | Walk Te Pae + Parking,Central Ward,240
19788,19000230,LOCATION .. central to everything! Sunny + modern!,Fendalton Ward,240
4883,19000230,LOCATION .. central to everything! Sunny + modern!,Fendalton Ward,240
11813,38912136,Home away from home,Fendalton Ward,240
1064,822548955530298991,The City Sanctuary,Central Ward,240
23551,835763301153714646,1 Bed Central City Fringe Deluxe w/Carpark,Spreydon Ward,240
9966,16578589,Garden Studio with ocean views,Heathcote Ward,240
9881,50982243,Parkside Relax townhouse Free Parking EV charger,Riccarton Ward,240
19508,9682036,Koromiko Farm Stay @ Loch Sloy Farm Little River,Banks Peninsula Ward,240
18023,837058062814020519,Enchanting Getaway in Merivale,Fendalton Ward,240
18586,713337408265816459,3 bedroom townhouse Opposite Hagley Park,Riccarton Ward,240
8804,15240118,St James Mews- townhouse central to everything.,Riccarton Ward,240
5870,1040165894333073209,Gated free car park~Central~2 Bathroom,Central Ward,240
17832,714770206988723448,"Modern home with parking, spa pool & courtyard",Riccarton Ward,239
22685,19000230,LOCATION .. central to everything! Sunny + modern!,Fendalton Ward,239
14713,979855121206754601,Left-side Private Guest Studio near airport,Harewood Ward,239
14961,667758223208977117,"WakeUp in CHCH Urban Oasis, Close to Arena&Railway",Spreydon Ward,239
20530,612412168196334272,Central Apt | Walk Te Pae + Parking,Central Ward,239
12905,577824727038168288,Cheerful 2 bedroom townhouse in Addington!,Spreydon Ward,239
4521,43582164,Beautiful sunny apartment with off street carpark,Central Ward,239
27360,21717082,Addington-10min/Rail/Wolfbrook Arena/Races/Room A,Spreydon Ward,239
638,45081468,Modern Central City Sunny Apartment,Central Ward,239
26580,28996839,Feel the serenity **Perfect for families**,Banks Peninsula Ward,239
26942,12073907,Grassmere Estate  With Beautiful Tranquil Gardens,Papanui Ward,239
15052,31496830,"Central location, walk to the shops",Riccarton Ward,239
1311,979855121206754601,Left-side Private Guest Studio near airport,Harewood Ward,239
16777,38912136,Home away from home,Fendalton Ward,239
18205,876611972906371671,Tuam on Top! Sleeps 5,Central Ward,239
1294,974777872222265389,Cozy Retreat with Hot Tub,Linwood Ward,239
23289,53616042,"Ocean views, 2 bdrm Bach, beautiful interior decor",Banks Peninsula Ward,239
8746,21717082,Addington-10min/Rail/Wolfbrook Arena/Races/Room A,Spreydon Ward,239
13273,1002570876571291142,Cozy ensuite & Private entrance & Self Check-In,Halswell Ward,238
7871,12073907,Grassmere Estate  With Beautiful Tranquil Gardens,Papanui Ward,238
15893,858199393286050410,Designer's Pad In Central City,Central Ward,238
23128,45930898,Luxury Sunny Warm CBD At Doorstep.,Central Ward,238
23343,623397096468753938,"LOCATION - City Living, New, Modern, Chic",Central Ward,238
23337,612412168196334272,Design Conscious Gem - Centre City |Secure Parking,Central Ward,238
862,612412168196334272,Design Conscious Gem - Centre City |Secure Parking,Central Ward,238
22544,9682036,Koromiko Farm Stay @ Loch Sloy Farm Little River,Banks Peninsula Ward,238
21894,844336853364643343,Central City Boutique Escape,Central Ward,238
22148,43582164,Beautiful sunny apartment with off street carpark,Central Ward,238
166,16665527,"Stylish, charming, stay in our most chic suburb",Fendalton Ward,237
20996,872528956283395020,Stylish Townhouse in Riccarton With Free Parking,Riccarton Ward,237
6803,634415939483950840,The Coolest Townhouse in Christchurch,Central Ward,237
20203,637001139039213011,City on your doorstep. Super location 1 bed apt.,Central Ward,237
3445,1178567676258813098,"Private, own entrance, guest suite",Waimairi Ward,237
3407,41158752,Kanuka Retreat,Banks Peninsula Ward,237
27281,830238950782558696,Addington Stadium Stay,Spreydon Ward,237
23322,588792595589642283,"Convenient, spacious 3 B/R Oasis",Innes Ward,237
12140,927118956899352473,Sleek modern city apartment,Central Ward,237
23534,819067375079761965,Modern spacious apartment in CBD,Central Ward,237
13625,21848694,Akaroa Coastal Cabin,Banks Peninsula Ward,237
3776,787778775400488819,Beating Heart of Christchurch,Central Ward,237
26051,713337408265816459,3 bedroom townhouse Opposite Hagley Park,Riccarton Ward,237
21844,834441199423436405,The Hagley Park Stunna!,Central Ward,236
3441,34318008,Tahi House – 2 Bedroom Retreat with Private Garden,Waimairi Ward,236
20720,21111023,City View - Affordable Luxury Suite. 5k From City,Cashmere Ward,236
23040,41158752,Kanuka Retreat,Banks Peninsula Ward,236
5138,21111023,City View - Affordable Luxury Suite. 5k From City,Cashmere Ward,236
814,53616042,"Ocean views, 2 bdrm Bach, beautiful interior decor",Banks Peninsula Ward,236
27316,763154657366616081,Studio Unit  with Spa Bath!,Hornby Ward,236
3849,46548988,Outstanding Townhouse on Salisbury 1000M/S Fibre,Central Ward,236
21233,41158752,Kanuka Retreat,Banks Peninsula Ward,236
208,19000230,LOCATION .. central to everything! Sunny + modern!,Fendalton Ward,236
654,45930898,Luxury Sunny Warm CBD At Doorstep.,Central Ward,236
9715,979855121206754601,Left-side Private Guest Studio near airport,Harewood Ward,236
19081,687088072539794981,1 Bedroom Apartment Pool Car Park Cathedral Square,Central Ward,236
5077,986026626914704344,Elegant 3BR Home on Mustang Avenue,Halswell Ward,236
9860,1090839883996968423,Hagley Haven l A guest favourite,Riccarton Ward,235
564,41158752,Kanuka Retreat,Banks Peninsula Ward,235
23359,647450066988561662,CBD Location Sunny Warm Free off Street Parking,Central Ward,235
3310,806018558867953027,Brand new 2 bed ocean view!.,Coastal Ward,235
20236,787778775400488819,Beating Heart of Christchurch,Central Ward,235
1080,835763301153714646,1 Bed Central City Fringe Deluxe w/Carpark,Spreydon Ward,235
21322,1178567676258813098,Private guest suite close to the airport.,Waimairi Ward,235
23086,43582164,Beautiful sunny apartment with off street carpark,Central Ward,235
26817,38912136,Home away from home,Fendalton Ward,235
15590,612412168196334272,Design Conscious Gem - Centre City |Secure Parking,Central Ward,235
612,43582164,Beautiful sunny apartment with off street carpark,Central Ward,235
3425,808234879059685574,Serene Two Bedroom Townhouse Close to Airport,Hornby Ward,235
18521,612412168196334272,Design Conscious Gem - Centre City |Secure Parking,Central Ward,234
7951,28996839,Feel the serenity **Perfect for families**,Banks Peninsula Ward,234
21681,877734750121795480,A Hidden Gem on Lincoln Road,Spreydon Ward,234
22703,21111023,City View - Affordable Luxury Suite. 5k From City,Cashmere Ward,234
227,21111023,City View - Affordable Luxury 5kms From The City,Cashmere Ward,234
14492,21111023,City View - Affordable Luxury 5kms From The City,Cashmere Ward,234
23567,844336853364643343,Central City Boutique Escape,Central Ward,234
28152,876611972906371671,Tuam on Top! Sleeps 5,Central Ward,234
21802,46548988,Outstanding Townhouse on Salisbury 1000M/S Fibre,Central Ward,234
18679,1045438274929278193,On the park! Style in the CBD + Free Car Park,Central Ward,234
9892,31496830,"Central location, walk to the shops",Riccarton Ward,234
14449,41158752,Kanuka Retreat,Banks Peninsula Ward,234
11159,21111023,City View - Affordable Luxury 5kms From The City,Cashmere Ward,234
10985,612412168196334272,Design Conscious Gem - Centre City |Secure Parking,Central Ward,234
69,9682036,Koromiko Farm Stay @ Loch Sloy Farm Little River,Banks Peninsula Ward,234
23614,872528956283395020,Stylish Townhouse in Riccarton With Free Parking,Riccarton Ward,234
21336,34318008,Tahi House – 2 Bedroom Retreat with Private Garden,Waimairi Ward,234
19850,806018558867953027,Brand new 2 bed ocean view!.,Coastal Ward,233
21823,1040165894333073209,Gated free car park~Central~2 Bathroom,Central Ward,233
19244,988520051301728024,3 Bed 2.5 Bath Riccarton W/Games room & CarPark,Riccarton Ward,233
28312,612412168196334272,Design Conscious Gem - Centre City |Secure Parking,Central Ward,233
1063,819067375079761965,Modern spacious apartment in CBD,Central Ward,233
17650,50982243,Parkside Relax townhouse Free Parking EV charger,Riccarton Ward,233
3428,1068528666894118761,Stunning House with Spa & Incredible Views,Banks Peninsula Ward,233
15551,45081468,Modern Central City Sunny Apartment,Central Ward,233
12035,577824727038168288,Cheerful 2 bedroom townhouse in Addington!,Spreydon Ward,233
11620,41158752,Kanuka Retreat,Banks Peninsula Ward,232
5876,15472945,Central & Stylish - Bedroom & Private Bathroom,Riccarton Ward,232
8520,38912136,Home away from home,Fendalton Ward,232
15378,53985875,New 3 Storey luxe townhouse on quiet street,Central Ward,232
4467,1148170805108041713,"Leafy 2BR Studio, 10 mins to airport",Waimairi Ward,232
3532,40181973,Spacious 4BR Family Home | Near Airport | Parking,Waimairi Ward,232
15310,974777872222265389,Cozy Retreat with Hot Tub,Linwood Ward,232
8592,713337408265816459,3 bedroom townhouse Opposite Hagley Park,Riccarton Ward,232
26658,882341847699783999,Mariners Cabin: Your seaside escape,Banks Peninsula Ward,232
17025,16578589,Garden Studio with ocean views,Heathcote Ward,232
15520,43582164,Beautiful sunny apartment with off street carpark,Central Ward,232
14994,835763301153714646,1 Bed Central City Fringe Deluxe w/Carpark,Spreydon Ward,231
23546,834441199423436405,The Hagley Park Stunna!,Central Ward,231
19678,1148170805108041713,"Leafy 2BR Studio, 10 mins to airport",Waimairi Ward,231
26079,714770206988723448,"Modern home with parking, spa pool & courtyard",Riccarton Ward,231
12179,858199393286050410,Designer's Pad In Central City,Central Ward,231
28141,687088072539794981,1 Bedroom Apartment Pool Car Park Cathedral Square,Central Ward,231
23351,637001139039213011,City on your doorstep. Super location 1 bed apt.,Central Ward,231
5153,36645528,Stunning views and a pleasant private stay,Cashmere Ward,231
8757,763154657366616081,Studio Unit  with Spa Bath!,Hornby Ward,231
884,647450066988561662,CBD Location Sunny Warm Free off Street Parking,Central Ward,231
868,623397096468753938,"LOCATION - City Living, New, Modern, Chic",Central Ward,231
17277,8034246,Beachside Shack and hot tub,Coastal Ward,231
15858,822548955530298991,The City Sanctuary,Central Ward,231
7928,830238950782558696,Addington Stadium Stay,Spreydon Ward,231
23493,787778775400488819,Beating Heart of Christchurch,Central Ward,231
13050,19000230,LOCATION .. central to everything! Sunny + modern!,Fendalton Ward,231
15603,45930898,Luxury Sunny Warm CBD At Doorstep.,Central Ward,231
27104,837058062814020519,Enchanting Getaway in Merivale,Fendalton Ward,231
22910,34318008,Tahi House – 2 Bedroom Retreat with Private Garden,Waimairi Ward,231
16672,15424952,Garden suite,Cashmere Ward,231
21618,986026626914704344,Elegant 3BR Home on Mustang Avenue,Halswell Ward,231
12247,43582164,Beautiful sunny apartment with off street carpark,Central Ward,230
22479,1097487,Heritage Magic in Merivale,Fendalton Ward,230
6698,1097487,Heritage Magic in Merivale,Fendalton Ward,230
6845,612412168196334272,Design Conscious Gem - Centre City |Secure Parking,Central Ward,230
21422,1097487,Heritage Magic in Merivale,Fendalton Ward,230
15617,647450066988561662,CBD Location Sunny Warm Free off Street Parking,Central Ward,230
11815,1097487,Heritage Magic in Merivale,Fendalton Ward,230
14636,9682036,Koromiko Farm Stay @ Loch Sloy Farm Little River,Banks Peninsula Ward,230
1096,844336853364643343,Central City Boutique Escape,Central Ward,230
15951,1097487,Heritage Magic in Merivale,Fendalton Ward,230
5750,1097487,Heritage Magic in Merivale,Fendalton Ward,230
19902,808234879059685574,Serene Two Bedroom Townhouse Close to Airport,Hornby Ward,230
4,1097487,Heritage Magic in Merivale,Fendalton Ward,230
23517,806018558867953027,Brand new 2 bed ocean view!.,Coastal Ward,230
26835,1097487,Heritage Magic in Merivale,Fendalton Ward,230
10186,9682036,Koromiko Farm Stay @ Loch Sloy Farm Little River,Banks Peninsula Ward,230
15190,1097487,Heritage Magic in Merivale,Fendalton Ward,230
22418,36645528,Stunning views and a pleasant private stay,Cashmere Ward,230
9445,46909371,Luxury and Modern apartment in city center,Central Ward,229
12058,667758223208977117,"WakeUp in CHCH Urban Oasis, Close to Arena&Railway",Spreydon Ward,229
21178,1068528666894118761,Stunning House with Spa & Incredible Views,Banks Peninsula Ward,229
1024,787778775400488819,Beating Heart of Christchurch,Central Ward,229
19280,15472945,Central & Stylish - Bedroom & Private Bathroom,Riccarton Ward,229
6547,46909371,Luxury and Modern apartment in city center,Central Ward,229
3791,49642646,CBD Bright&Warm Home Free Parking in quiet complex,Central Ward,229
1143,872528956283395020,Stylish Townhouse in Riccarton With Free Parking,Riccarton Ward,229
11104,647450066988561662,CBD Location Sunny Warm Free off Street Parking,Central Ward,229
15731,819067375079761965,Modern spacious apartment in CBD,Central Ward,229
26221,16578589,Garden Studio with ocean views,Heathcote Ward,229
18899,46909371,Luxury and Modern apartment in city center,Central Ward,229
11618,21848694,Akaroa Coastal Cabin,Banks Peninsula Ward,229
28434,46909371,Luxury and Modern apartment in city center,Central Ward,229
5024,698679672986567099,Church Bay Hideaway - Beach Access & Sea Views,Banks Peninsula Ward,229
10296,19000230,LOCATION .. central to everything! Sunny + modern!,Fendalton Ward,229
20461,49642646,CBD Bright&Warm Home Free Parking in quiet complex,Central Ward,228
21224,1004252,Governors Bay Waterfront Retreat,Banks Peninsula Ward,228
11201,974777872222265389,Cozy Retreat with Hot Tub,Linwood Ward,228
4302,704556549743355312,The Dream Townhouse,Central Ward,228
7628,687088072539794981,1 Bedroom Apartment Pool Car Park Cathedral Square,Central Ward,228
6207,53881712,"Modern Suite near Te Pae,CBD,Town Hall,Hagley Park",Central Ward,228
12639,53985875,New 3 Storey luxe townhouse on quiet street,Central Ward,228
12318,45081468,Modern Central City Sunny Apartment,Central Ward,228
10789,822548955530298991,The City Sanctuary,Central Ward,228
4879,1004252,Governors Bay Waterfront Retreat,Banks Peninsula Ward,228
16322,19000230,LOCATION .. central to everything! Sunny + modern!,Fendalton Ward,227
7898,837058062814020519,Enchanting Getaway in Merivale,Fendalton Ward,227
4829,45758539,City centre apartment unlimited WIFI,Central Ward,227
14306,844336853364643343,Central City Boutique Escape,Central Ward,227
7620,882341847699783999,Mariners Cabin: Your seaside escape,Banks Peninsula Ward,227
23630,877734750121795480,A Hidden Gem on Lincoln Road,Spreydon Ward,227
1075,834441199423436405,The Hagley Park Stunna!,Central Ward,227
4477,871204934582708163,The Daughter's Anchorage · Historic Cottage,Banks Peninsula Ward,227
436,34318008,Tahi House – 2 Bedroom Retreat with Private Garden,Waimairi Ward,227
8682,876611972906371671,Tuam on Top! Sleeps 5,Central Ward,227
12190,844336853364643343,Central City Boutique Escape,Central Ward,227
22477,1004252,Governors Bay Waterfront Retreat,Banks Peninsula Ward,227
21176,698679672986567099,Church Bay Hideaway - Beach Access & Sea Views,Banks Peninsula Ward,227
25991,50982243,Parkside Relax townhouse Free Parking EV charger,Riccarton Ward,226
22621,15472945,Central & Stylish - Bedroom & Private Bathroom,Riccarton Ward,226
6884,16578589,Garden Studio with ocean views,Heathcote Ward,226
23142,46548988,Outstanding Townhouse on Salisbury 1000M/S Fibre,Central Ward,226
22172,45758539,City centre apartment unlimited WIFI,Central Ward,226
21920,53881712,"Modern Suite near Te Pae,CBD,Town Hall,Hagley Park",Central Ward,226
10390,27711567,"Waimairi Beach, a delightful sanctuary to relax in",Coastal Ward,226
16962,41158752,Kanuka Retreat,Banks Peninsula Ward,226
3782,872547136630455957,City Escape – 1BR Apartment with Free Carpark,Central Ward,226
18415,647450066988561662,CBD Location Sunny Warm Free off Street Parking,Central Ward,226
23398,698679672986567099,Church Bay Hideaway - Beach Access & Sea Views,Banks Peninsula Ward,226
23519,808234879059685574,Serene Two Bedroom Townhouse Close to Airport,Hornby Ward,226
18754,927118956899352473,Sleek modern city apartment,Central Ward,226
23789,988520051301728024,3 Bed 2.5 Bath Riccarton W/Games room & CarPark,Riccarton Ward,226
18207,43582164,Beautiful sunny apartment with off street carpark,Central Ward,225
846,588792595589642283,"Convenient, spacious 3 B/R Oasis",Innes Ward,225
12023,1002570876571291142,Cozy ensuite & Private entrance & Self Check-In,Halswell Ward,225
12313,45930898,Luxury Sunny Warm CBD At Doorstep.,Central Ward,225
10531,835763301153714646,1 Bed Central City Fringe Deluxe w/Carpark,Spreydon Ward,225
23909,1040165894333073209,Gated free car park~Central~2 Bathroom,Central Ward,225
26636,41158752,Kanuka Retreat,Banks Peninsula Ward,225
12796,787778775400488819,Beating Heart of Christchurch,Central Ward,225
23786,986026626914704344,Elegant 3BR Home on Mustang Avenue,Halswell Ward,225
28647,15424952,Garden suite,Cashmere Ward,225
12240,819067375079761965,Modern spacious apartment in CBD,Central Ward,225
28097,647450066988561662,CBD Location Sunny Warm Free off Street Parking,Central Ward,225
876,637001139039213011,City on your doorstep. Super location 1 bed apt.,Central Ward,225
14460,53616042,"Ocean views, 2 bdrm Bach, beautiful interior decor",Banks Peninsula Ward,225
23124,45758539,City centre apartment unlimited WIFI,Central Ward,225
16211,21111023,City View - Affordable Luxury 5kms From The City,Cashmere Ward,225
22941,36645528,Stunning views and a pleasant private stay,Cashmere Ward,225
21812,40327816,Stylish apartment in historic Edwardian building.,Central Ward,224
2,1004252,Governors Bay Waterfront Retreat,Banks Peninsula Ward,224
19688,40181973,Spacious 4BR Family Home | Near Airport | Parking,Waimairi Ward,224
4566,40327816,Stylish apartment in historic Edwardian building.,Central Ward,224
16182,31496830,"Central location, walk to the shops",Riccarton Ward,224
24222,1178567676258813098,Private guest suite close to the airport.,Waimairi Ward,224
24153,1148170805108041713,"Leafy 2BR Studio, 10 mins to airport",Waimairi Ward,224
16433,9682036,Koromiko Farm Stay @ Loch Sloy Farm Little River,Banks Peninsula Ward,223
26825,19000230,LOCATION .. central to everything! Sunny + modern!,Fendalton Ward,223
18301,45930898,Luxury Sunny Warm CBD At Doorstep.,Central Ward,223
11397,11927990,Fabulous Reviews : Host of The Year Finalist 2022,Riccarton Ward,223
9296,11927990,Fabulous Reviews : Host of The Year Finalist 2022,Riccarton Ward,223
20960,11927990,Fabulous Reviews : Host of The Year Finalist 2022,Riccarton Ward,223
23296,53881712,"Modern Suite near Te Pae,CBD,Town Hall,Hagley Park",Central Ward,223
8398,41158752,Kanuka Retreat,Banks Peninsula Ward,223
23208,49642646,CBD Bright&Warm Home Free Parking in quiet complex,Central Ward,223
7770,19000230,LOCATION .. central to everything! Sunny + modern!,Fendalton Ward,223
5538,1251971271821187559,THE BIRD'S NEST - Secluded getaway!,Heathcote Ward,223
94,11927990,Fabulous Reviews : Host of The Year Finalist 2022,Riccarton Ward,223
17559,667758223208977117,"WakeUp in CHCH Urban Oasis, Close to Arena&Railway",Spreydon Ward,223
28149,45930898,Luxury Sunny Warm CBD At Doorstep.,Central Ward,223
8640,50982243,Parkside Relax townhouse Free Parking EV charger,Riccarton Ward,223
6535,11927990,Fabulous Reviews : Host of The Year Finalist 2022,Riccarton Ward,223
13988,872528956283395020,Stylish Townhouse in Riccarton With Free Parking,Riccarton Ward,223
650,45758539,City centre apartment unlimited WIFI,Central Ward,223
22569,11927990,Fabulous Reviews : Host of The Year Finalist 2022,Riccarton Ward,223
26091,11927990,Fabulous Reviews : Host of The Year Finalist 2022,Riccarton Ward,223
14094,11927990,Fabulous Reviews : Host of The Year Finalist 2022,Riccarton Ward,223
19536,871204934582708163,The Daughter's Anchorage · Historic Cottage,Banks Peninsula Ward,223
18025,11927990,Fabulous Reviews : Host of The Year Finalist 2022,Riccarton Ward,223
15482,623397096468753938,"LOCATION - City Living, New, Modern, Chic",Central Ward,223
668,46548988,Outstanding Townhouse on Salisbury 1000M/S Fibre,Central Ward,222
17727,577824727038168288,Cheerful 2 bedroom townhouse in Addington!,Spreydon Ward,222
17199,14560927,Guests favourite. Close to Airport & University,Waimairi Ward,222
27670,53985875,New 3 Storey luxe townhouse on quiet street,Central Ward,222
18503,53985875,New 3 Storey luxe townhouse on quiet street,Central Ward,222
1047,806018558867953027,Brand new 2 bed ocean view!.,Coastal Ward,222
20054,704556549743355312,The Dream Townhouse,Central Ward,222
7453,15424952,Garden suite,Cashmere Ward,222
5557,53376793,Lovely townhouse with city convenience,Heathcote Ward,222
6227,637328794519765588,CBD Sleeps 5• Free Parking• Te Pae•Twn Hall•Casino,Central Ward,222
10993,787778775400488819,Beating Heart of Christchurch,Central Ward,222
9212,45930898,Luxury Sunny Warm CBD At Doorstep.,Central Ward,221
13270,1004252,Governors Bay Waterfront Retreat,Banks Peninsula Ward,221
18549,45081468,Modern Central City Sunny Apartment,Central Ward,221
18566,858199393286050410,Designer's Pad In Central City,Central Ward,221
145,15472945,Central & Stylish - Bedroom & Private Bathroom,Riccarton Ward,221
155,16030936,The historic Bedouin Hut by the River,Banks Peninsula Ward,221
27013,8034246,Beachside Shack and hot tub,Coastal Ward,221
5365,16030936,Riverside Bedouin Hut,Banks Peninsula Ward,221
19610,16030936,Riverside Bedouin Hut,Banks Peninsula Ward,221
8569,647450066988561662,CBD Location Sunny Warm Free off Street Parking,Central Ward,221
22631,16030936,Riverside Bedouin Hut,Banks Peninsula Ward,221
8561,16030936,The Hut by the River & Close to the Sea,Banks Peninsula Ward,221
19363,53376793,Lovely townhouse with city convenience,Heathcote Ward,221
23154,46842223,Location Location Location 2 Mins CBD Free Parking,Central Ward,220
26150,31496830,"Central location, walk to the shops",Riccarton Ward,220
19326,38984697,Modern guestsuite close to University,Riccarton Ward,220
5418,38984697,Modern guestsuite close to University,Riccarton Ward,220
20457,46842223,Location Location Location 2 Mins CBD Free Parking,Central Ward,220
4020,746771667732305581,City Retreat by Hagley Park – Guest Favourite,Riccarton Ward,220
3980,772119345048680386,Beautiful Home w/Parking | 5 min to One NZ Stadium,Linwood Ward,220
733,49642646,CBD Bright&Warm Home Free Parking in quiet complex,Central Ward,220
6469,47225488,Comfy entire townhouse with enhanced cleaning,Central Ward,220
23434,746771667732305581,City Retreat by Hagley Park – Guest Favourite,Riccarton Ward,220
21985,637328794519765588,CBD Sleeps 5• Free Parking• Te Pai•Twn Hall•Casino,Central Ward,220
4414,46842223,Location Location Location 2 Mins CBD Free Parking,Central Ward,220
4017,936446699362227930,Cozy Nest On Manchester,Central Ward,220
23029,40327816,Stylish apartment in historic Edwardian building.,Central Ward,220
468,36645528,Stunning views and a pleasant private stay,Cashmere Ward,220
20525,872547136630455957,City Escape – 1BR Apartment with Free Carpark,Central Ward,220
9117,714770206988723448,"Modern home with parking, spa pool & courtyard",Riccarton Ward,220
22971,38984697,Modern guestsuite close to University,Riccarton Ward,220
20940,746771667732305581,City Retreat by Hagley Park – Guest Favourite,Riccarton Ward,220
11693,1004252,Governors Bay Waterfront Retreat,Banks Peninsula Ward,220
16916,21848694,Akaroa Coastal Cabin,Banks Peninsula Ward,220
15584,45758539,City centre apartment unlimited WIFI,Central Ward,220
15575,46548988,Outstanding Townhouse on Salisbury 1000M/S Fibre,Central Ward,220
18838,1090839883996968423,Hagley Haven l A guest favourite!,Riccarton Ward,220
12858,16665527,"Stylish, charming, stay in our most chic suburb",Fendalton Ward,220
16251,27711567,"Waimairi Beach, a delightful sanctuary to relax in",Coastal Ward,220
28301,1045438274929278193,On the park! Style in the CBD + Free Car Park,Central Ward,220
3981,24105215,Private self contained flat in garden setting,Heathcote Ward,219
820,53881712,"Modern Suite near Te Pae,CBD,Town Hall,Hagley Park",Central Ward,219
497,38984697,Modern guestsuite close to University,Riccarton Ward,219
26568,9682036,Koromiko Farm Stay @ Loch Sloy Farm Little River,Banks Peninsula Ward,219
11339,872528956283395020,Stylish Townhouse in Riccarton With Free Parking,Riccarton Ward,219
23352,637328794519765588,"Walk to Casino, Te pae & Town Hall • Free Parking",Central Ward,219
12539,45758539,City centre apartment unlimited WIFI,Central Ward,219
877,637328794519765588,"Walk to Casino, Te pae & Town Hall • Free Parking",Central Ward,219
27205,27711567,"Waimairi Beach, a delightful sanctuary to relax in",Coastal Ward,219
680,46842223,Location Location Location 2 Mins CBD Free Parking,Central Ward,219
23987,1068528666894118761,Stunning House with Spa & Incredible Views,Banks Peninsula Ward,219
1049,808234879059685574,Serene Two Bedroom Townhouse Close to Airport,Hornby Ward,219
925,698679672986567099,Church Bay Hideaway - Beach Access & Sea Views,Banks Peninsula Ward,219
5833,873475397226708234,Addington luxury townhouse,Spreydon Ward,219
16146,844336853364643343,Central City Boutique Escape,Central Ward,219
21689,873475397226708234,Addington luxury townhouse,Spreydon Ward,219
28144,43582164,Beautiful sunny apartment with off street carpark,Central Ward,219
28687,21111023,City View - Affordable Luxury 5kms From The City,Cashmere Ward,218
23019,40181973,Spacious 4BR Family Home • Near Airport • Parking,Waimairi Ward,218
26689,21848694,Akaroa Coastal Cabin,Banks Peninsula Ward,218
6680,1241359704320664791,Modern townhouse in amazing location + carpark,Central Ward,218
5595,18240301,SUBURBAN OASIS,Heathcote Ward,218
10819,623397096468753938,"LOCATION - City Living, New, Modern, Chic",Central Ward,218
21026,18240301,SUBURBAN OASIS,Heathcote Ward,218
23405,704556549743355312,The Dream Townhouse,Central Ward,218
19373,24105215,Private self contained flat in garden setting,Heathcote Ward,218
23283,53376793,Lovely townhouse with city convenience,Heathcote Ward,218
12878,34318008,Tahi House – 2 Bedroom Retreat with Private Garden,Waimairi Ward,218
12291,46548988,Outstanding Townhouse on Salisbury 1000M/S Fibre,Central Ward,218
15680,46842223,Location Location Location 2 Mins CBD Free Parking,Central Ward,218
27271,667758223208977117,"WakeUp in CHCH Urban Oasis, Close to Arena&Railway",Spreydon Ward,218
22451,772119345048680386,Beautiful home near everything!,Linwood Ward,218
17287,979855121206754601,Left-side Private Guest Studio near airport,Harewood Ward,218
1159,877734750121795480,A Hidden Gem on Lincoln Road,Spreydon Ward,218
22870,31002610,warm house in south island,Burwood Ward,217
22669,18240301,SUBURBAN OASIS,Heathcote Ward,217
3773,813259682015692602,Deluxe Central Retreat with Super King Bed,Central Ward,217
3327,31002610,warm house in south island,Burwood Ward,217
26677,1004252,Governors Bay Waterfront Retreat,Banks Peninsula Ward,217
11639,53616042,"Ocean views, 2 bdrm Bach, beautiful interior decor",Banks Peninsula Ward,217
17715,1004252,Governors Bay Waterfront Retreat,Banks Peninsula Ward,217
15338,637328794519765588,"Walk to Casino, Te pae & Town Hall • Free Parking",Central Ward,217
9275,53985875,New 3 Storey luxe townhouse on quiet street,Central Ward,217
8775,1004252,Governors Bay Waterfront Retreat,Banks Peninsula Ward,217
27374,577824727038168288,Cheerful 2 bedroom townhouse in Addington!,Spreydon Ward,217
9391,31496830,"Central location, walk to the shops",Riccarton Ward,217
4699,1161213044338512029,Bright & Airy on Tuam - 2 Beds Apartment,Central Ward,217
18348,819067375079761965,Modern spacious apartment in CBD,Central Ward,217
10292,16665527,"Stylish, charming, stay in our most chic suburb",Fendalton Ward,217
22329,47225488,Comfy entire townhouse with enhanced cleaning,Central Ward,217
18556,822548955530298991,The City Sanctuary,Central Ward,217
11021,46842223,Location Location Location 2 Mins CBD Free Parking,Central Ward,217
21030,775611783178511067,"Near to City, King Bed, Clean & Tidy House",Heathcote Ward,216
6856,9682036,Koromiko Farm Stay @ Loch Sloy Farm Little River,Banks Peninsula Ward,216
14015,834441199423436405,The Hagley Park Stunna!,Central Ward,216
17605,835763301153714646,1 Bed Central City Fringe Deluxe w/Carpark,Spreydon Ward,216
192,18240301,SUBURBAN OASIS,Heathcote Ward,216
5563,775611783178511067,"Near to City, King Bed, Clean & Tidy House",Heathcote Ward,216
12105,637328794519765588,"Walk to Casino, Te pae & Town Hall • Free Parking",Central Ward,216
16626,974777872222265389,Cozy Retreat with Hot Tub,Linwood Ward,216
14540,15472945,Central & Stylish - Bedroom & Private Bathroom,Riccarton Ward,216
7965,43582164,Beautiful sunny apartment with off street carpark,Central Ward,216
16202,46842223,Location Location Location 2 Mins CBD Free Parking,Central Ward,216
966,746771667732305581,Hagley Park Escape – Stylish City Retreat,Riccarton Ward,216
19084,787778775400488819,Beating Heart of Christchurch,Central Ward,216
19821,31002610,warm house in south island,Burwood Ward,216
8897,27711567,"Waimairi Beach, a delightful sanctuary to relax in",Coastal Ward,216
23621,873475397226708234,Addington luxury townhouse,Spreydon Ward,216
23612,871204934582708163,The Daughter's Anchorage · Historic Cottage,Banks Peninsula Ward,216
20069,813259682015692602,Deluxe Central Retreat with Super King Bed,Central Ward,215
553,40327816,Stylish apartment in historic Edwardian building.,Central Ward,215
28568,974777872222265389,Cozy Retreat with Hot Tub,Linwood Ward,215
1321,988520051301728024,3 Bed 2.5 Bath Riccarton W/Games room & CarPark,Riccarton Ward,215
28058,927118956899352473,Sleek modern city apartment,Central Ward,215
14992,38984697,Modern guestsuite close to University,Riccarton Ward,215
23163,47225488,Comfy entire townhouse with enhanced cleaning,Central Ward,215
1318,986026626914704344,Elegant 3BR Home on Mustang Avenue,Halswell Ward,215
17563,872528956283395020,Stylish Townhouse in Riccarton With Free Parking,Riccarton Ward,215
397,31002610,warm house in south island,Burwood Ward,215
215,19812732,Prestigious Country stay  10ks from CBD,Halswell Ward,214
22769,24105215,Private self contained flat in garden setting,Heathcote Ward,214
9572,19812732,Prestigious Country stay  10ks from CBD,Halswell Ward,214
28081,45081468,Modern Central City Sunny Apartment,Central Ward,214
5163,19812732,Bush and birds,Halswell Ward,214
15601,49642646,CBD Bright&Warm Home Free Parking in quiet complex,Central Ward,214
9440,44410512,"Brand new warm and cosy home, 10 mins to town",Burwood Ward,214
17628,19812732,Prestigious Country stay  10ks from CBD,Halswell Ward,214
5091,49389638,Wonderful Family Retreat | 4BR Near Airport,Hornby Ward,214
22691,19812732,Bush and birds,Halswell Ward,214
543,40181973,Spacious 4BR Family Home • Parking • Near Airport,Waimairi Ward,214
27449,19812732,Prestigious Country stay  10ks from CBD,Halswell Ward,214
13925,698679672986567099,Church Bay Hideaway - Beach Access & Sea Views,Banks Peninsula Ward,214
15040,19812732,Prestigious Country stay  10ks from CBD,Halswell Ward,214
21780,936446699362227930,Cozy Nest On Manchester,Central Ward,214
10471,19812732,Prestigious Country stay  10ks from CBD,Halswell Ward,214
4093,31125766,Quality Centrally Located Two Bedroom Apartment,Central Ward,214
20123,1241359704320664791,Modern townhouse in amazing location + carpark,Central Ward,214
12821,637001139039213011,City on your doorstep. Super location 1 bed apt.,Central Ward,214
19960,19812732,Bush and birds,Halswell Ward,214
5915,967760129147377073,Walk to Riverside Market: 4 bed 4 bath w/ Car Park,Central Ward,213
22067,31125766,Quality Centrally Located Two Bedroom Apartment,Central Ward,213
808,53376793,Lovely townhouse with city convenience,Heathcote Ward,213
6407,714704241562367821,"Stylish Apartment in CBD, Walk to Stadium",Central Ward,213
13260,36645528,Stunning views and a pleasant private stay,Cashmere Ward,213
23463,772119345048680386,Beautiful home near everything!,Linwood Ward,213
11358,746771667732305581,Incredible getaway by Hagley Park!,Riccarton Ward,213
18574,45758539,City centre apartment unlimited WIFI,Central Ward,213
27973,787778775400488819,Beating Heart of Christchurch,Central Ward,213
13361,53881712,"Modern Suite near Te Pae,CBD,Town Hall,Hagley Park",Central Ward,213
12656,36645528,Stunning views and a pleasant private stay,Cashmere Ward,213
21825,40098644,Superb park side haven in Central Christchurch,Central Ward,213
3807,889960602050212249,Charming Downtown Hideaway 1 bed 1 bath,Central Ward,213
8697,8034246,Beachside Shack and hot tub,Coastal Ward,213
932,704556549743355312,The Dream Townhouse,Central Ward,213
4774,40098644,Superb park side haven in Central Christchurch,Central Ward,213
5028,2352051,Luxury Cass Bay Retreat (A),Banks Peninsula Ward,213
14820,746771667732305581,Hagley Park Escape – Stylish City Retreat,Riccarton Ward,213
3708,18722018,Self Contained Guest House.,Papanui Ward,212
14908,588792595589642283,"Convenient, spacious 3 B/R Oasis",Innes Ward,212
19547,2352051,Luxury Cass Bay Retreat (A),Banks Peninsula Ward,212
6675,649641408017117481,Penthouse Apartment Scenic Views-Spacious 2br,Central Ward,212
16199,623397096468753938,"LOCATION - City Living, New, Modern, Chic",Central Ward,212
24347,1241359704320664791,Modern townhouse in amazing location + carpark,Central Ward,212
21580,49389638,Wonderful Family Retreat | 4BR Near Airport,Hornby Ward,212
23471,775611783178511067,"Near to City, King Bed, Clean & Tidy House",Heathcote Ward,212
22873,31125766,Quality Centrally Located Two Bedroom Apartment,Central Ward,212
27913,858199393286050410,Designer's Pad In Central City,Central Ward,212
16808,53616042,"Ocean views, 2 bdrm Bach, beautiful interior decor",Banks Peninsula Ward,212
13875,31002610,warm house in south island,Burwood Ward,212
7374,21848694,Akaroa Coastal Cabin,Banks Peninsula Ward,212
19370,1251971271821187559,THE BIRD'S NEST - Secluded getaway!,Heathcote Ward,212
1755,1178567676258813098,Private guest suite close to the airport.,Waimairi Ward,212
12870,806018558867953027,Brand new 2 bed ocean view!.,Coastal Ward,212
12384,834441199423436405,The Hagley Park Stunna!,Central Ward,212
1442,1040165894333073209,Gated free car park~Central~2 Bathroom,Central Ward,212
21374,18722018,Self Contained Guest House.,Papanui Ward,212
11744,34318008,Tahi House – 2 Bedroom Retreat with Private Garden,Waimairi Ward,212
400,31125766,Quality Centrally Located Two Bedroom Apartment,Central Ward,211
15770,47356235,City View In Central Chch with Free Valet Parking,Central Ward,211
6291,665376658321129986,Contemporary Living in the Central City,Central Ward,211
691,47356235,City View In Central Chch with Free Valet Parking,Central Ward,211
994,772119345048680386,Beautiful home near everything!,Linwood Ward,211
26770,14560927,Private in top 1%. Close to Airport & University,Waimairi Ward,211
23016,40098644,Superb park side haven in Central Christchurch,Central Ward,211
23524,813259682015692602,Deluxe Central Retreat with Super King Bed,Central Ward,211
9850,38984697,Modern guestsuite close to University,Riccarton Ward,211
18404,637328794519765588,Quiet CBD Retreat • Free Parking • Walk to Te Pae,Central Ward,211
689,47225488,Comfy entire townhouse with enhanced cleaning,Central Ward,211
9172,577824727038168288,Cheerful 2 bedroom townhouse in Addington!,Spreydon Ward,211
5781,22252261,Christchurch 4bdrm close to Hagley Park -Riccarton,Riccarton Ward,211
20497,714704241562367821,"Stylish Apartment in CBD, Walk to Stadium",Central Ward,211
20490,47356235,City View In Central Chch with Free Valet Parking,Central Ward,211
6055,1008203587172656636,CBD Gem Walk to everything 3 bedroom 2 bath,Central Ward,211
18703,46548988,Outstanding Townhouse on Salisbury 1000M/S Fibre,Central Ward,211
23165,47356235,City View In Central Chch with Free Valet Parking,Central Ward,211
3805,47356235,City View In Central Chch with Free Valet Parking,Central Ward,211
13900,36184286,Warm and Cozy Modern Home,Waimairi Ward,211
3830,47225102,Stylish one bedroom entire apartment Speedy WiFi,Central Ward,211
10648,47356235,City View In Central Chch with Free Valet Parking,Central Ward,211
28445,46842223,Location Location Location 2 Mins CBD Free Parking,Central Ward,210
13118,808234879059685574,Serene Two Bedroom Townhouse Close to Airport,Hornby Ward,210
12825,18240301,SUBURBAN OASIS,Heathcote Ward,210
1150,873475397226708234,Addington luxury townhouse,Spreydon Ward,210
22680,18722018,Self Contained Guest House.,Papanui Ward,210
17886,746771667732305581,Incredible getaway by Hagley Park!,Riccarton Ward,210
9835,15472945,Central & Stylish - Bedroom & Private Bathroom,Riccarton Ward,210
295,24105215,Private self contained flat in garden setting,Heathcote Ward,210
15925,704556549743355312,The Dream Townhouse,Central Ward,210
23616,872547136630455957,City Escape – 1BR Apartment with Free Carpark,Central Ward,210
7914,667758223208977117,"WakeUp in CHCH Urban Oasis, Close to Arena&Railway",Spreydon Ward,210
18505,47356235,City View In Central Chch with Free Valet Parking,Central Ward,210
4466,1217695187293023936,Skyline Studio by airport w/home theater &Netflix,Waimairi Ward,210
22248,47225102,Stylish one bedroom entire apartment Speedy WiFi,Central Ward,209
22202,1161213044338512029,Bright & Airy on Tuam - 2 Beds Apartment,Central Ward,209
7396,21111023,City Views - Affordable Luxury 5kms From The City,Cashmere Ward,209
16586,38984697,Modern guestsuite close to University,Riccarton Ward,209
23361,649641408017117481,Penthouse Apartment Scenic Views-Spacious 2br,Central Ward,209
21790,889960602050212249,Charming Downtown Hideaway 1 bed 1 bath,Central Ward,209
11663,698679672986567099,Church Bay Hideaway - Beach Access & Sea Views,Banks Peninsula Ward,209
7774,787778775400488819,Beating Heart of Christchurch,Central Ward,209
6140,53206741,Sunny 2BR City Pad Free Parking + Walk to CBD,Central Ward,209
20952,22252261,Christchurch 4bdrm close to Hagley Park Riccarton,Riccarton Ward,209
20216,967760129147377073,Walk to Riverside Market: 4 bed 4 bath w/ Car Park,Central Ward,209
21964,53206741,"Sun Drenched City Pad, Free Parking",Central Ward,209
22489,2352051,Luxury Cass Bay Retreat (A),Banks Peninsula Ward,209
4356,1429281,Self contained & fully equipped,Halswell Ward,209
23277,53206741,"Sun Drenched City Pad, Free Parking",Central Ward,209
4534,49777874,Walking Distance CBD 2 Bdrms Secure Park,Central Ward,209
21735,1008203587172656636,CBD Gem Walk to everything 3 bedroom 2 bath,Central Ward,209
21840,649641408017117481,Penthouse Apartment Scenic Views-Spacious 2br,Central Ward,209
25774,979855121206754601,Left-side Private Guest Studio near airport,Harewood Ward,209
10452,808234879059685574,Serene Two Bedroom Townhouse Close to Airport,Hornby Ward,209
17598,36645528,Stunning views and a pleasant private stay,Cashmere Ward,208
12232,53881712,"Modern Suite near Te Pae,CBD,Town Hall,Hagley Park",Central Ward,208
10376,31002610,warm house in south island,Burwood Ward,208
11056,49642646,CBD Bright&Warm Home Free Parking in quiet complex,Central Ward,208
1145,872547136630455957,1 Bedroom City Base with Free Car Park,Central Ward,208
28553,36645528,Stunning views and a pleasant private stay,Cashmere Ward,208
11749,36184286,Warm and Cozy Modern Home,Waimairi Ward,208
28309,45758539,City centre apartment unlimited WIFI,Central Ward,208
13558,877734750121795480,A Hidden Gem on Lincoln Road,Spreydon Ward,208
17088,15472945,Central & Stylish - Bedroom & Private Bathroom,Riccarton Ward,208
9427,36645528,Stunning views and a pleasant private stay,Cashmere Ward,208
9431,974777872222265389,Cozy Retreat with Hot Tub,Linwood Ward,208
10690,637001139039213011,City on your doorstep. Super location 1 bed apt.,Central Ward,208
5703,28764644,Affordable CBD Studio For 4!  - Free Parking,Fendalton Ward,208
203,18722018,Self Contained Guest House.,Papanui Ward,208
28505,844336853364643343,Central City Boutique Escape,Central Ward,208
8719,1045438274929278193,On the park! Style in the CBD + Free Car Park,Central Ward,208
13223,898232000701755227,Where Home Meets Serenity in Christchurch,Papanui Ward,208
15224,53376793,Lovely townhouse with city convenience,Heathcote Ward,208
1520,1068528666894118761,Stunning House with Spa & Incredible Views,Banks Peninsula Ward,208
5494,23733674,Halswell lovely modern 4 Bedroom Home,Halswell Ward,208
12909,988520051301728024,3 Bed 2.5 Bath Riccarton W/Games room & CarPark,Riccarton Ward,208
13917,986026626914704344,Elegant 3BR Home on Mustang Avenue,Halswell Ward,208
26168,15472945,Central & Stylish - Bedroom & Private Bathroom,Riccarton Ward,208
15335,772119345048680386,Beautiful home near everything!,Linwood Ward,208
14341,31125766,Quality Centrally Located Two Bedroom Apartment,Central Ward,207
27911,822548955530298991,The City Sanctuary,Central Ward,207
23207,49389638,Wonderful Family Retreat | 4BR Near Airport,Hornby Ward,207
26002,1090839883996968423,Hagley Haven l A guest favourite!,Riccarton Ward,207
19743,28764644,Affordable CBD Studio For 4!  - Free Parking,Fendalton Ward,207
6926,45081468,Modern Central City Sunny Apartment,Central Ward,207
27285,835763301153714646,1 Bed Central City Fringe Deluxe w/Carpark,Spreydon Ward,207
6920,927118956899352473,Sleek modern city apartment,Central Ward,207
28394,819067375079761965,Modern spacious apartment in CBD,Central Ward,207
22306,49777874,Walking Distance CBD 2 Bdrms Secure Park,Central Ward,207
23655,889960602050212249,Charming Downtown Hideaway 1 bed 1 bath,Central Ward,207
10858,704556549743355312,The Dream Townhouse,Central Ward,207
802,53206741,"Sun Drenched City Pad, Free Parking",Central Ward,207
13191,40181973,"Family 4BR Home • By Airport • BBQ, Large Backyard",Waimairi Ward,207
1053,813259682015692602,Deluxe Central Retreat with Super King Bed,Central Ward,207
540,40098644,Superb park side haven in Central Christchurch,Central Ward,207
15929,40327816,Stylish apartment in historic Edwardian building.,Central Ward,207
6062,43582798,2 bedroom stadium apartment with car park,Central Ward,207
1141,871204934582708163,The Daughter's Anchorage · Historic Cottage,Banks Peninsula Ward,207
20532,665376658321129986,Contemporary Living in the Central City,Central Ward,207
19978,23733674,Halswell lovely modern 4 Bedroom Home,Halswell Ward,207
10394,806018558867953027,Brand new 2 bed ocean view!,Coastal Ward,206
27681,637328794519765588,Modern CBD • Walk to Te Pae•Free Parking•TownHall•,Central Ward,206
5517,2723640,Tranquillity with city views at The Bothy,Cashmere Ward,206
5840,1100518535899259167,Stylish 2BR in Merivale | Quiet Street near CBD,Fendalton Ward,206
26004,746771667732305581,Incredible getaway by Hagley Park!,Riccarton Ward,206
26465,53616042,"Ocean views, 2 bdrm Bach, beautiful interior decor",Banks Peninsula Ward,206
12726,772119345048680386,Beautiful home near everything!,Linwood Ward,206
5787,22130249,Self Contained Studio 10 min from City,Linwood Ward,206
18275,49642646,CBD Bright&Warm Home Free Parking in quiet complex,Central Ward,206
28122,46548988,Outstanding Townhouse on Salisbury 1000M/S Fibre,Central Ward,206
1686,1148170805108041713,"Leafy 2BR Studio, 10 mins to airport",Waimairi Ward,206
3854,1186205375741916298,Chic and Contemporary Living at Cambridge Terrace,Central Ward,206
23383,681327249544331373,"Spacious Home close to City, With Free Parking",Heathcote Ward,206
911,681327249544331373,"Spacious Home close to City, With Free Parking",Heathcote Ward,206
21351,1217695187293023936,Skyline Studio by airport w/home theater &Netflix,Waimairi Ward,206
14598,871204934582708163,The Daughter's Anchorage · Historic Cottage,Banks Peninsula Ward,206
23833,1008203587172656636,CBD Gem Walk to everything 3 bedroom 2 bath,Central Ward,206
20377,43582798,Like new 2 bed fast broadband and car space,Central Ward,206
1363,1008203587172656636,CBD Gem Walk to everything 3 bedroom 2 bath,Central Ward,206
5955,958313026752690956,3BR/4BA Townhouse • Sleeps 7 • Parking • Games,Central Ward,206
21038,681327249544331373,"Spacious Home Close to City, With Free Parking",Heathcote Ward,206
20705,2723640,Tranquillity with city views at The Bothy,Cashmere Ward,206
5952,1010663748636372391,Downtown Bliss - 4-BR Retreat Amidst the Cityscape,Central Ward,206
5560,681327249544331373,"Spacious Home Close to City, With Free Parking",Heathcote Ward,206
25980,872528956283395020,Stylish Townhouse in Riccarton With Free Parking,Riccarton Ward,206
9747,588792595589642283,"Convenient, spacious 3 B/R Oasis",Innes Ward,206
21642,1429281,Self contained & fully equipped,Halswell Ward,206
10043,871204934582708163,The Daughter's Anchorage · Historic Cottage,Banks Peninsula Ward,205
28303,623397096468753938,"LOCATION - City Living, New, Modern, Chic",Central Ward,205
5455,950101202044267016,Central City Hideout with/Free Car parking,Central Ward,205
22480,1429281,Self contained & fully equipped,Halswell Ward,205
14859,18722018,Self Contained Guest House.,Papanui Ward,205
23089,43582798,Like new 2 bed fast broadband and car space,Central Ward,205
22725,22130249,Self Contained Studio 10 min from City,Linwood Ward,205
22490,2723640,Tranquillity with city views at The Bothy,Cashmere Ward,205
15,2723640,Tranquillity with city views at The Bothy,Cashmere Ward,205
16438,34318008,Tahi House – 2 Bedroom Retreat with Private Garden,Waimairi Ward,205
19709,24742386,Garden Studio With Ensuite (Breakfast included),Papanui Ward,205
28155,49642646,CBD Bright&Warm Home Free Parking in quiet complex,Central Ward,205
28091,47356235,City View In Central Chch with Free Valet Parking,Central Ward,205
3228,24742386,Garden Studio With Ensuite (Breakfast included),Papanui Ward,205
8156,46842223,Location Location Location 2 Mins CBD Free Parking,Central Ward,205
6350,663865174329279524,Worcester Terraces - One Central Christchurch,Central Ward,205
7968,15472945,Central & Stylish - Bedroom & Private Bathroom,Riccarton Ward,205
20625,663865174329279524,Worcester Terraces - One Central Christchurch,Central Ward,205
22728,22252261,Christchurch 4bdrm close to Hagley Park Riccarton,Riccarton Ward,205
886,649641408017117481,Penthouse Apartment Scenic Views-Spacious 2br,Central Ward,205
17035,31002610,warm house in south island,Burwood Ward,205
22765,23733674,Halswell lovely modern 4 Bedroom Home,Halswell Ward,205
13420,872547136630455957,1 Bedroom City Base with Free Car Park,Central Ward,205
8991,47356235,City View In Central Chch with Free Valet Parking,Central Ward,204
5374,710318515139246702,Spacious room in Family Home,Waimairi Ward,204
23716,936446699362227930,Cozy Nest On Manchester,Central Ward,204
291,23733674,Halswell lovely modern 4 Bedroom Home,Halswell Ward,204
23209,49777874,Walking Distance CBD 2 Bdrms Secure Park,Central Ward,204
17454,36184286,Warm and Cozy Modern Home,Waimairi Ward,204
3588,849686201373934402,Stunning new home tranquil hill views,Halswell Ward,204
23373,665376658321129986,Contemporary Living in the Central City,Central Ward,204
1882,1241359704320664791,Modern townhouse in amazing location + carpark,Central Ward,204
16573,834441199423436405,The Hagley Park Stunna!,Central Ward,204
11459,18240301,SUBURBAN OASIS,Heathcote Ward,204
8701,45758539,City centre apartment unlimited WIFI,Central Ward,204
15382,681327249544331373,"Spacious Home close to City, With Free Parking",Heathcote Ward,204
23414,714704241562367821,"Stylish Apartment in City Centre, walk to stadium",Central Ward,204
8672,844336853364643343,Central City Boutique Escape,Central Ward,204
16176,806018558867953027,Brand new 2 bed ocean view!,Coastal Ward,204
6072,552170024764779150,Executive City Pad Free Basement Park CBD 3 Mins,Central Ward,204
7662,46548988,Outstanding Townhouse on Salisbury 1000M/S Fibre,Central Ward,203
22782,24742386,Garden Studio With Ensuite (Breakfast included),Papanui Ward,203
10259,898232000701755227,Where Home Meets Serenity in Christchurch,Papanui Ward,203
11143,2723640,Tranquillity with city views at The Bothy,Cashmere Ward,203
8216,872528956283395020,Stylish Townhouse in Riccarton With Free Parking,Riccarton Ward,203
13464,47225488,Comfy entire townhouse with enhanced cleaning,Central Ward,203
26078,38984697,Modern guestsuite close to University,Riccarton Ward,203
15082,873475397226708234,Addington luxury townhouse,Spreydon Ward,203
9170,14560927,Private in top 1%. Close to Airport & University,Waimairi Ward,203
16885,18240301,SUBURBAN OASIS,Heathcote Ward,203
15283,2723640,Tranquillity with city views at The Bothy,Cashmere Ward,203
8506,53616042,"Ocean views, 2 bdrm Bach, beautiful interior decor",Banks Peninsula Ward,203
4303,777740994793512769,Chic City apartment. Free parking for 2 cars,Fendalton Ward,203
18696,637001139039213011,City on your doorstep. Super location 1 bed apt.,Central Ward,203
20213,1010663748636372391,Downtown Bliss - 4-BR Retreat Amidst the Cityscape,Central Ward,203
20217,958313026752690956,3BR/4BA Townhouse • Sleeps 8 • Parking • Games,Central Ward,202
18252,2723640,Tranquillity with city views at The Bothy,Cashmere Ward,202
23752,967760129147377073,Walk to Riverside Market: 4 bed 4 bath w/ Car Park,Central Ward,202
12161,31125766,Quality Centrally Located Two Bedroom Apartment,Central Ward,202
19663,710318515139246702,Spacious room in Family Home,Waimairi Ward,202
11783,18722018,Self Contained Guest House.,Papanui Ward,202
18048,772119345048680386,Beautiful home near everything!,Linwood Ward,202
17117,16665527,"Stylish, charming, stay in our most chic suburb",Fendalton Ward,202
12353,40327816,Stylish apartment in historic Edwardian building.,Central Ward,202
24372,1251971271821187559,THE BIRD'S NEST - Secluded getaway!,Heathcote Ward,202
14069,1040165894333073209,Gated free car park~Central~2 Bathroom,Central Ward,202
14118,40098644,Superb park side haven in Central Christchurch,Central Ward,202
9812,988520051301728024,3 Bed 2.5 Bath Riccarton W/Games room & CarPark,Riccarton Ward,202
1184,889960602050212249,Charming Downtown Hideaway 1 bed 1 bath,Central Ward,202
21736,552170024764779150,Executive City Pad Free Basement Park CBD 3 Mins,Central Ward,202
26842,36184286,Warm and Cozy Modern Home,Waimairi Ward,202
12938,53206741,"Sun Drenched City Pad, Free Parking",Central Ward,202
615,43582798,Like new 2 bed fast broadband and car space,Central Ward,202
12597,47225488,Comfy entire townhouse with enhanced cleaning,Central Ward,202
8780,49642646,CBD Bright&Warm Home Free Parking in quiet complex,Central Ward,202
1002,775611783178511067,"Near to City, King Bed, Clean & Tidy House",Heathcote Ward,202
8858,31002610,warm house in south island,Burwood Ward,202
23372,663865174329279524,Worcester Terraces - One Central Christchurch,Central Ward,202
4014,880173979573913977,Lincoln road modern townhouse,Spreydon Ward,202
14,2352051,Luxury Cass Bay Retreat (A),Banks Peninsula Ward,202
7543,858199393286050410,Designer's Pad In Central City,Central Ward,202
9943,53376793,Lovely townhouse with city convenience,Heathcote Ward,202
11433,681327249544331373,"Spacious Home close to City, With Free Parking",Heathcote Ward,202
16538,871204934582708163,The Daughter's Anchorage  |  Historic Cottage,Banks Peninsula Ward,202
9239,637328794519765588,Modern CBD • Walk to Te Pae•Free Parking •Casino•,Central Ward,202
16075,18722018,Self Contained Guest House.,Papanui Ward,202
10223,40181973,"Family 4BR Home • By Airport • BBQ, Large Backyard",Waimairi Ward,202
8781,835763301153714646,1 Bed Central City Fringe Deluxe w/Carpark,Spreydon Ward,202
27192,31002610,warm house in south island,Burwood Ward,202
12398,40098644,Superb park side haven in Central Christchurch,Central Ward,201
9592,822548955530298991,The City Sanctuary,Central Ward,201
15234,24105215,Private self contained flat in garden setting,Heathcote Ward,201
4855,966357988562518793,Guest Suite in Strowan,Fendalton Ward,201
17318,698679672986567099,Church Bay Hideaway - Beach Access & Sea Views,Banks Peninsula Ward,201
734,49777874,Walking Distance CBD 2 Bdrms Secure Park,Central Ward,201
8028,819067375079761965,Modern spacious apartment in CBD,Central Ward,201
254,22252261,Christchurch 4bdrm close to Hagley Park Riccarton,Riccarton Ward,201
8155,2723640,Tranquillity with city views at The Bothy,Cashmere Ward,201
4767,1266185072625199570,Traveller & Business Guest Suite,Cashmere Ward,201
5173,1408467299578818634,Guesthouse on Gardiners,Harewood Ward,201
26927,18722018,Self Contained Guest House.,Papanui Ward,201
19955,849686201373934402,Stunning new home tranquil hill views,Halswell Ward,201
28739,772119345048680386,Beautiful home near everything!,Linwood Ward,201
28652,2723640,Tranquillity with city views at The Bothy,Cashmere Ward,201
5,1429281,Self contained & fully equipped,Halswell Ward,201
10783,872547136630455957,1 Bedroom City Base with Free Car Park,Central Ward,200
250,22130249,Self Contained Studio 10 min from City,Linwood Ward,200
12002,986026626914704344,Elegant 3BR Home on Mustang Avenue,Halswell Ward,200
18371,47225488,Comfy entire townhouse with enhanced cleaning,Central Ward,200
18068,704556549743355312,The Dream Townhouse,Central Ward,200
23162,47225102,Stylish one bedroom entire apartment Speedy WiFi,Central Ward,200
13185,22252261,Christchurch 4bdrm close to Hagley Park Riccarton,Riccarton Ward,200
20013,880173979573913977,Lincoln road modern townhouse,Spreydon Ward,200
9158,38984697,Modern guestsuite close to University,Riccarton Ward,200
942,714704241562367821,"Stylish Apartment in City Centre, walk to stadium",Central Ward,200
19260,47761558,Handy Riccarton Hagley Park CBD 10 Mins,Riccarton Ward,200
13523,813259682015692602,Deluxe Central Retreat with Super King Bed,Central Ward,200
19806,966357988562518793,Guest Suite in Strowan,Fendalton Ward,200
5585,30020244,Haven in Huntsbury: The genuine Bed and Breakfast,Cashmere Ward,200
18851,53881712,"Modern Suite near Te Pae,CBD,Town Hall,Hagley Park",Central Ward,200
899,663865174329279524,Worcester Terraces - One Central Christchurch,Central Ward,200
20679,30020244,Haven in Huntsbury: The genuine Bed and Breakfast,Cashmere Ward,200
9038,623397096468753938,"LOCATION - City Living, New, Modern, Chic",Central Ward,200
15202,1008203587172656636,CBD Gem Walk to everything 3 bedroom 2 bath,Central Ward,200
15696,49777874,Walking Distance CBD 2 Bdrms Secure Park,Central Ward,200
5630,47761558,Handy Riccarton Hagley Park CBD 10 Mins,Riccarton Ward,200
3515,16480028,Streamview Studio Apartments (Ground Floor),Innes Ward,199
22217,1186205375741916298,Chic and Contemporary Living at Cambridge Terrace,Central Ward,199
161,16480028,Streamview Studio Apartments (Ground Floor),Innes Ward,199
23738,958313026752690956,3BR/4BA Townhouse • Sleeps 8 • Parking • Games,Central Ward,199
1283,967760129147377073,Walk to Riverside Market: 4 bed 4 bath w/ Car Park,Central Ward,199
14743,1429281,Self contained & fully equipped,Halswell Ward,199
23577,849686201373934402,Stunning new home tranquil hill views,Halswell Ward,199
18399,49777874,Walking Distance CBD 2 Bdrms Secure Park,Central Ward,199
18137,16480028,Streamview Studio Apartments (Ground Floor),Innes Ward,199
4166,855502585938146467,Entertainment Hub 2 bed 2 bath with Free Car park,Central Ward,199
11320,16480028,Streamview Studio Apartments (Ground Floor),Innes Ward,199
13178,23733674,Halswell lovely modern 4 Bedroom Home,Halswell Ward,199
28189,834441199423436405,The Hagley Park Stunna!,Central Ward,199
900,665376658321129986,Contemporary Living in the Central City,Central Ward,199
20882,16480028,Streamview Studio Apartments (Ground Floor),Innes Ward,199
22636,16480028,Streamview Studio Apartments (Ground Floor),Innes Ward,199
732,49389638,Wonderful Family Retreat | 4BR Near Airport,Hornby Ward,199
23307,552170024764779150,Executive City Pad Free Basement Park CBD 3 Mins,Central Ward,199
7328,746771667732305581,Incredible getaway by Hagley Park!,Riccarton Ward,199
25891,16480028,Streamview Studio Apartments (Ground Floor),Innes Ward,199
12355,49777874,Walking Distance CBD 2 Bdrms Secure Park,Central Ward,199
14982,16480028,Streamview Studio Apartments (Ground Floor),Innes Ward,199
15063,649641408017117481,Penthouse Apartment Scenic Views-Spacious 2br,Central Ward,199
26776,34318008,Tahi House – 2 Bedroom Retreat with Private Garden,Waimairi Ward,198
7485,16480028,Streamview Studio Apartments (Ground Floor),Innes Ward,198
8764,979855121206754601,Left-side Private Guest Studio near airport,Harewood Ward,198
24180,1161213044338512029,Bright & Airy on Tuam - 2 Beds Apartment,Central Ward,198
309,24742386,Garden Studio With Ensuite (Breakfast included),Papanui Ward,198
10000,24105215,Private self contained flat in garden setting,Heathcote Ward,198
23843,1010663748636372391,Downtown Bliss - 4-BR Retreat Amidst the Cityscape,Central Ward,198
12092,877734750121795480,A Hidden Gem on Lincoln Road,Spreydon Ward,198
4342,1006152691713709590,Penthouse Perfection: 2BR Elegance on Worcester St,Central Ward,198
19762,777740994793512769,Chic City apartment. Free parking for 2 cars,Fendalton Ward,198
7649,36184286,Warm and Cozy Modern Home,Waimairi Ward,198
7995,18722018,Self Contained Guest House.,Papanui Ward,198
27042,806018558867953027,Brand new 2 bed ocean view!,Coastal Ward,198
11424,22252261,Christchurch 4bdrm close to Hagley Park Riccarton,Riccarton Ward,198
23170,47761558,Handy Riccarton Hagley Park CBD 10 Mins,Riccarton Ward,198
26340,18240301,SUBURBAN OASIS,Heathcote Ward,198
18965,1002570876571291142,Entire space & Self check-in,Halswell Ward,198
359,28764644,Affordable CBD Studio For 4!  - Free Parking,Fendalton Ward,198
12574,1008203587172656636,CBD Gem Walk to everything 3 bedroom 2 bath,Central Ward,198
1106,849686201373934402,Stunning new home tranquil hill views,Halswell Ward,198
17760,40098644,Superb park side haven in Central Christchurch,Central Ward,198
26538,871204934582708163,The Daughter's Anchorage  |  Historic Cottage,Banks Peninsula Ward,197
16428,808234879059685574,Serene Two Bedroom Townhouse Close to Airport,Hornby Ward,197
10493,23733674,Halswell lovely modern 4 Bedroom Home,Halswell Ward,197
3803,1241368912811080729,Superb Location - 2bd + 2bth - Carpark Included,Central Ward,197
23410,710318515139246702,Spacious room in Family Home,Waimairi Ward,197
4731,50381603,"New Luxury town house on Salisbury with 65""TV",Central Ward,197
8177,47225488,Comfy entire townhouse with enhanced cleaning,Central Ward,197
27982,47225488,Comfy entire townhouse with enhanced cleaning,Central Ward,197
16537,40181973,Family Oasis Near Airport • Large Backyard • 4BR,Waimairi Ward,197
21412,1100518535899259167,Stylish 2BR in Merivale | Quiet Street near CBD,Fendalton Ward,197
27589,637001139039213011,City on your doorstep. Super location 1 bed apt.,Central Ward,197
12087,873475397226708234,Addington luxury townhouse,Spreydon Ward,197
11992,1429281,Self contained & fully equipped,Halswell Ward,197
1245,936446699362227930,Cozy Nest On Manchester,Central Ward,197
696,47761558,Handy Riccarton Hagley Park CBD 10 Mins,Riccarton Ward,197
27541,49777874,Walking Distance CBD 2 Bdrms Secure Park,Central Ward,197
8100,49777874,Walking Distance CBD 2 Bdrms Secure Park,Central Ward,196
18732,1008203587172656636,CBD Gem Walk to everything 3 bedroom 2 bath,Central Ward,196
21285,1893596,"Luxury at its best, Quail's Nest",Banks Peninsula Ward,196
22855,30020244,Haven in Huntsbury: The genuine Bed and Breakfast,Cashmere Ward,196
23749,966357988562518793,Guest Suite in Strowan,Fendalton Ward,196
22359,950101202044267016,Central City Hideout with/Free Car parking,Central Ward,196
18615,988520051301728024,3 Bed 2.5 Bath Riccarton W/Games room & CarPark,Riccarton Ward,196
19577,26607644,Akaroa Retreat Gatekeepers Cottage,Banks Peninsula Ward,196
22484,1893596,"Luxury at its best, Quail's Nest",Banks Peninsula Ward,196
3410,26607644,Akaroa Retreat Gatekeepers Cottage,Banks Peninsula Ward,196
9,1893596,"Luxury at its best, Quail's Nest",Banks Peninsula Ward,196
20939,47850750,"Best Location Park, Hospital, Supermarket, handy.",Riccarton Ward,196
16375,1429281,Self contained & fully equipped,Halswell Ward,196
26539,698679672986567099,Church Bay Hideaway - Beach Access & Sea Views,Banks Peninsula Ward,196
12945,43582798,Like new 2 bed fast broadband and car space,Central Ward,196
5171,743956944312049806,Cosy stay near Christchurch airport,Hornby Ward,196
6247,962555353123555014,Central City Escape 1 Bed 1 Bath near Hagley Park,Central Ward,196
12784,1241359704320664791,Modern townhouse in amazing location + carpark,Central Ward,196
22798,26607644,Akaroa Retreat Gatekeepers Cottage,Banks Peninsula Ward,196
5586,47850750,"Best Location Park, Hospital, Supermarket, handy.",Riccarton Ward,196
28160,704556549743355312,The Dream Townhouse,Central Ward,196
10599,813259682015692602,Deluxe Central Retreat with Super King Bed,Central Ward,196
3688,1211821643986951362,Merivale Separate Studio,Fendalton Ward,195
24293,1217695187293023936,Skyline Studio by airport w/home theater &Netflix,Waimairi Ward,195
12097,53206741,"Sun Drenched City Pad, Free Parking",Central Ward,195
27696,53881712,"Modern Suite near Te Pae,CBD,Town Hall,Hagley Park",Central Ward,195
21988,962555353123555014,Central City Escape 1 Bed 1 Bath near Hagley Park,Central Ward,195
4513,734425165492263110,Close and walkable on Salisbury Street-City Centre,Central Ward,195
688,47225102,Stylish one bedroom entire apartment Speedy WiFi,Central Ward,195
7003,772119345048680386,Beautiful home near everything!,Linwood Ward,195
13739,2352051,Luxury Cass Bay Retreat (A),Banks Peninsula Ward,195
27216,743956944312049806,Cosy stay near Christchurch airport,Hornby Ward,195
8130,743956944312049806,Cosy stay near Christchurch airport,Hornby Ward,195
17684,588792595589642283,"Convenient, spacious 3 B/R Oasis",Innes Ward,195
382,30020244,Haven in Huntsbury: The genuine Bed and Breakfast,Cashmere Ward,195
18951,743956944312049806,Cosy stay near Christchurch airport,Hornby Ward,195
14105,47761558,Handy Riccarton Hagley Park CBD 10 Mins,Riccarton Ward,195
15054,967760129147377073,Walk to Riverside Market: 4 bed 4 bath w/ Car Park,Central Ward,195
17764,24105215,Private self contained flat in garden setting,Heathcote Ward,195
10830,43582798,Like new 2 bed fast broadband and car space,Central Ward,195
5616,23378565,Oasis near city center,Central Ward,195
20821,1408467299578818634,Guesthouse on Gardiners - No cleaning fee.,Harewood Ward,195
20043,50381603,"New Luxury town house on Salisbury with 65""TV",Central Ward,195
20142,23378565,Oasis near city center,Central Ward,195
6782,18240301,SUBURBAN OASIS,Heathcote Ward,194
23186,47850750,"Best Location Park, Hospital, Supermarket, handy.",Riccarton Ward,194
22379,1266185072625199570,Traveller & Business Guest Suite,Cashmere Ward,194
14691,1068528666894118761,Stunning House with Spa & Incredible Views,Banks Peninsula Ward,194
3343,27374938,Paradise by the beach!,Coastal Ward,194
1269,958313026752690956,3BR/4BA Townhouse • Sleeps 8 • Parking • Games,Central Ward,194
17893,23733674,Halswell lovely modern 4 Bedroom Home,Halswell Ward,194
17939,22252261,Christchurch 4bdrm close to Hagley Park Riccarton,Riccarton Ward,194
21947,855502585938146467,Entertainment Hub 2 bed 2 bath with Free Car park,Central Ward,194
16676,53376793,Lovely townhouse with city convenience,Heathcote Ward,194
4983,1893596,"Luxury at its best, Quail's Nest",Banks Peninsula Ward,194
27239,1429281,Self contained & fully equipped,Halswell Ward,194
22758,23378565,Oasis near city center,Central Ward,194
22808,27374938,Paradise by the beach!,Coastal Ward,194
8782,1090839883996968423,Hagley Haven l A guest favourite!,Riccarton Ward,194
8776,34318008,Tahi House – 2 Bedroom Retreat with Private Garden,Waimairi Ward,194
12416,649641408017117481,Penthouse Apartment Scenic Views-Spacious 2br,Central Ward,194
22267,1006152691713709590,Penthouse Perfection: 2BR Elegance on Worcester St,Central Ward,194
831,552170024764779150,Executive City Pad Free Basement Park CBD 3 Mins,Central Ward,194
325,26607644,Akaroa Retreat Gatekeepers Cottage,Banks Peninsula Ward,194
5881,1040156052687115632,Stylish~Central~Gated free car park-King Beds,Innes Ward,194
13028,1893596,"Luxury at its best, Quail's Nest",Banks Peninsula Ward,194
19877,27374938,Paradise by the beach!,Coastal Ward,194
14282,22130249,Self Contained Studio 10min from City centre,Linwood Ward,194
23216,50381603,"New Luxury town house on Salisbury with 65""TV",Central Ward,193
18512,31125766,Quality Centrally Located Two Bedroom Apartment,Central Ward,193
9872,47761558,Handy Riccarton Hagley Park CBD 10 Mins,Riccarton Ward,193
13667,27374938,Paradise by the beach!,Coastal Ward,193
27388,27374938,Paradise by the beach!,Coastal Ward,193
17080,27374938,Paradise by the beach!,Coastal Ward,193
712,47850750,"Best Location Park, Hospital, Supermarket, handy.",Riccarton Ward,193
5015,50706253,The Sumner Loft,Heathcote Ward,193
335,27374938,Paradise by the beach!,Coastal Ward,193
15143,47850750,"Best Location Park, Hospital, Supermarket, handy.",Riccarton Ward,193
5271,1088774752680002629,Beautiful Haven Near Airport!,Harewood Ward,193
13320,958313026752690956,3BR/4BA Townhouse • Sleeps 8 • Parking • Games,Central Ward,193
1280,966357988562518793,Guest Suite in Strowan,Fendalton Ward,193
13144,1178567676258813098,Private guest suite close to the airport.,Waimairi Ward,193
9068,1429281,Self contained & fully equipped,Halswell Ward,193
18076,40327816,Stylish apartment in historic Edwardian building.,Central Ward,193
10402,27374938,Paradise by the beach!,Coastal Ward,193
8093,27374938,Paradise by the beach!,Coastal Ward,193
26826,16665527,"Stylish, charming, stay in our most chic suburb",Fendalton Ward,193
12389,1040165894333073209,Gated free car park~Central~2 Bathroom,Central Ward,193
17472,898232000701755227,Where Home Meets Serenity in Christchurch,Papanui Ward,193
28354,1008203587172656636,CBD Gem Walk to everything 3 bedroom 2 bath,Central Ward,193
17589,681327249544331373,"Spacious Home close to City, With Free Parking",Heathcote Ward,193
4384,675571824847066088,Elegant 2-Level Penthouse with Panoramic Views,Fendalton Ward,193
23585,855502585938146467,Entertainment Hub 2 bed 2 bath with Free Car park,Central Ward,193
4621,44926806,Kereru Haven: Pigeon Bay home with a view,Banks Peninsula Ward,193
5532,13548527,"""Home away from Home"" - warm, sunny, welcoming.",Spreydon Ward,192
8185,31125766,Quality Centrally Located Two Bedroom Apartment,Central Ward,192
15528,889960602050212249,Charming Downtown Hideaway 1 bed 1 bath,Central Ward,192
27968,31125766,Quality Centrally Located Two Bedroom Apartment,Central Ward,192
19108,813259682015692602,Deluxe Central Retreat with Super King Bed,Central Ward,192
23745,962555353123555014,Central City Escape 1 Bed 1 Bath near Hagley Park,Central Ward,192
11699,1893596,"Luxury at its best, Quail's Nest",Banks Peninsula Ward,192
1373,1010663748636372391,Downtown Bliss - 4-BR Retreat Amidst the Cityscape,Central Ward,192
21076,50706253,The Sumner Loft,Heathcote Ward,192
27717,40098644,Superb park side haven in Central Christchurch,Central Ward,192
23637,880173979573913977,Lincoln road modern townhouse,Spreydon Ward,192
10143,2352051,Luxury Cass Bay Retreat (A),Banks Peninsula Ward,192
26875,40181973,Spacious 4BR Family-Friendly • Parking •By Airport,Waimairi Ward,192
4917,44367152,"Enjoy this magical place,  best views in the bay",Banks Peninsula Ward,192
20032,13548527,"""Home away from Home"" - warm, sunny, welcoming.",Spreydon Ward,192
9223,637001139039213011,City on your doorstep. Super location 1 bed apt.,Central Ward,191
9137,40181973,Spacious Family 4BR Home | Parking | By Airport,Waimairi Ward,191
284,23378565,Oasis near city center,Central Ward,191
9116,834441199423436405,The Hagley Park Stunna!,Central Ward,191
741,50381603,"New Luxury town house on Salisbury with 65""TV",Central Ward,191
19546,44367152,"Enjoy this magical place,  best views in the bay",Banks Peninsula Ward,191
19607,44926806,Kereru Haven: Pigeon Bay home with a view,Banks Peninsula Ward,191
16640,873475397226708234,Addington luxury townhouse,Spreydon Ward,191
16723,9454870,Rose Garden Townhouse - cosy retreat in Merivale,Fendalton Ward,191
8744,871204934582708163,The Daughter's Anchorage  |  Historic Cottage,Banks Peninsula Ward,191
27460,23733674,Halswell lovely modern 4 Bedroom Home,Halswell Ward,191
5606,688061539804807067,Self-contained private ensuite by the river,Cashmere Ward,191
3347,20139393,Snowberry Cottage @ Loch Sloy Farm Little River,Banks Peninsula Ward,191
6402,1281411573831034460,Urban Retreat: Modern Studio in Central City,Central Ward,191
10852,1241359704320664791,Modern townhouse in amazing location + carpark,Central Ward,191
26815,9454870,Rose Garden Townhouse - cosy retreat in Merivale,Fendalton Ward,191
9461,9454870,Rose Garden Townhouse - cosy retreat in Merivale,Fendalton Ward,191
13902,1148170805108041713,"Leafy 2BR Studio, 10 mins to airport",Waimairi Ward,191
21675,37436662,Penthouse apartment overlooking the park,Spreydon Ward,191
5686,37436662,Penthouse apartment overlooking the park,Spreydon Ward,191
17377,1893596,"Luxury at its best, Quail's Nest",Banks Peninsula Ward,191
15546,663865174329279524,Worcester Terraces - One Central Christchurch,Central Ward,191
26962,898232000701755227,Where Home Meets Serenity in Christchurch,Papanui Ward,191
6836,806018558867953027,Brand new 2 bed ocean view!,Coastal Ward,191
22117,1241368912811080729,Superb Location - 2bd + 2bth - Carpark Included,Central Ward,190
11405,47850750,"Best Location Park, Hospital, Supermarket, handy.",Riccarton Ward,190
17223,986026626914704344,Elegant 3BR Home on Mustang Avenue,Halswell Ward,190
6120,887218982616365848,3 Bedroom 2 Bathroom Hagley Parkside Perch,Central Ward,190
25997,988520051301728024,3 Bed 2.5 Bath Riccarton W/Games room & CarPark,Riccarton Ward,190
6050,1008908987109400598,Garden View 2-Bedroom Getaway in Christchurch,Central Ward,190
4967,21178486,Garden apartment with panoramic coastal views.,Heathcote Ward,190
12879,49389638,Wonderful Family Retreat | 4BR Near Airport,Hornby Ward,190
23105,44367152,"Enjoy this magical place,  best views in the bay",Banks Peninsula Ward,190
16669,53206741,"Sun Drenched City Pad, Free Parking",Central Ward,190
25832,588792595589642283,Convenient  1 or 2 or 3 bedroom Oasis,Innes Ward,190
13579,26607644,Akaroa Retreat Gatekeepers Cottage,Banks Peninsula Ward,190
23478,777740994793512769,Chic City apartment. Free parking for 2 cars,Fendalton Ward,190
4385,54306761,Studio 294.  Inner City Oasis,Central Ward,190
14033,24742386,Garden Studio With Ensuite (Breakfast included),Papanui Ward,190
21842,734425165492263110,Close and walkable on Salisbury Street-City Centre,Central Ward,190
5865,51215241,New Townhouse in private complex with EV charger,Spreydon Ward,190
26553,1893596,"Luxury at its best, Quail's Nest",Banks Peninsula Ward,190
5140,13962354,Cashmere Hills with Stunning Mountain Views,Cashmere Ward,190
18605,43582798,Like new 2 bed fast broadband and car space,Central Ward,190
22020,54306761,Studio 294.  Inner City Oasis,Central Ward,190
19561,20139393,Snowberry Cottage @ Loch Sloy Farm Little River,Banks Peninsula Ward,190
24045,1100518535899259167,The little Gem at Merivale close to everything,Fendalton Ward,190
21080,21178486,Garden apartment with panoramic coastal views.,Heathcote Ward,190
16697,872547136630455957,1 Bedroom City Base with Free Car Park,Central Ward,190
27320,808234879059685574,Serene Two Bedroom Townhouse Close to Airport,Hornby Ward,190
4653,1057494426658475676,Casebrook Guest Suite - 5 min drive to airport,Harewood Ward,190
8711,1893596,"Luxury at its best, Quail's Nest",Banks Peninsula Ward,190
23301,54306761,Studio 294.  Inner City Oasis,Central Ward,190
9276,53881712,"Modern Suite near Te Pae,CBD,Town Hall,Hagley Park",Central Ward,190
7872,698679672986567099,Church Bay Hideaway - Beach Access & Sea Views,Banks Peninsula Ward,189
13578,44367152,"Enjoy this magical place,  best views in the bay",Banks Peninsula Ward,189
9408,40098644,Superb park side haven in Central Christchurch,Central Ward,189
631,44367152,"Enjoy this magical place,  best views in the bay",Banks Peninsula Ward,189
10771,967760129147377073,Walk to Riverside Market: 4 bed 4 bath w/ Car Park,Central Ward,189
1907,1251971271821187559,THE BIRD'S NEST - Secluded getaway!,Heathcote Ward,189
14478,30020244,Haven in Huntsbury: The genuine Bed and Breakfast,Cashmere Ward,189
23828,1006152691713709590,Penthouse Perfection: 2BR Elegance on Worcester St,Central Ward,189
1114,855502585938146467,Entertainment Hub 2 bed 2 bath with Free Car park,Central Ward,189
7361,704556549743355312,The Dream Townhouse,Central Ward,189
14120,849686201373934402,Stunning new home tranquil hill views,Halswell Ward,189
10115,26607644,Akaroa Retreat Gatekeepers Cottage,Banks Peninsula Ward,189
24233,1186205375741916298,Chic and Contemporary Living at Cambridge Terrace,Central Ward,189
22705,21178486,Garden apartment with panoramic coastal views.,Heathcote Ward,189
19745,675571824847066088,Elegant 2-Level Penthouse with Panoramic Views,Fendalton Ward,189
107,13548527,"""Home away from Home"" - warm, sunny, welcoming.",Spreydon Ward,189
22583,13548527,"""Home away from Home"" - warm, sunny, welcoming.",Spreydon Ward,189
28279,40327816,Stylish apartment in historic Edwardian building.,Central Ward,189
21687,51215241,New Townhouse in private complex with EV charger,Spreydon Ward,189
14873,936446699362227930,Cozy Nest On Manchester,Central Ward,189
1713,1161213044338512029,Bright & Airy on Tuam - 2 Beds Apartment,Central Ward,189
13354,552170024764779150,Executive City Pad Free Basement Park CBD 3 Mins,Central Ward,189
11176,22130249,Self Contained Studio 10min from City centre,Linwood Ward,189
20710,688061539804807067,Self-contained private ensuite by the river,Cashmere Ward,189
23728,950101202044267016,Central City Hideout with/Free Car parking,Central Ward,189
26644,26607644,Akaroa Retreat Gatekeepers Cottage,Banks Peninsula Ward,188
22694,20139393,Snowberry Cottage @ Loch Sloy Farm Little River,Banks Peninsula Ward,188
6021,1136634151113125967,Home Away - earlier check in and FREE Netflix,Central Ward,188
23381,675571824847066088,Elegant 2-Level Penthouse with Panoramic Views,Fendalton Ward,188
20719,13962354,Cashmere Hills with Stunning Mountain Views,Cashmere Ward,188
21641,1014904656476258259,"Sunny, Queen Suite Breakfast Included Room 1.",Halswell Ward,188
20971,703217582305232763,Christchurch Westfield holiday home,Riccarton Ward,188
23220,50706253,The Sumner Loft,Heathcote Ward,188
8529,26607644,Akaroa Retreat Gatekeepers Cottage,Banks Peninsula Ward,188
938,710318515139246702,Spacious room in Family Home,Waimairi Ward,188
4757,703217582305232763,Christchurch Westfield holiday home,Riccarton Ward,188
219,20139393,Snowberry Cottage @ Loch Sloy Farm Little River,Banks Peninsula Ward,188
229,21178486,Garden apartment with panoramic coastal views.,Heathcote Ward,188
23851,1014904656476258259,"Sunny, Queen Suite Breakfast Included Room 1.",Halswell Ward,188
27965,813259682015692602,Deluxe Central Retreat with Super King Bed,Central Ward,188
11554,1068528666894118761,Stunning House with Spa & Incredible Views,Banks Peninsula Ward,188
17002,26607644,Akaroa Retreat Gatekeepers Cottage,Banks Peninsula Ward,188
13335,714704241562367821,"Stylish Apartment in City Centre, 5 Star Reviews",Central Ward,188
17788,649641408017117481,Penthouse Apartment Scenic Views-Spacious 2br,Central Ward,188
27432,1002570876571291142,Entire space - NO Sharing with others,Halswell Ward,188
825,54306761,Studio 294.  Inner City Oasis,Central Ward,188
3558,1014904656476258259,"Sunny, Queen Suite Breakfast Included Room 1.",Halswell Ward,188
18668,47761558,Handy Riccarton Hagley Park CBD 10 Mins,Riccarton Ward,188
4563,789342390301273709,Heart of CBD House | Walk to One NZ Stadium,Central Ward,188
10591,663865174329279524,Worcester Terraces - One Central Christchurch,Central Ward,188
22689,19704351,Attached studio by the beach (plus breakfast),Coastal Ward,187
19862,19704351,Attached studio by the beach (plus breakfast),Coastal Ward,187
8549,16665527,"Stylish, charming, stay in our most chic suburb",Fendalton Ward,187
11720,1178567676258813098,Private guest suite close to the airport.,Waimairi Ward,187
19783,1211821643986951362,Merivale Separate Studio,Fendalton Ward,187
1276,962555353123555014,Central City Escape 1 Bed 1 Bath near Hagley Park,Central Ward,187
11964,49389638,Peaceful  4 Bedrooms Family Home Close To Airport,Hornby Ward,187
20849,1040156052687115632,Stylish~Central~Gated free car park-King Beds,Innes Ward,187
23403,703217582305232763,Christchurch Westfield holiday home,Riccarton Ward,187
9323,1008203587172656636,CBD Gem Walk to everything 3 bedroom 2 bath,Central Ward,187
10244,24742386,Garden Studio With Ensuite (Breakfast included),Papanui Ward,187
20176,789342390301273709,1 Bed Comfort in the Heart of CHCH,Central Ward,187
20180,887218982616365848,3 Bedroom 2 Bathroom Hagley Parkside Perch,Central Ward,187
15737,665376658321129986,Contemporary Living in the Central City,Central Ward,187
26200,24105215,Private self contained flat in garden setting,Heathcote Ward,187
23426,734425165492263110,Close and walkable on Salisbury Street-City Centre,Central Ward,187
26063,47761558,Handy Riccarton Hagley Park CBD 10 Mins,Riccarton Ward,187
4088,1010636229809557046,Madhouse Comfort - 2-BR Haven on Tuam Street,Central Ward,187
20815,1088774752680002629,Beautiful haven near airport!,Harewood Ward,187
1827,1217695187293023936,Skyline Studio by airport w/home theater &Netflix,Waimairi Ward,187
9278,23733674,Halswell lovely modern 4 Bedroom Home,Halswell Ward,187
23111,44926806,Kereru Haven: Pigeon Bay home with a view,Banks Peninsula Ward,187
1166,880173979573913977,Lincoln road modern townhouse,Spreydon Ward,187
10112,44367152,"Enjoy this magical place,  best views in the bay",Banks Peninsula Ward,187
14059,28764644,Affordable CBD Studio For 4!  - Free Parking,Fendalton Ward,187
26260,22252261,Christchurch 4bdrm close to Hagley Park Riccarton,Riccarton Ward,186
23390,688061539804807067,Self-contained private ensuite by the river,Cashmere Ward,186
9597,40327816,Stylish apartment in historic Edwardian building.,Central Ward,186
22791,25683049,The gold room,Central Ward,186
12995,775611783178511067,"Near to City, King Bed, Clean & Tidy House",Heathcote Ward,186
15896,855502585938146467,Entertainment Hub 2 bed 2 bath with Free Car park,Central Ward,186
14950,13548527,"""Home away from Home"" - warm, sunny, welcoming.",Spreydon Ward,186
27747,53206741,"Sun Drenched City Pad, Free Parking",Central Ward,186
12408,936446699362227930,Cozy Nest On Manchester,Central Ward,186
20139,25683049,The gold room,Central Ward,186
7529,813259682015692602,Deluxe Central Retreat with Super King Bed,Central Ward,186
23496,789342390301273709,1 Bed Comfort in the Heart of CHCH,Central Ward,186
5741,25683049,The gold room,Central Ward,186
12630,552170024764779150,Executive City Pad Free Basement Park CBD 3 Mins,Central Ward,186
11034,958313026752690956,3BR/4BA Townhouse • Sleeps 8 • Parking • Games,Central Ward,186
23648,887218982616365848,3 Bedroom 2 Bathroom Hagley Parkside Perch,Central Ward,185
18227,967760129147377073,Walk to Riverside Market: 4 bed 4 bath w/ Car Park,Central Ward,185
1358,1006152691713709590,Penthouse Perfection: 2BR Elegance on Worcester St,Central Ward,185
14654,21178486,Garden apartment with panoramic coastal views.,Heathcote Ward,185
318,25683049,The gold room,Central Ward,185
23233,51215241,New Townhouse in private complex with EV charger,Spreydon Ward,185
18139,663865174329279524,Worcester Terraces - One Central Christchurch,Central Ward,185
20175,1008908987109400598,Garden View 2-Bedroom Getaway in Christchurch,Central Ward,185
10073,20139393,Snowberry Cottage @ Loch Sloy Farm Little River,Banks Peninsula Ward,185
20055,871849845979834306,Stylish City Fringe 2 Bedroom House.,Central Ward,185
6264,854510283014249307,Stylish 2 Bedroom Located In The Central City!.,Central Ward,185
26289,53376793,Lovely townhouse with city convenience,Heathcote Ward,185
14662,20139393,Snowberry Cottage @ Loch Sloy Farm Little River,Banks Peninsula Ward,185
28089,663865174329279524,Worcester Terraces - One Central Christchurch,Central Ward,185
12988,25683049,The gold room,Central Ward,185
8773,808234879059685574,Serene Two Bedroom Townhouse Close to Airport,Hornby Ward,185
22951,37436662,Brand new penthouse apartment overlooking the park,Spreydon Ward,185
12109,889960602050212249,Charming Downtown Hideaway 1 bed 1 bath,Central Ward,185
24400,1266185072625199570,Traveller & Business Guest Suite,Cashmere Ward,185
957,734425165492263110,Close and walkable on Salisbury Street-City Centre,Central Ward,185
19163,1057494426658475676,Casebrook Guest Suite - 5 min drive to airport,Harewood Ward,185
28197,649641408017117481,Penthouse Apartment Scenic Views-Spacious 2br,Central Ward,185
17801,47850750,"Best Location Park, Hospital, Supermarket, handy.",Riccarton Ward,185
909,675571824847066088,Elegant 2-Level Penthouse with Panoramic Views,Fendalton Ward,185
15567,50381603,"New Luxury town house on Salisbury with 65""TV",Central Ward,184
15579,47225102,Stylish one bedroom entire apartment Speedy WiFi,Central Ward,184
14327,962555353123555014,Central City Escape 1 Bed 1 Bath near Hagley Park,Central Ward,184
14351,1010663748636372391,Downtown Bliss - 4-BR Retreat Amidst the Cityscape,Central Ward,184
27986,872547136630455957,1 Bedroom City Base with Free Car Park,Central Ward,184
213,19704351,Attached studio by the beach (plus breakfast),Coastal Ward,184
10640,714704241562367821,"Stylish Apartment in City Centre, 5 Star Reviews",Central Ward,184
637,44926806,Kereru Haven: Pigeon Bay home with a view,Banks Peninsula Ward,184
7929,898232000701755227,Where Home Meets Serenity in Christchurch,Papanui Ward,184
8250,588792595589642283,Convenient  1 or 2 or 3 bedroom Oasis,Innes Ward,184
17009,2352051,Luxury Cass Bay Retreat (A),Banks Peninsula Ward,184
17370,20139393,Snowberry Cottage @ Loch Sloy Farm Little River,Banks Peninsula Ward,184
24804,1408467299578818634,Guesthouse on Gardiners - No cleaning fee.,Harewood Ward,184
5916,38186323,Avonview Cottage,Central Ward,184
17800,877734750121795480,A Hidden Gem on Lincoln Road,Spreydon Ward,184
21486,939512531332903750,"New home, new bed, warm home - low price",Burwood Ward,184
22593,13962354,Cashmere Hills with Stunning Mountain Views,Cashmere Ward,184
23613,871849845979834306,Stylish City Fringe 2 Bedroom House.,Central Ward,184
10824,25683049,The gold room,Central Ward,184
13181,966357988562518793,Guest Suite in Strowan,Fendalton Ward,184
4277,939512531332903750,"New home, new bed, warm home - low price",Burwood Ward,184
930,703217582305232763,Christchurch Westfield holiday home,Riccarton Ward,184
4292,871849845979834306,Stylish City Fringe 2 Bedroom House.,Central Ward,184
3535,666076898460296632,"Superb 4 Bedroom with free parking, cafe next door",Riccarton Ward,184
20341,1281411573831034460,Urban Retreat: Modern Studio in Central City,Central Ward,183
10503,849686201373934402,Stunning new home tranquil hill views,Halswell Ward,183
23834,1008908987109400598,Garden View 2-Bedroom Getaway in Christchurch,Central Ward,183
23963,1057494426658475676,Casebrook Guest Suite - 5 min drive to airport,Harewood Ward,183
3754,846595843743458997,2 Bedrooms apprtmt.+Underground Parking in CBD,Central Ward,183
759,51215241,New Townhouse in private complex with EV charger,Spreydon Ward,183
746,50706253,The Sumner Loft,Heathcote Ward,183
20215,1010636229809557046,Madhouse Comfort - 2-BR Haven on Tuam Street,Central Ward,183
26106,681327249544331373,"Spacious Home close to City, With Free Parking",Heathcote Ward,183
7758,663865174329279524,Worcester Terraces - One Central Christchurch,Central Ward,183
1142,871849845979834306,Stylish City Fringe 2 Bedroom House.,Central Ward,183
20969,666076898460296632,"Superb 4 Bedroom with free parking, cafe next door",Riccarton Ward,183
7547,53206741,"Sun Drenched City Pad, Free Parking",Central Ward,183
26551,20139393,Snowberry Cottage @ Loch Sloy Farm Little River,Banks Peninsula Ward,183
17882,22130249,Self Contained Studio 10min from City centre,Linwood Ward,183
26093,47850750,"Best Location Park, Hospital, Supermarket, handy.",Riccarton Ward,183
4889,34397036,Christchurch Character Home Strowan,Fendalton Ward,183
15960,1241359704320664791,Modern townhouse in amazing location + carpark,Central Ward,183
27491,873475397226708234,Addington luxury townhouse,Spreydon Ward,183
15214,23378565,Oasis near city center,Central Ward,183
