index,TimeFrame,Location Id,Dwelling Type,Number Of Beds,Median Rent,Total Bonds
2456,2026-04-01,100100,ALL,ALL,425.0,6
2457,2026-04-01,100400,ALL,ALL,510.0,6
2458,2026-04-01,100600,ALL,ALL,630.0,9
2459,2026-04-01,100700,ALL,ALL,550.0,12
2460,2026-04-01,100800,ALL,ALL,500.0,27
2461,2026-04-01,101100,ALL,ALL,550.0,21
2462,2026-04-01,102100,ALL,ALL,410.0,6
2463,2026-04-01,102200,ALL,ALL,685.0,6
2464,2026-04-01,102400,ALL,ALL,523.0,6
2465,2026-04-01,102500,ALL,ALL,613.0,6
2466,2026-04-01,102800,ALL,ALL,660.0,18
2467,2026-04-01,103000,ALL,ALL,638.0,30
2468,2026-04-01,103100,ALL,ALL,650.0,21
2469,2026-04-01,103500,ALL,ALL,470.0,24
2470,2026-04-01,103900,ALL,ALL,500.0,21
2471,2026-04-01,104300,ALL,ALL,550.0,9
2472,2026-04-01,104600,ALL,ALL,625.0,6
2473,2026-04-01,104900,ALL,ALL,450.0,6
2474,2026-04-01,105300,ALL,ALL,650.0,9
2475,2026-04-01,105400,ALL,ALL,420.0,6
2476,2026-04-01,105500,ALL,ALL,530.0,9
2477,2026-04-01,105600,ALL,ALL,550.0,6
2478,2026-04-01,105800,ALL,ALL,650.0,18
2479,2026-04-01,105900,ALL,ALL,640.0,15
2480,2026-04-01,106000,ALL,ALL,590.0,9
2481,2026-04-01,106100,ALL,ALL,600.0,21
2482,2026-04-01,106200,ALL,ALL,645.0,27
2483,2026-04-01,106300,ALL,ALL,750.0,6
2484,2026-04-01,106400,ALL,ALL,560.0,6
2485,2026-04-01,106500,ALL,ALL,598.0,18
2486,2026-04-01,106600,ALL,ALL,515.0,30
2487,2026-04-01,106800,ALL,ALL,570.0,27
2488,2026-04-01,106900,ALL,ALL,570.0,24
2489,2026-04-01,107000,ALL,ALL,510.0,39
2490,2026-04-01,107100,ALL,ALL,480.0,15
2491,2026-04-01,107200,ALL,ALL,570.0,15
2492,2026-04-01,107300,ALL,ALL,550.0,18
2493,2026-04-01,107400,ALL,ALL,388.0,18
2494,2026-04-01,107500,ALL,ALL,600.0,27
2495,2026-04-01,107800,ALL,ALL,550.0,9
2496,2026-04-01,108100,ALL,ALL,590.0,12
2497,2026-04-01,108200,ALL,ALL,545.0,21
2498,2026-04-01,108300,ALL,ALL,595.0,24
2499,2026-04-01,108500,ALL,ALL,650.0,12
2500,2026-04-01,108700,ALL,ALL,665.0,18
2501,2026-04-01,108800,ALL,ALL,590.0,21
2502,2026-04-01,108900,ALL,ALL,535.0,12
2503,2026-04-01,109000,ALL,ALL,615.0,12
2504,2026-04-01,109100,ALL,ALL,500.0,6
2505,2026-04-01,109300,ALL,ALL,505.0,42
2506,2026-04-01,109500,ALL,ALL,575.0,12
2507,2026-04-01,109600,ALL,ALL,530.0,6
2508,2026-04-01,109700,ALL,ALL,590.0,9
2509,2026-04-01,109800,ALL,ALL,640.0,12
2510,2026-04-01,109900,ALL,ALL,690.0,36
2511,2026-04-01,110100,ALL,ALL,650.0,9
2512,2026-04-01,110200,ALL,ALL,570.0,6
2513,2026-04-01,110400,ALL,ALL,635.0,12
2514,2026-04-01,110500,ALL,ALL,580.0,18
2515,2026-04-01,110700,ALL,ALL,770.0,6
2516,2026-04-01,110900,ALL,ALL,670.0,9
2517,2026-04-01,111100,ALL,ALL,730.0,18
2518,2026-04-01,111200,ALL,ALL,640.0,12
2519,2026-04-01,111300,ALL,ALL,698.0,39
2520,2026-04-01,111500,ALL,ALL,850.0,12
2521,2026-04-01,111700,ALL,ALL,640.0,27
2522,2026-04-01,111900,ALL,ALL,690.0,6
2523,2026-04-01,112100,ALL,ALL,860.0,6
2524,2026-04-01,112200,ALL,ALL,415.0,6
2525,2026-04-01,112400,ALL,ALL,630.0,9
2526,2026-04-01,112500,ALL,ALL,800.0,9
2527,2026-04-01,112700,ALL,ALL,775.0,39
2528,2026-04-01,112900,ALL,ALL,745.0,24
2529,2026-04-01,113000,ALL,ALL,665.0,33
2530,2026-04-01,113100,ALL,ALL,850.0,15
2531,2026-04-01,113200,ALL,ALL,700.0,6
2532,2026-04-01,113300,ALL,ALL,855.0,36
2533,2026-04-01,113400,ALL,ALL,880.0,33
2534,2026-04-01,113800,ALL,ALL,610.0,21
2535,2026-04-01,113900,ALL,ALL,770.0,21
2536,2026-04-01,114000,ALL,ALL,750.0,9
2537,2026-04-01,114100,ALL,ALL,690.0,9
2538,2026-04-01,114200,ALL,ALL,585.0,6
2539,2026-04-01,114600,ALL,ALL,650.0,18
2540,2026-04-01,114700,ALL,ALL,1000.0,9
2541,2026-04-01,114800,ALL,ALL,1000.0,9
2542,2026-04-01,114900,ALL,ALL,600.0,24
2543,2026-04-01,115000,ALL,ALL,765.0,48
2544,2026-04-01,115100,ALL,ALL,620.0,27
2545,2026-04-01,115200,ALL,ALL,655.0,12
2546,2026-04-01,115400,ALL,ALL,820.0,9
2547,2026-04-01,115500,ALL,ALL,690.0,12
2548,2026-04-01,115600,ALL,ALL,768.0,6
2549,2026-04-01,115700,ALL,ALL,750.0,12
2550,2026-04-01,115800,ALL,ALL,680.0,15
2551,2026-04-01,115900,ALL,ALL,800.0,15
2552,2026-04-01,116000,ALL,ALL,780.0,6
2553,2026-04-01,116100,ALL,ALL,820.0,12
2554,2026-04-01,116200,ALL,ALL,650.0,24
2555,2026-04-01,116400,ALL,ALL,595.0,9
2556,2026-04-01,116500,ALL,ALL,885.0,24
2557,2026-04-01,116600,ALL,ALL,708.0,12
2558,2026-04-01,116700,ALL,ALL,690.0,51
2559,2026-04-01,116800,ALL,ALL,750.0,21
2560,2026-04-01,116900,ALL,ALL,855.0,24
2561,2026-04-01,117000,ALL,ALL,720.0,51
2562,2026-04-01,117200,ALL,ALL,755.0,24
2563,2026-04-01,117300,ALL,ALL,645.0,42
2564,2026-04-01,117400,ALL,ALL,895.0,18
2565,2026-04-01,117500,ALL,ALL,708.0,24
2566,2026-04-01,117600,ALL,ALL,735.0,27
2567,2026-04-01,117700,ALL,ALL,710.0,27
2568,2026-04-01,117800,ALL,ALL,755.0,24
2569,2026-04-01,117900,ALL,ALL,750.0,18
2570,2026-04-01,118000,ALL,ALL,600.0,6
2571,2026-04-01,118100,ALL,ALL,640.0,33
2572,2026-04-01,118200,ALL,ALL,850.0,21
2573,2026-04-01,118300,ALL,ALL,655.0,18
2574,2026-04-01,118400,ALL,ALL,575.0,24
2575,2026-04-01,118500,ALL,ALL,775.0,36
2576,2026-04-01,118600,ALL,ALL,555.0,6
2577,2026-04-01,118700,ALL,ALL,850.0,18
2578,2026-04-01,118900,ALL,ALL,605.0,12
2579,2026-04-01,119000,ALL,ALL,810.0,18
2580,2026-04-01,119100,ALL,ALL,935.0,18
2581,2026-04-01,119200,ALL,ALL,800.0,12
2582,2026-04-01,119400,ALL,ALL,950.0,15
2583,2026-04-01,119500,ALL,ALL,850.0,21
2584,2026-04-01,119600,ALL,ALL,665.0,33
2585,2026-04-01,119700,ALL,ALL,720.0,15
2586,2026-04-01,119800,ALL,ALL,660.0,36
2587,2026-04-01,119900,ALL,ALL,785.0,9
2588,2026-04-01,120000,ALL,ALL,950.0,12
2589,2026-04-01,120200,ALL,ALL,700.0,156
2590,2026-04-01,120300,ALL,ALL,775.0,9
2591,2026-04-01,120400,ALL,ALL,595.0,36
2592,2026-04-01,120500,ALL,ALL,950.0,15
2593,2026-04-01,120600,ALL,ALL,678.0,18
2594,2026-04-01,120800,ALL,ALL,807.0,12
2595,2026-04-01,120900,ALL,ALL,680.0,21
2596,2026-04-01,121000,ALL,ALL,663.0,24
2597,2026-04-01,121200,ALL,ALL,710.0,24
2598,2026-04-01,121300,ALL,ALL,760.0,39
2599,2026-04-01,121400,ALL,ALL,743.0,12
2600,2026-04-01,121500,ALL,ALL,680.0,30
2601,2026-04-01,121600,ALL,ALL,630.0,33
2602,2026-04-01,121700,ALL,ALL,555.0,6
2603,2026-04-01,121800,ALL,ALL,663.0,18
2604,2026-04-01,121900,ALL,ALL,600.0,30
2605,2026-04-01,122000,ALL,ALL,850.0,15
2606,2026-04-01,122100,ALL,ALL,650.0,21
2607,2026-04-01,122200,ALL,ALL,928.0,18
2608,2026-04-01,122300,ALL,ALL,650.0,27
2609,2026-04-01,122400,ALL,ALL,670.0,15
2610,2026-04-01,122500,ALL,ALL,660.0,21
2611,2026-04-01,122600,ALL,ALL,850.0,27
2612,2026-04-01,122700,ALL,ALL,650.0,24
2613,2026-04-01,122800,ALL,ALL,650.0,30
2614,2026-04-01,122900,ALL,ALL,650.0,30
2615,2026-04-01,123000,ALL,ALL,600.0,24
2616,2026-04-01,123100,ALL,ALL,700.0,33
2617,2026-04-01,123200,ALL,ALL,625.0,42
2618,2026-04-01,123300,ALL,ALL,700.0,21
2619,2026-04-01,123400,ALL,ALL,763.0,24
2620,2026-04-01,123600,ALL,ALL,760.0,27
2621,2026-04-01,123700,ALL,ALL,935.0,24
2622,2026-04-01,123800,ALL,ALL,610.0,21
2623,2026-04-01,123900,ALL,ALL,695.0,27
2624,2026-04-01,124000,ALL,ALL,650.0,21
2625,2026-04-01,124200,ALL,ALL,640.0,18
2626,2026-04-01,124300,ALL,ALL,650.0,24
2627,2026-04-01,124400,ALL,ALL,650.0,36
2628,2026-04-01,124500,ALL,ALL,660.0,42
2629,2026-04-01,124600,ALL,ALL,720.0,21
2630,2026-04-01,124800,ALL,ALL,600.0,48
2631,2026-04-01,124900,ALL,ALL,605.0,30
2632,2026-04-01,125000,ALL,ALL,690.0,27
2633,2026-04-01,125200,ALL,ALL,720.0,39
2634,2026-04-01,125300,ALL,ALL,758.0,6
2635,2026-04-01,125400,ALL,ALL,750.0,27
2636,2026-04-01,125500,ALL,ALL,700.0,48
2637,2026-04-01,125600,ALL,ALL,745.0,30
2638,2026-04-01,125700,ALL,ALL,645.0,24
2639,2026-04-01,125800,ALL,ALL,650.0,24
2640,2026-04-01,125900,ALL,ALL,1050.0,21
2641,2026-04-01,126000,ALL,ALL,770.0,9
2642,2026-04-01,126100,ALL,ALL,700.0,12
2643,2026-04-01,126200,ALL,ALL,700.0,15
2644,2026-04-01,126300,ALL,ALL,645.0,12
2645,2026-04-01,126400,ALL,ALL,630.0,33
2646,2026-04-01,126500,ALL,ALL,780.0,24
2647,2026-04-01,126600,ALL,ALL,660.0,60
2648,2026-04-01,126700,ALL,ALL,590.0,39
2649,2026-04-01,126800,ALL,ALL,725.0,24
2650,2026-04-01,126900,ALL,ALL,695.0,15
2651,2026-04-01,127000,ALL,ALL,650.0,36
2652,2026-04-01,127100,ALL,ALL,648.0,24
2653,2026-04-01,127300,ALL,ALL,650.0,18
2654,2026-04-01,127400,ALL,ALL,640.0,21
2655,2026-04-01,127500,ALL,ALL,535.0,21
2656,2026-04-01,127600,ALL,ALL,725.0,9
2657,2026-04-01,127700,ALL,ALL,570.0,63
2658,2026-04-01,127800,ALL,ALL,590.0,6
2659,2026-04-01,127900,ALL,ALL,650.0,30
2660,2026-04-01,128000,ALL,ALL,440.0,9
2661,2026-04-01,128100,ALL,ALL,925.0,6
2662,2026-04-01,128200,ALL,ALL,850.0,24
2663,2026-04-01,128300,ALL,ALL,650.0,30
2664,2026-04-01,128400,ALL,ALL,670.0,30
2665,2026-04-01,128500,ALL,ALL,678.0,24
2666,2026-04-01,128600,ALL,ALL,1125.0,6
2667,2026-04-01,128800,ALL,ALL,800.0,27
2668,2026-04-01,128900,ALL,ALL,625.0,30
2669,2026-04-01,129000,ALL,ALL,625.0,24
2670,2026-04-01,129100,ALL,ALL,600.0,39
2671,2026-04-01,129200,ALL,ALL,893.0,18
2672,2026-04-01,129300,ALL,ALL,875.0,24
2673,2026-04-01,129400,ALL,ALL,690.0,12
2674,2026-04-01,129500,ALL,ALL,650.0,18
2675,2026-04-01,129600,ALL,ALL,600.0,33
2676,2026-04-01,129700,ALL,ALL,720.0,39
2677,2026-04-01,129900,ALL,ALL,850.0,36
2678,2026-04-01,130000,ALL,ALL,630.0,9
2679,2026-04-01,130100,ALL,ALL,620.0,18
2680,2026-04-01,130200,ALL,ALL,750.0,30
2681,2026-04-01,130300,ALL,ALL,900.0,21
2682,2026-04-01,130400,ALL,ALL,1020.0,12
2683,2026-04-01,130500,ALL,ALL,395.0,36
2684,2026-04-01,130600,ALL,ALL,600.0,21
2685,2026-04-01,130700,ALL,ALL,720.0,12
2686,2026-04-01,130800,ALL,ALL,613.0,24
2687,2026-04-01,130900,ALL,ALL,595.0,42
2688,2026-04-01,131000,ALL,ALL,655.0,30
2689,2026-04-01,131100,ALL,ALL,670.0,36
2690,2026-04-01,131200,ALL,ALL,895.0,33
2691,2026-04-01,131300,ALL,ALL,750.0,45
2692,2026-04-01,131400,ALL,ALL,960.0,6
2693,2026-04-01,131500,ALL,ALL,595.0,33
2694,2026-04-01,131600,ALL,ALL,768.0,24
2695,2026-04-01,131700,ALL,ALL,663.0,18
2696,2026-04-01,131800,ALL,ALL,783.0,48
2697,2026-04-01,131900,ALL,ALL,520.0,33
2698,2026-04-01,132000,ALL,ALL,640.0,45
2699,2026-04-01,132100,ALL,ALL,738.0,48
2700,2026-04-01,132200,ALL,ALL,560.0,27
2701,2026-04-01,132300,ALL,ALL,580.0,27
2702,2026-04-01,132400,ALL,ALL,550.0,126
2703,2026-04-01,132500,ALL,ALL,720.0,15
2704,2026-04-01,132600,ALL,ALL,650.0,39
2705,2026-04-01,132700,ALL,ALL,490.0,144
2706,2026-04-01,132800,ALL,ALL,650.0,33
2707,2026-04-01,132900,ALL,ALL,648.0,39
2708,2026-04-01,133000,ALL,ALL,800.0,24
2709,2026-04-01,133100,ALL,ALL,588.0,84
2710,2026-04-01,133200,ALL,ALL,510.0,69
2711,2026-04-01,133300,ALL,ALL,680.0,63
2712,2026-04-01,133400,ALL,ALL,450.0,147
2713,2026-04-01,133500,ALL,ALL,650.0,42
2714,2026-04-01,133600,ALL,ALL,650.0,39
2715,2026-04-01,133700,ALL,ALL,510.0,75
2716,2026-04-01,133800,ALL,ALL,450.0,57
2717,2026-04-01,133900,ALL,ALL,550.0,12
2718,2026-04-01,134000,ALL,ALL,695.0,12
2719,2026-04-01,134100,ALL,ALL,440.0,114
2720,2026-04-01,134200,ALL,ALL,600.0,39
2721,2026-04-01,134300,ALL,ALL,470.0,90
2722,2026-04-01,134400,ALL,ALL,675.0,51
2723,2026-04-01,134500,ALL,ALL,480.0,135
2724,2026-04-01,134600,ALL,ALL,650.0,9
2725,2026-04-01,134700,ALL,ALL,735.0,12
2726,2026-04-01,134800,ALL,ALL,539.0,72
2727,2026-04-01,134900,ALL,ALL,638.0,18
2728,2026-04-01,135000,ALL,ALL,660.0,24
2729,2026-04-01,135100,ALL,ALL,400.0,102
2730,2026-04-01,135200,ALL,ALL,780.0,27
2731,2026-04-01,135300,ALL,ALL,480.0,108
2732,2026-04-01,135400,ALL,ALL,660.0,24
2733,2026-04-01,135500,ALL,ALL,650.0,48
2734,2026-04-01,135600,ALL,ALL,570.0,54
2735,2026-04-01,135700,ALL,ALL,389.0,72
2736,2026-04-01,135800,ALL,ALL,650.0,42
2737,2026-04-01,135900,ALL,ALL,472.0,102
2738,2026-04-01,136000,ALL,ALL,600.0,126
2739,2026-04-01,136100,ALL,ALL,300.0,69
2740,2026-04-01,136200,ALL,ALL,698.0,24
2741,2026-04-01,136300,ALL,ALL,618.0,36
2742,2026-04-01,136400,ALL,ALL,720.0,66
2743,2026-04-01,136500,ALL,ALL,650.0,42
2744,2026-04-01,136600,ALL,ALL,637.0,48
2745,2026-04-01,136700,ALL,ALL,775.0,15
2746,2026-04-01,136800,ALL,ALL,630.0,15
2747,2026-04-01,136900,ALL,ALL,543.0,30
2748,2026-04-01,137000,ALL,ALL,603.0,24
2749,2026-04-01,137100,ALL,ALL,595.0,21
2750,2026-04-01,137200,ALL,ALL,725.0,21
2751,2026-04-01,137300,ALL,ALL,690.0,9
2752,2026-04-01,137400,ALL,ALL,783.0,30
2753,2026-04-01,137500,ALL,ALL,713.0,12
2754,2026-04-01,137600,ALL,ALL,570.0,33
2755,2026-04-01,137700,ALL,ALL,695.0,21
2756,2026-04-01,137800,ALL,ALL,480.0,45
2757,2026-04-01,137900,ALL,ALL,593.0,12
2758,2026-04-01,138000,ALL,ALL,670.0,9
2759,2026-04-01,138100,ALL,ALL,568.0,24
2760,2026-04-01,138200,ALL,ALL,570.0,15
2761,2026-04-01,138300,ALL,ALL,700.0,21
2762,2026-04-01,138400,ALL,ALL,610.0,45
2763,2026-04-01,138500,ALL,ALL,640.0,63
2764,2026-04-01,138600,ALL,ALL,675.0,18
2765,2026-04-01,138700,ALL,ALL,685.0,30
2766,2026-04-01,138900,ALL,ALL,685.0,36
2767,2026-04-01,139000,ALL,ALL,670.0,33
2768,2026-04-01,139100,ALL,ALL,655.0,6
2769,2026-04-01,139200,ALL,ALL,893.0,12
2770,2026-04-01,139300,ALL,ALL,663.0,12
2771,2026-04-01,139400,ALL,ALL,850.0,27
2772,2026-04-01,139500,ALL,ALL,655.0,18
2773,2026-04-01,139600,ALL,ALL,660.0,15
2774,2026-04-01,139700,ALL,ALL,650.0,21
2775,2026-04-01,139800,ALL,ALL,700.0,39
2776,2026-04-01,139900,ALL,ALL,833.0,24
2777,2026-04-01,140000,ALL,ALL,975.0,21
2778,2026-04-01,140100,ALL,ALL,1000.0,6
2779,2026-04-01,140200,ALL,ALL,753.0,30
2780,2026-04-01,140300,ALL,ALL,653.0,24
2781,2026-04-01,140400,ALL,ALL,730.0,12
2782,2026-04-01,140500,ALL,ALL,855.0,24
2783,2026-04-01,140600,ALL,ALL,765.0,12
2784,2026-04-01,140700,ALL,ALL,750.0,18
2785,2026-04-01,140800,ALL,ALL,980.0,24
2786,2026-04-01,140900,ALL,ALL,600.0,42
2787,2026-04-01,141000,ALL,ALL,750.0,30
2788,2026-04-01,141100,ALL,ALL,790.0,48
2789,2026-04-01,141200,ALL,ALL,600.0,27
2790,2026-04-01,141300,ALL,ALL,825.0,18
2791,2026-04-01,141500,ALL,ALL,795.0,24
2792,2026-04-01,141600,ALL,ALL,770.0,21
2793,2026-04-01,141700,ALL,ALL,925.0,15
2794,2026-04-01,141800,ALL,ALL,925.0,24
2795,2026-04-01,141900,ALL,ALL,785.0,12
2796,2026-04-01,142000,ALL,ALL,685.0,30
2797,2026-04-01,142100,ALL,ALL,690.0,24
2798,2026-04-01,142200,ALL,ALL,760.0,33
2799,2026-04-01,142300,ALL,ALL,675.0,15
2800,2026-04-01,142400,ALL,ALL,850.0,15
2801,2026-04-01,142500,ALL,ALL,775.0,15
2802,2026-04-01,142600,ALL,ALL,728.0,30
2803,2026-04-01,142700,ALL,ALL,950.0,18
2804,2026-04-01,142800,ALL,ALL,740.0,36
2805,2026-04-01,142900,ALL,ALL,735.0,18
2806,2026-04-01,143000,ALL,ALL,880.0,30
2807,2026-04-01,143100,ALL,ALL,800.0,33
2808,2026-04-01,143200,ALL,ALL,600.0,24
2809,2026-04-01,143300,ALL,ALL,650.0,33
2810,2026-04-01,143400,ALL,ALL,600.0,39
2811,2026-04-01,143500,ALL,ALL,850.0,24
2812,2026-04-01,143600,ALL,ALL,795.0,15
2813,2026-04-01,143700,ALL,ALL,1125.0,12
2814,2026-04-01,143800,ALL,ALL,820.0,30
2815,2026-04-01,143900,ALL,ALL,910.0,24
2816,2026-04-01,144000,ALL,ALL,1100.0,15
2817,2026-04-01,144100,ALL,ALL,630.0,33
2818,2026-04-01,144200,ALL,ALL,545.0,36
2819,2026-04-01,144300,ALL,ALL,598.0,30
2820,2026-04-01,144400,ALL,ALL,655.0,30
2821,2026-04-01,144500,ALL,ALL,575.0,33
2822,2026-04-01,144600,ALL,ALL,720.0,12
2823,2026-04-01,144700,ALL,ALL,720.0,54
2824,2026-04-01,144800,ALL,ALL,688.0,30
2825,2026-04-01,144900,ALL,ALL,950.0,9
2826,2026-04-01,145000,ALL,ALL,560.0,57
2827,2026-04-01,145100,ALL,ALL,800.0,24
2828,2026-04-01,145200,ALL,ALL,670.0,18
2829,2026-04-01,145300,ALL,ALL,630.0,30
2830,2026-04-01,145400,ALL,ALL,420.0,12
2831,2026-04-01,145500,ALL,ALL,650.0,27
2832,2026-04-01,145600,ALL,ALL,650.0,24
2833,2026-04-01,145700,ALL,ALL,875.0,15
2834,2026-04-01,145800,ALL,ALL,650.0,21
2835,2026-04-01,145900,ALL,ALL,565.0,6
2836,2026-04-01,146000,ALL,ALL,600.0,24
2837,2026-04-01,146100,ALL,ALL,628.0,18
2838,2026-04-01,146200,ALL,ALL,593.0,36
2839,2026-04-01,146300,ALL,ALL,565.0,63
2840,2026-04-01,146400,ALL,ALL,960.0,15
2841,2026-04-01,146500,ALL,ALL,600.0,18
2842,2026-04-01,146600,ALL,ALL,708.0,33
2843,2026-04-01,146700,ALL,ALL,610.0,93
2844,2026-04-01,146800,ALL,ALL,710.0,12
2845,2026-04-01,146900,ALL,ALL,750.0,15
2846,2026-04-01,147000,ALL,ALL,620.0,45
2847,2026-04-01,147100,ALL,ALL,550.0,27
2848,2026-04-01,147200,ALL,ALL,710.0,72
2849,2026-04-01,147500,ALL,ALL,650.0,51
2850,2026-04-01,147600,ALL,ALL,840.0,24
2851,2026-04-01,147800,ALL,ALL,655.0,12
2852,2026-04-01,147900,ALL,ALL,455.0,6
2853,2026-04-01,148000,ALL,ALL,740.0,15
2854,2026-04-01,148100,ALL,ALL,700.0,12
2855,2026-04-01,148200,ALL,ALL,690.0,9
2856,2026-04-01,148300,ALL,ALL,870.0,9
2857,2026-04-01,148400,ALL,ALL,770.0,15
2858,2026-04-01,148500,ALL,ALL,595.0,36
2859,2026-04-01,148600,ALL,ALL,570.0,21
2860,2026-04-01,148700,ALL,ALL,650.0,15
2861,2026-04-01,148800,ALL,ALL,895.0,12
2862,2026-04-01,148900,ALL,ALL,620.0,15
2863,2026-04-01,149000,ALL,ALL,620.0,39
2864,2026-04-01,149100,ALL,ALL,660.0,45
2865,2026-04-01,149200,ALL,ALL,655.0,12
2866,2026-04-01,149300,ALL,ALL,673.0,30
2867,2026-04-01,149400,ALL,ALL,685.0,6
2868,2026-04-01,149500,ALL,ALL,645.0,24
2869,2026-04-01,149700,ALL,ALL,728.0,45
2870,2026-04-01,149800,ALL,ALL,675.0,48
2871,2026-04-01,149900,ALL,ALL,560.0,12
2872,2026-04-01,150000,ALL,ALL,695.0,9
2873,2026-04-01,150100,ALL,ALL,400.0,30
2874,2026-04-01,150200,ALL,ALL,665.0,6
2875,2026-04-01,150300,ALL,ALL,475.0,39
2876,2026-04-01,150400,ALL,ALL,750.0,30
2877,2026-04-01,150500,ALL,ALL,690.0,21
2878,2026-04-01,150600,ALL,ALL,850.0,15
2879,2026-04-01,150700,ALL,ALL,700.0,21
2880,2026-04-01,150800,ALL,ALL,593.0,12
2881,2026-04-01,150900,ALL,ALL,550.0,36
2882,2026-04-01,151000,ALL,ALL,800.0,9
2883,2026-04-01,151100,ALL,ALL,705.0,24
2884,2026-04-01,151200,ALL,ALL,645.0,30
2885,2026-04-01,151300,ALL,ALL,700.0,51
2886,2026-04-01,151400,ALL,ALL,520.0,24
2887,2026-04-01,151500,ALL,ALL,770.0,24
2888,2026-04-01,151600,ALL,ALL,520.0,39
2889,2026-04-01,151800,ALL,ALL,570.0,21
2890,2026-04-01,151900,ALL,ALL,613.0,42
2891,2026-04-01,152000,ALL,ALL,650.0,24
2892,2026-04-01,152100,ALL,ALL,585.0,57
2893,2026-04-01,152200,ALL,ALL,740.0,15
2894,2026-04-01,152300,ALL,ALL,500.0,6
2895,2026-04-01,152400,ALL,ALL,630.0,33
2896,2026-04-01,152500,ALL,ALL,660.0,9
2897,2026-04-01,152600,ALL,ALL,690.0,9
2898,2026-04-01,152800,ALL,ALL,506.0,12
2899,2026-04-01,152900,ALL,ALL,750.0,15
2900,2026-04-01,153000,ALL,ALL,665.0,12
2901,2026-04-01,153100,ALL,ALL,780.0,15
2902,2026-04-01,153200,ALL,ALL,628.0,12
2903,2026-04-01,153300,ALL,ALL,630.0,27
2904,2026-04-01,153400,ALL,ALL,650.0,18
2905,2026-04-01,153500,ALL,ALL,650.0,9
2906,2026-04-01,153600,ALL,ALL,690.0,9
2907,2026-04-01,153700,ALL,ALL,820.0,15
2908,2026-04-01,153800,ALL,ALL,860.0,15
2909,2026-04-01,153900,ALL,ALL,785.0,12
2910,2026-04-01,154000,ALL,ALL,620.0,48
2911,2026-04-01,154100,ALL,ALL,700.0,27
2912,2026-04-01,154200,ALL,ALL,650.0,33
2913,2026-04-01,154300,ALL,ALL,725.0,12
2914,2026-04-01,154400,ALL,ALL,588.0,6
2915,2026-04-01,154500,ALL,ALL,665.0,15
2916,2026-04-01,154700,ALL,ALL,950.0,9
2917,2026-04-01,154800,ALL,ALL,680.0,33
2918,2026-04-01,154900,ALL,ALL,560.0,60
2919,2026-04-01,155000,ALL,ALL,698.0,21
2920,2026-04-01,155100,ALL,ALL,650.0,12
2921,2026-04-01,155200,ALL,ALL,755.0,18
2922,2026-04-01,155300,ALL,ALL,830.0,9
2923,2026-04-01,155400,ALL,ALL,760.0,24
2924,2026-04-01,155500,ALL,ALL,490.0,39
2925,2026-04-01,155600,ALL,ALL,665.0,36
2926,2026-04-01,155700,ALL,ALL,630.0,15
2927,2026-04-01,155800,ALL,ALL,693.0,18
2928,2026-04-01,155900,ALL,ALL,590.0,12
2929,2026-04-01,156100,ALL,ALL,805.0,6
2930,2026-04-01,156200,ALL,ALL,595.0,39
2931,2026-04-01,156300,ALL,ALL,790.0,12
2932,2026-04-01,156400,ALL,ALL,850.0,27
2933,2026-04-01,156500,ALL,ALL,650.0,39
2934,2026-04-01,156600,ALL,ALL,830.0,9
2935,2026-04-01,156700,ALL,ALL,663.0,18
2936,2026-04-01,156900,ALL,ALL,850.0,15
2937,2026-04-01,157000,ALL,ALL,595.0,30
2938,2026-04-01,157100,ALL,ALL,580.0,9
2939,2026-04-01,157300,ALL,ALL,810.0,12
2940,2026-04-01,157400,ALL,ALL,600.0,15
2941,2026-04-01,157500,ALL,ALL,750.0,15
2942,2026-04-01,157600,ALL,ALL,500.0,33
2943,2026-04-01,157700,ALL,ALL,650.0,15
2944,2026-04-01,157800,ALL,ALL,750.0,24
2945,2026-04-01,157900,ALL,ALL,720.0,21
2946,2026-04-01,158000,ALL,ALL,600.0,21
2947,2026-04-01,158100,ALL,ALL,780.0,51
2948,2026-04-01,158200,ALL,ALL,750.0,27
2949,2026-04-01,158300,ALL,ALL,730.0,24
2950,2026-04-01,158400,ALL,ALL,600.0,36
2951,2026-04-01,158500,ALL,ALL,785.0,24
2952,2026-04-01,158600,ALL,ALL,650.0,75
2953,2026-04-01,158700,ALL,ALL,640.0,24
2954,2026-04-01,158800,ALL,ALL,670.0,24
2955,2026-04-01,158900,ALL,ALL,1055.0,12
2956,2026-04-01,159000,ALL,ALL,720.0,15
2957,2026-04-01,159100,ALL,ALL,645.0,30
2958,2026-04-01,159200,ALL,ALL,650.0,54
2959,2026-04-01,159300,ALL,ALL,820.0,12
2960,2026-04-01,159400,ALL,ALL,600.0,9
2961,2026-04-01,159500,ALL,ALL,670.0,15
2962,2026-04-01,159600,ALL,ALL,650.0,18
2963,2026-04-01,159700,ALL,ALL,595.0,9
2964,2026-04-01,159900,ALL,ALL,650.0,30
2965,2026-04-01,160000,ALL,ALL,670.0,27
2966,2026-04-01,160100,ALL,ALL,580.0,30
2967,2026-04-01,160200,ALL,ALL,683.0,24
2968,2026-04-01,160300,ALL,ALL,540.0,36
2969,2026-04-01,160400,ALL,ALL,580.0,33
2970,2026-04-01,160500,ALL,ALL,683.0,24
2971,2026-04-01,160600,ALL,ALL,588.0,51
2972,2026-04-01,160700,ALL,ALL,655.0,54
2973,2026-04-01,160800,ALL,ALL,660.0,27
2974,2026-04-01,160900,ALL,ALL,620.0,45
2975,2026-04-01,161000,ALL,ALL,750.0,15
2976,2026-04-01,161100,ALL,ALL,740.0,18
2977,2026-04-01,161200,ALL,ALL,650.0,18
2978,2026-04-01,161300,ALL,ALL,648.0,24
2979,2026-04-01,161400,ALL,ALL,750.0,21
2980,2026-04-01,161500,ALL,ALL,763.0,6
2981,2026-04-01,161600,ALL,ALL,560.0,21
2982,2026-04-01,161800,ALL,ALL,600.0,9
2983,2026-04-01,161900,ALL,ALL,630.0,21
2984,2026-04-01,162000,ALL,ALL,640.0,21
2985,2026-04-01,162100,ALL,ALL,690.0,69
2986,2026-04-01,162300,ALL,ALL,940.0,6
2987,2026-04-01,162400,ALL,ALL,655.0,12
2988,2026-04-01,162500,ALL,ALL,893.0,12
2989,2026-04-01,162600,ALL,ALL,685.0,63
2990,2026-04-01,162700,ALL,ALL,680.0,9
2991,2026-04-01,162800,ALL,ALL,570.0,15
2992,2026-04-01,162900,ALL,ALL,740.0,12
2993,2026-04-01,163000,ALL,ALL,580.0,48
2994,2026-04-01,163100,ALL,ALL,680.0,12
2995,2026-04-01,163200,ALL,ALL,558.0,66
2996,2026-04-01,163300,ALL,ALL,650.0,33
2997,2026-04-01,163400,ALL,ALL,770.0,33
2998,2026-04-01,163500,ALL,ALL,650.0,36
2999,2026-04-01,163600,ALL,ALL,595.0,33
3000,2026-04-01,163700,ALL,ALL,660.0,27
3001,2026-04-01,163800,ALL,ALL,500.0,9
3002,2026-04-01,163900,ALL,ALL,665.0,15
3003,2026-04-01,164000,ALL,ALL,670.0,21
3004,2026-04-01,164200,ALL,ALL,650.0,24
3005,2026-04-01,164300,ALL,ALL,650.0,27
3006,2026-04-01,164400,ALL,ALL,615.0,12
3007,2026-04-01,164500,ALL,ALL,560.0,27
3008,2026-04-01,164600,ALL,ALL,713.0,24
3009,2026-04-01,164700,ALL,ALL,630.0,12
3010,2026-04-01,164800,ALL,ALL,650.0,6
3011,2026-04-01,165000,ALL,ALL,695.0,12
3012,2026-04-01,165100,ALL,ALL,775.0,9
3013,2026-04-01,165300,ALL,ALL,630.0,39
3014,2026-04-01,165400,ALL,ALL,690.0,15
3015,2026-04-01,165500,ALL,ALL,620.0,75
3016,2026-04-01,165600,ALL,ALL,730.0,15
3017,2026-04-01,165700,ALL,ALL,570.0,12
3018,2026-04-01,165800,ALL,ALL,600.0,21
3019,2026-04-01,165900,ALL,ALL,685.0,12
3020,2026-04-01,166100,ALL,ALL,580.0,12
3021,2026-04-01,166700,ALL,ALL,450.0,12
3022,2026-04-01,166900,ALL,ALL,550.0,6
3023,2026-04-01,167000,ALL,ALL,575.0,9
3024,2026-04-01,167100,ALL,ALL,580.0,27
3025,2026-04-01,167200,ALL,ALL,600.0,6
3026,2026-04-01,167600,ALL,ALL,520.0,9
3027,2026-04-01,167700,ALL,ALL,545.0,6
3028,2026-04-01,167800,ALL,ALL,600.0,15
3029,2026-04-01,168100,ALL,ALL,458.0,12
3030,2026-04-01,168500,ALL,ALL,640.0,24
3031,2026-04-01,168800,ALL,ALL,600.0,6
3032,2026-04-01,168900,ALL,ALL,640.0,6
3033,2026-04-01,169200,ALL,ALL,500.0,27
3034,2026-04-01,169300,ALL,ALL,575.0,6
3035,2026-04-01,169400,ALL,ALL,585.0,18
3036,2026-04-01,169500,ALL,ALL,525.0,12
3037,2026-04-01,169600,ALL,ALL,580.0,9
3038,2026-04-01,169700,ALL,ALL,480.0,6
3039,2026-04-01,169800,ALL,ALL,291.0,6
3040,2026-04-01,169900,ALL,ALL,680.0,6
3041,2026-04-01,170000,ALL,ALL,590.0,27
3042,2026-04-01,170200,ALL,ALL,690.0,9
3043,2026-04-01,170300,ALL,ALL,650.0,15
3044,2026-04-01,170500,ALL,ALL,750.0,39
3045,2026-04-01,170600,ALL,ALL,550.0,6
3046,2026-04-01,170700,ALL,ALL,600.0,6
3047,2026-04-01,170801,ALL,ALL,630.0,6
3048,2026-04-01,170802,ALL,ALL,635.0,24
3049,2026-04-01,171100,ALL,ALL,513.0,6
3050,2026-04-01,171300,ALL,ALL,575.0,6
3051,2026-04-01,171400,ALL,ALL,500.0,18
3052,2026-04-01,171500,ALL,ALL,520.0,33
3053,2026-04-01,171600,ALL,ALL,600.0,39
3054,2026-04-01,171700,ALL,ALL,620.0,9
3055,2026-04-01,171801,ALL,ALL,455.0,6
3056,2026-04-01,171802,ALL,ALL,625.0,12
3057,2026-04-01,171900,ALL,ALL,560.0,9
3058,2026-04-01,172000,ALL,ALL,650.0,9
3059,2026-04-01,172100,ALL,ALL,600.0,15
3060,2026-04-01,172400,ALL,ALL,565.0,6
3061,2026-04-01,172600,ALL,ALL,695.0,9
3062,2026-04-01,173000,ALL,ALL,510.0,9
3063,2026-04-01,173400,ALL,ALL,700.0,6
3064,2026-04-01,173600,ALL,ALL,400.0,6
3065,2026-04-01,173800,ALL,ALL,673.0,18
3066,2026-04-01,173900,ALL,ALL,555.0,30
3067,2026-04-01,174000,ALL,ALL,525.0,24
3068,2026-04-01,174100,ALL,ALL,560.0,24
3069,2026-04-01,174600,ALL,ALL,560.0,6
3070,2026-04-01,174800,ALL,ALL,700.0,9
3071,2026-04-01,174900,ALL,ALL,630.0,27
3072,2026-04-01,175000,ALL,ALL,625.0,36
3073,2026-04-01,175300,ALL,ALL,725.0,30
3074,2026-04-01,175500,ALL,ALL,800.0,12
3075,2026-04-01,175600,ALL,ALL,705.0,30
3076,2026-04-01,175700,ALL,ALL,610.0,18
3077,2026-04-01,175800,ALL,ALL,680.0,21
3078,2026-04-01,175900,ALL,ALL,725.0,30
3079,2026-04-01,176000,ALL,ALL,618.0,12
3080,2026-04-01,176100,ALL,ALL,685.0,36
3081,2026-04-01,176200,ALL,ALL,750.0,15
3082,2026-04-01,176400,ALL,ALL,615.0,18
3083,2026-04-01,176500,ALL,ALL,620.0,18
3084,2026-04-01,176600,ALL,ALL,640.0,15
3085,2026-04-01,176700,ALL,ALL,760.0,15
3086,2026-04-01,176800,ALL,ALL,550.0,18
3087,2026-04-01,176900,ALL,ALL,800.0,6
3088,2026-04-01,177000,ALL,ALL,735.0,6
3089,2026-04-01,177100,ALL,ALL,610.0,12
3090,2026-04-01,177200,ALL,ALL,560.0,27
3091,2026-04-01,177300,ALL,ALL,615.0,6
3092,2026-04-01,177400,ALL,ALL,633.0,18
3093,2026-04-01,177500,ALL,ALL,610.0,18
3094,2026-04-01,177600,ALL,ALL,600.0,30
3095,2026-04-01,177700,ALL,ALL,610.0,30
3096,2026-04-01,177800,ALL,ALL,570.0,21
3097,2026-04-01,177900,ALL,ALL,560.0,27
3098,2026-04-01,178000,ALL,ALL,590.0,45
3099,2026-04-01,178100,ALL,ALL,580.0,27
3100,2026-04-01,178200,ALL,ALL,580.0,51
3101,2026-04-01,178300,ALL,ALL,435.0,66
3102,2026-04-01,178400,ALL,ALL,600.0,12
3103,2026-04-01,178500,ALL,ALL,575.0,24
3104,2026-04-01,178700,ALL,ALL,550.0,60
3105,2026-04-01,178800,ALL,ALL,560.0,36
3106,2026-04-01,178900,ALL,ALL,525.0,18
3107,2026-04-01,179000,ALL,ALL,575.0,15
3108,2026-04-01,179100,ALL,ALL,540.0,33
3109,2026-04-01,179200,ALL,ALL,710.0,36
3110,2026-04-01,179300,ALL,ALL,400.0,45
3111,2026-04-01,179400,ALL,ALL,495.0,27
3112,2026-04-01,179500,ALL,ALL,623.0,60
3113,2026-04-01,179600,ALL,ALL,610.0,39
3114,2026-04-01,179700,ALL,ALL,455.0,60
3115,2026-04-01,179800,ALL,ALL,450.0,39
3116,2026-04-01,179900,ALL,ALL,350.0,171
3117,2026-04-01,180000,ALL,ALL,600.0,21
3118,2026-04-01,180100,ALL,ALL,490.0,81
3119,2026-04-01,180200,ALL,ALL,598.0,42
3120,2026-04-01,180300,ALL,ALL,530.0,27
3121,2026-04-01,180400,ALL,ALL,600.0,12
3122,2026-04-01,180500,ALL,ALL,550.0,15
3123,2026-04-01,180600,ALL,ALL,600.0,39
3124,2026-04-01,180700,ALL,ALL,470.0,42
3125,2026-04-01,180800,ALL,ALL,463.0,42
3126,2026-04-01,180900,ALL,ALL,570.0,18
3127,2026-04-01,181000,ALL,ALL,670.0,9
3128,2026-04-01,181100,ALL,ALL,620.0,21
3129,2026-04-01,181200,ALL,ALL,630.0,21
3130,2026-04-01,181300,ALL,ALL,670.0,9
3131,2026-04-01,181600,ALL,ALL,540.0,6
3132,2026-04-01,181700,ALL,ALL,550.0,6
3133,2026-04-01,182100,ALL,ALL,650.0,15
3134,2026-04-01,182500,ALL,ALL,600.0,9
3135,2026-04-01,182600,ALL,ALL,785.0,15
3136,2026-04-01,182700,ALL,ALL,685.0,21
3137,2026-04-01,182800,ALL,ALL,625.0,18
3138,2026-04-01,182900,ALL,ALL,775.0,15
3139,2026-04-01,183000,ALL,ALL,850.0,6
3140,2026-04-01,183200,ALL,ALL,585.0,6
3141,2026-04-01,183300,ALL,ALL,663.0,6
3142,2026-04-01,183400,ALL,ALL,555.0,6
3143,2026-04-01,183500,ALL,ALL,555.0,12
3144,2026-04-01,183600,ALL,ALL,600.0,21
3145,2026-04-01,183700,ALL,ALL,700.0,9
3146,2026-04-01,183800,ALL,ALL,700.0,9
3147,2026-04-01,183900,ALL,ALL,575.0,9
3148,2026-04-01,184000,ALL,ALL,630.0,12
3149,2026-04-01,184200,ALL,ALL,630.0,15
3150,2026-04-01,184300,ALL,ALL,525.0,12
3151,2026-04-01,184400,ALL,ALL,625.0,12
3152,2026-04-01,184800,ALL,ALL,625.0,18
3153,2026-04-01,185500,ALL,ALL,525.0,30
3154,2026-04-01,185700,ALL,ALL,535.0,6
3155,2026-04-01,185800,ALL,ALL,588.0,12
3156,2026-04-01,185900,ALL,ALL,475.0,6
3157,2026-04-01,186000,ALL,ALL,530.0,51
3158,2026-04-01,186200,ALL,ALL,460.0,18
3159,2026-04-01,186300,ALL,ALL,445.0,12
3160,2026-04-01,186400,ALL,ALL,530.0,24
3161,2026-04-01,186500,ALL,ALL,420.0,15
3162,2026-04-01,186600,ALL,ALL,530.0,15
3163,2026-04-01,186700,ALL,ALL,510.0,15
3164,2026-04-01,186800,ALL,ALL,530.0,12
3165,2026-04-01,187300,ALL,ALL,498.0,12
3166,2026-04-01,187400,ALL,ALL,450.0,9
3167,2026-04-01,187700,ALL,ALL,450.0,9
3168,2026-04-01,188000,ALL,ALL,695.0,6
3169,2026-04-01,188200,ALL,ALL,440.0,6
3170,2026-04-01,188300,ALL,ALL,725.0,12
3171,2026-04-01,188400,ALL,ALL,710.0,12
3172,2026-04-01,188500,ALL,ALL,683.0,24
3173,2026-04-01,188700,ALL,ALL,595.0,9
3174,2026-04-01,188800,ALL,ALL,565.0,24
3175,2026-04-01,188900,ALL,ALL,610.0,36
3176,2026-04-01,189000,ALL,ALL,650.0,24
3177,2026-04-01,189100,ALL,ALL,650.0,15
3178,2026-04-01,189200,ALL,ALL,660.0,27
3179,2026-04-01,189300,ALL,ALL,650.0,21
3180,2026-04-01,189400,ALL,ALL,770.0,15
3181,2026-04-01,189600,ALL,ALL,595.0,6
3182,2026-04-01,189700,ALL,ALL,495.0,24
3183,2026-04-01,190200,ALL,ALL,620.0,24
3184,2026-04-01,190300,ALL,ALL,523.0,6
3185,2026-04-01,190500,ALL,ALL,680.0,9
3186,2026-04-01,190600,ALL,ALL,620.0,42
3187,2026-04-01,190900,ALL,ALL,550.0,6
3188,2026-04-01,191000,ALL,ALL,700.0,15
3189,2026-04-01,191100,ALL,ALL,700.0,27
3190,2026-04-01,191300,ALL,ALL,778.0,6
3191,2026-04-01,191400,ALL,ALL,500.0,9
3192,2026-04-01,191500,ALL,ALL,550.0,6
3193,2026-04-01,191600,ALL,ALL,640.0,6
3194,2026-04-01,191700,ALL,ALL,770.0,9
3195,2026-04-01,191800,ALL,ALL,800.0,9
3196,2026-04-01,191900,ALL,ALL,670.0,18
3197,2026-04-01,192000,ALL,ALL,490.0,6
3198,2026-04-01,192100,ALL,ALL,620.0,18
3199,2026-04-01,192400,ALL,ALL,675.0,6
3200,2026-04-01,192500,ALL,ALL,625.0,12
3201,2026-04-01,192600,ALL,ALL,790.0,9
3202,2026-04-01,192800,ALL,ALL,725.0,69
3203,2026-04-01,192900,ALL,ALL,700.0,15
3204,2026-04-01,193000,ALL,ALL,760.0,12
3205,2026-04-01,193100,ALL,ALL,730.0,27
3206,2026-04-01,193200,ALL,ALL,640.0,21
3207,2026-04-01,193300,ALL,ALL,715.0,30
3208,2026-04-01,193400,ALL,ALL,650.0,21
3209,2026-04-01,193500,ALL,ALL,800.0,24
3210,2026-04-01,193600,ALL,ALL,675.0,15
3211,2026-04-01,193700,ALL,ALL,700.0,21
3212,2026-04-01,193800,ALL,ALL,650.0,24
3213,2026-04-01,194000,ALL,ALL,600.0,21
3214,2026-04-01,194100,ALL,ALL,645.0,6
3215,2026-04-01,194200,ALL,ALL,664.0,6
3216,2026-04-01,194300,ALL,ALL,750.0,18
3217,2026-04-01,194400,ALL,ALL,710.0,15
3218,2026-04-01,194600,ALL,ALL,580.0,33
3219,2026-04-01,194700,ALL,ALL,640.0,6
3220,2026-04-01,194800,ALL,ALL,650.0,36
3221,2026-04-01,194900,ALL,ALL,720.0,21
3222,2026-04-01,195100,ALL,ALL,750.0,42
3223,2026-04-01,195200,ALL,ALL,650.0,36
3224,2026-04-01,195300,ALL,ALL,600.0,18
3225,2026-04-01,195400,ALL,ALL,765.0,12
3226,2026-04-01,195500,ALL,ALL,698.0,36
3227,2026-04-01,195700,ALL,ALL,640.0,15
3228,2026-04-01,195800,ALL,ALL,695.0,27
3229,2026-04-01,195900,ALL,ALL,645.0,15
3230,2026-04-01,196000,ALL,ALL,685.0,18
3231,2026-04-01,196200,ALL,ALL,775.0,18
3232,2026-04-01,196300,ALL,ALL,720.0,9
3233,2026-04-01,196400,ALL,ALL,750.0,27
3234,2026-04-01,196600,ALL,ALL,713.0,18
3235,2026-04-01,196700,ALL,ALL,663.0,12
3236,2026-04-01,196800,ALL,ALL,740.0,9
3237,2026-04-01,196900,ALL,ALL,710.0,15
3238,2026-04-01,197000,ALL,ALL,725.0,15
3239,2026-04-01,197100,ALL,ALL,798.0,18
3240,2026-04-01,197200,ALL,ALL,710.0,21
3241,2026-04-01,197300,ALL,ALL,745.0,21
3242,2026-04-01,197400,ALL,ALL,720.0,21
3243,2026-04-01,197500,ALL,ALL,708.0,24
3244,2026-04-01,197600,ALL,ALL,730.0,84
3245,2026-04-01,197700,ALL,ALL,625.0,6
3246,2026-04-01,198200,ALL,ALL,580.0,15
3247,2026-04-01,198400,ALL,ALL,605.0,12
3248,2026-04-01,198500,ALL,ALL,625.0,12
3249,2026-04-01,198600,ALL,ALL,540.0,27
3250,2026-04-01,198700,ALL,ALL,498.0,12
3251,2026-04-01,198800,ALL,ALL,665.0,12
3252,2026-04-01,198900,ALL,ALL,580.0,6
3253,2026-04-01,199000,ALL,ALL,590.0,30
3254,2026-04-01,199100,ALL,ALL,580.0,9
3255,2026-04-01,199200,ALL,ALL,665.0,15
3256,2026-04-01,199400,ALL,ALL,645.0,12
3257,2026-04-01,199500,ALL,ALL,575.0,24
3258,2026-04-01,199600,ALL,ALL,630.0,6
3259,2026-04-01,199700,ALL,ALL,560.0,36
3260,2026-04-01,199800,ALL,ALL,585.0,18
3261,2026-04-01,199900,ALL,ALL,620.0,15
3262,2026-04-01,200100,ALL,ALL,495.0,18
3263,2026-04-01,200200,ALL,ALL,640.0,12
3264,2026-04-01,200300,ALL,ALL,478.0,42
3265,2026-04-01,200400,ALL,ALL,600.0,9
3266,2026-04-01,200500,ALL,ALL,520.0,36
3267,2026-04-01,200600,ALL,ALL,600.0,15
3268,2026-04-01,200700,ALL,ALL,650.0,9
3269,2026-04-01,200800,ALL,ALL,599.0,9
3270,2026-04-01,200900,ALL,ALL,590.0,15
3271,2026-04-01,201000,ALL,ALL,590.0,18
3272,2026-04-01,201200,ALL,ALL,500.0,27
3273,2026-04-01,201400,ALL,ALL,600.0,24
3274,2026-04-01,201500,ALL,ALL,685.0,18
3275,2026-04-01,201700,ALL,ALL,600.0,6
3276,2026-04-01,202200,ALL,ALL,603.0,6
3277,2026-04-01,202500,ALL,ALL,688.0,6
3278,2026-04-01,202600,ALL,ALL,600.0,21
3279,2026-04-01,202700,ALL,ALL,615.0,18
3280,2026-04-01,202800,ALL,ALL,598.0,24
3281,2026-04-01,202900,ALL,ALL,598.0,18
3282,2026-04-01,203200,ALL,ALL,550.0,33
3283,2026-04-01,203700,ALL,ALL,550.0,15
3284,2026-04-01,203900,ALL,ALL,530.0,30
3285,2026-04-01,204400,ALL,ALL,520.0,21
3286,2026-04-01,204800,ALL,ALL,325.0,6
3287,2026-04-01,205100,ALL,ALL,500.0,6
3288,2026-04-01,205600,ALL,ALL,590.0,9
3289,2026-04-01,205800,ALL,ALL,560.0,6
3290,2026-04-01,205900,ALL,ALL,650.0,9
3291,2026-04-01,206000,ALL,ALL,580.0,21
3292,2026-04-01,206100,ALL,ALL,625.0,24
3293,2026-04-01,206200,ALL,ALL,650.0,9
3294,2026-04-01,206300,ALL,ALL,530.0,18
3295,2026-04-01,206400,ALL,ALL,550.0,21
3296,2026-04-01,206500,ALL,ALL,570.0,12
3297,2026-04-01,206600,ALL,ALL,650.0,9
3298,2026-04-01,206700,ALL,ALL,650.0,27
3299,2026-04-01,206800,ALL,ALL,500.0,9
3300,2026-04-01,206900,ALL,ALL,693.0,12
3301,2026-04-01,207000,ALL,ALL,650.0,15
3302,2026-04-01,207100,ALL,ALL,550.0,18
3303,2026-04-01,207200,ALL,ALL,645.0,12
3304,2026-04-01,207300,ALL,ALL,795.0,15
3305,2026-04-01,207800,ALL,ALL,475.0,33
3306,2026-04-01,208300,ALL,ALL,650.0,9
3307,2026-04-01,208800,ALL,ALL,580.0,27
3308,2026-04-01,209000,ALL,ALL,555.0,12
3309,2026-04-01,209100,ALL,ALL,570.0,9
3310,2026-04-01,209200,ALL,ALL,620.0,15
3311,2026-04-01,209300,ALL,ALL,560.0,6
3312,2026-04-01,209400,ALL,ALL,600.0,21
3313,2026-04-01,209500,ALL,ALL,585.0,6
3314,2026-04-01,209600,ALL,ALL,715.0,6
3315,2026-04-01,209700,ALL,ALL,600.0,21
3316,2026-04-01,209800,ALL,ALL,590.0,21
3317,2026-04-01,209900,ALL,ALL,635.0,18
3318,2026-04-01,210000,ALL,ALL,600.0,24
3319,2026-04-01,210300,ALL,ALL,600.0,15
3320,2026-04-01,210500,ALL,ALL,550.0,6
3321,2026-04-01,210600,ALL,ALL,660.0,15
3322,2026-04-01,210700,ALL,ALL,550.0,15
3323,2026-04-01,210800,ALL,ALL,550.0,15
3324,2026-04-01,210900,ALL,ALL,460.0,27
3325,2026-04-01,211000,ALL,ALL,640.0,21
3326,2026-04-01,211100,ALL,ALL,580.0,9
3327,2026-04-01,211200,ALL,ALL,650.0,9
3328,2026-04-01,211300,ALL,ALL,625.0,6
3329,2026-04-01,211500,ALL,ALL,620.0,9
3330,2026-04-01,211600,ALL,ALL,650.0,9
3331,2026-04-01,211800,ALL,ALL,700.0,27
3332,2026-04-01,211900,ALL,ALL,680.0,15
3333,2026-04-01,212200,ALL,ALL,800.0,6
3334,2026-04-01,212600,ALL,ALL,550.0,6
3335,2026-04-01,212800,ALL,ALL,138.0,6
3336,2026-04-01,213000,ALL,ALL,640.0,15
3337,2026-04-01,213100,ALL,ALL,770.0,9
3338,2026-04-01,213200,ALL,ALL,650.0,15
3339,2026-04-01,213300,ALL,ALL,600.0,21
3340,2026-04-01,213400,ALL,ALL,600.0,33
3341,2026-04-01,213500,ALL,ALL,595.0,12
3342,2026-04-01,213600,ALL,ALL,620.0,9
3343,2026-04-01,213700,ALL,ALL,640.0,12
3344,2026-04-01,213900,ALL,ALL,650.0,9
3345,2026-04-01,214000,ALL,ALL,665.0,12
3346,2026-04-01,214100,ALL,ALL,660.0,15
3347,2026-04-01,214200,ALL,ALL,550.0,9
3348,2026-04-01,214400,ALL,ALL,420.0,30
3349,2026-04-01,214500,ALL,ALL,575.0,9
3350,2026-04-01,214600,ALL,ALL,630.0,24
3351,2026-04-01,214700,ALL,ALL,680.0,6
3352,2026-04-01,214800,ALL,ALL,650.0,6
3353,2026-04-01,214900,ALL,ALL,638.0,18
3354,2026-04-01,215000,ALL,ALL,600.0,18
3355,2026-04-01,215100,ALL,ALL,620.0,18
3356,2026-04-01,215200,ALL,ALL,600.0,18
3357,2026-04-01,215300,ALL,ALL,580.0,18
3358,2026-04-01,215400,ALL,ALL,760.0,15
3359,2026-04-01,215700,ALL,ALL,580.0,15
3360,2026-04-01,215800,ALL,ALL,573.0,6
3361,2026-04-01,215900,ALL,ALL,480.0,9
3362,2026-04-01,216000,ALL,ALL,588.0,12
3363,2026-04-01,216300,ALL,ALL,580.0,27
3364,2026-04-01,216500,ALL,ALL,775.0,12
3365,2026-04-01,216600,ALL,ALL,530.0,21
3366,2026-04-01,216700,ALL,ALL,555.0,12
3367,2026-04-01,216800,ALL,ALL,580.0,21
3368,2026-04-01,216900,ALL,ALL,555.0,24
3369,2026-04-01,217000,ALL,ALL,540.0,21
3370,2026-04-01,217100,ALL,ALL,528.0,12
3371,2026-04-01,217200,ALL,ALL,765.0,12
3372,2026-04-01,217300,ALL,ALL,600.0,42
3373,2026-04-01,217400,ALL,ALL,550.0,39
3374,2026-04-01,217500,ALL,ALL,620.0,21
3375,2026-04-01,217600,ALL,ALL,665.0,15
3376,2026-04-01,217800,ALL,ALL,535.0,30
3377,2026-04-01,217900,ALL,ALL,598.0,12
3378,2026-04-01,218000,ALL,ALL,595.0,21
3379,2026-04-01,218100,ALL,ALL,600.0,21
3380,2026-04-01,218200,ALL,ALL,650.0,6
3381,2026-04-01,218300,ALL,ALL,525.0,39
3382,2026-04-01,218400,ALL,ALL,570.0,24
3383,2026-04-01,218500,ALL,ALL,500.0,36
3384,2026-04-01,218600,ALL,ALL,620.0,21
3385,2026-04-01,218700,ALL,ALL,630.0,9
3386,2026-04-01,218900,ALL,ALL,520.0,12
3387,2026-04-01,219100,ALL,ALL,695.0,6
3388,2026-04-01,219300,ALL,ALL,490.0,6
3389,2026-04-01,219400,ALL,ALL,560.0,9
3390,2026-04-01,219600,ALL,ALL,555.0,24
3391,2026-04-01,219800,ALL,ALL,585.0,6
3392,2026-04-01,220100,ALL,ALL,580.0,9
3393,2026-04-01,220300,ALL,ALL,560.0,18
3394,2026-04-01,220400,ALL,ALL,600.0,6
3395,2026-04-01,220500,ALL,ALL,325.0,6
3396,2026-04-01,220700,ALL,ALL,510.0,6
3397,2026-04-01,220800,ALL,ALL,495.0,6
3398,2026-04-01,220900,ALL,ALL,505.0,6
3399,2026-04-01,221000,ALL,ALL,525.0,12
3400,2026-04-01,221300,ALL,ALL,600.0,6
3401,2026-04-01,221400,ALL,ALL,575.0,12
3402,2026-04-01,221600,ALL,ALL,555.0,18
3403,2026-04-01,221700,ALL,ALL,550.0,21
3404,2026-04-01,221800,ALL,ALL,490.0,9
3405,2026-04-01,221900,ALL,ALL,550.0,27
3406,2026-04-01,222200,ALL,ALL,390.0,6
3407,2026-04-01,222500,ALL,ALL,440.0,27
3408,2026-04-01,222600,ALL,ALL,400.0,15
3409,2026-04-01,222700,ALL,ALL,450.0,12
3410,2026-04-01,222800,ALL,ALL,325.0,6
3411,2026-04-01,223100,ALL,ALL,400.0,15
3412,2026-04-01,223600,ALL,ALL,470.0,21
3413,2026-04-01,223800,ALL,ALL,520.0,9
3414,2026-04-01,224000,ALL,ALL,480.0,12
3415,2026-04-01,224200,ALL,ALL,630.0,9
3416,2026-04-01,224300,ALL,ALL,570.0,27
3417,2026-04-01,224400,ALL,ALL,530.0,6
3418,2026-04-01,224500,ALL,ALL,605.0,6
3419,2026-04-01,224600,ALL,ALL,510.0,15
3420,2026-04-01,224800,ALL,ALL,450.0,30
3421,2026-04-01,224900,ALL,ALL,555.0,6
3422,2026-04-01,225100,ALL,ALL,550.0,15
3423,2026-04-01,225200,ALL,ALL,520.0,9
3424,2026-04-01,225300,ALL,ALL,495.0,18
3425,2026-04-01,225400,ALL,ALL,450.0,21
3426,2026-04-01,225500,ALL,ALL,520.0,15
3427,2026-04-01,225600,ALL,ALL,420.0,9
3428,2026-04-01,225700,ALL,ALL,425.0,12
3429,2026-04-01,225800,ALL,ALL,550.0,12
3430,2026-04-01,225900,ALL,ALL,540.0,15
3431,2026-04-01,226500,ALL,ALL,460.0,15
3432,2026-04-01,226700,ALL,ALL,480.0,21
3433,2026-04-01,226900,ALL,ALL,545.0,6
3434,2026-04-01,227000,ALL,ALL,450.0,27
3435,2026-04-01,227300,ALL,ALL,605.0,6
3436,2026-04-01,227400,ALL,ALL,550.0,15
3437,2026-04-01,227500,ALL,ALL,605.0,6
3438,2026-04-01,227900,ALL,ALL,600.0,15
3439,2026-04-01,228000,ALL,ALL,585.0,12
3440,2026-04-01,228100,ALL,ALL,595.0,21
3441,2026-04-01,228200,ALL,ALL,510.0,21
3442,2026-04-01,228300,ALL,ALL,520.0,15
3443,2026-04-01,228400,ALL,ALL,538.0,6
3444,2026-04-01,228500,ALL,ALL,600.0,12
3445,2026-04-01,228800,ALL,ALL,515.0,6
3446,2026-04-01,229000,ALL,ALL,600.0,15
3447,2026-04-01,229100,ALL,ALL,565.0,12
3448,2026-04-01,229200,ALL,ALL,495.0,6
3449,2026-04-01,229300,ALL,ALL,588.0,18
3450,2026-04-01,229500,ALL,ALL,570.0,18
3451,2026-04-01,229600,ALL,ALL,535.0,54
3452,2026-04-01,229800,ALL,ALL,590.0,27
3453,2026-04-01,229900,ALL,ALL,480.0,27
3454,2026-04-01,230000,ALL,ALL,520.0,9
3455,2026-04-01,230100,ALL,ALL,520.0,33
3456,2026-04-01,230200,ALL,ALL,555.0,24
3457,2026-04-01,230300,ALL,ALL,600.0,15
3458,2026-04-01,230400,ALL,ALL,675.0,9
3459,2026-04-01,230500,ALL,ALL,430.0,51
3460,2026-04-01,230600,ALL,ALL,425.0,24
3461,2026-04-01,230700,ALL,ALL,555.0,42
3462,2026-04-01,230800,ALL,ALL,568.0,33
3463,2026-04-01,230900,ALL,ALL,640.0,9
3464,2026-04-01,231000,ALL,ALL,455.0,42
3465,2026-04-01,231100,ALL,ALL,735.0,12
3466,2026-04-01,231200,ALL,ALL,520.0,39
3467,2026-04-01,231300,ALL,ALL,600.0,24
3468,2026-04-01,231400,ALL,ALL,460.0,30
3469,2026-04-01,231500,ALL,ALL,600.0,18
3470,2026-04-01,231600,ALL,ALL,415.0,33
3471,2026-04-01,231700,ALL,ALL,595.0,12
3472,2026-04-01,231800,ALL,ALL,590.0,24
3473,2026-04-01,232000,ALL,ALL,615.0,12
3474,2026-04-01,232200,ALL,ALL,600.0,18
3475,2026-04-01,232300,ALL,ALL,525.0,21
3476,2026-04-01,232700,ALL,ALL,690.0,15
3477,2026-04-01,233100,ALL,ALL,485.0,6
3478,2026-04-01,233200,ALL,ALL,480.0,9
3479,2026-04-01,233300,ALL,ALL,480.0,21
3480,2026-04-01,233600,ALL,ALL,500.0,18
3481,2026-04-01,233700,ALL,ALL,360.0,6
3482,2026-04-01,234100,ALL,ALL,500.0,21
3483,2026-04-01,234200,ALL,ALL,480.0,15
3484,2026-04-01,234300,ALL,ALL,495.0,12
3485,2026-04-01,234400,ALL,ALL,480.0,15
3486,2026-04-01,234600,ALL,ALL,540.0,6
3487,2026-04-01,234700,ALL,ALL,540.0,21
3488,2026-04-01,234900,ALL,ALL,493.0,24
3489,2026-04-01,235000,ALL,ALL,513.0,24
3490,2026-04-01,235100,ALL,ALL,605.0,12
3491,2026-04-01,235200,ALL,ALL,495.0,18
3492,2026-04-01,235300,ALL,ALL,495.0,6
3493,2026-04-01,235400,ALL,ALL,480.0,6
3494,2026-04-01,235500,ALL,ALL,470.0,21
3495,2026-04-01,235600,ALL,ALL,565.0,18
3496,2026-04-01,235700,ALL,ALL,480.0,9
3497,2026-04-01,235800,ALL,ALL,520.0,27
3498,2026-04-01,235900,ALL,ALL,520.0,21
3499,2026-04-01,236000,ALL,ALL,455.0,6
3500,2026-04-01,236300,ALL,ALL,533.0,12
3501,2026-04-01,236500,ALL,ALL,525.0,21
3502,2026-04-01,236700,ALL,ALL,600.0,9
3503,2026-04-01,236800,ALL,ALL,685.0,30
3504,2026-04-01,237000,ALL,ALL,600.0,21
3505,2026-04-01,237100,ALL,ALL,400.0,30
3506,2026-04-01,237200,ALL,ALL,680.0,6
3507,2026-04-01,237300,ALL,ALL,653.0,6
3508,2026-04-01,237500,ALL,ALL,675.0,12
3509,2026-04-01,237600,ALL,ALL,670.0,15
3510,2026-04-01,237800,ALL,ALL,620.0,33
3511,2026-04-01,237900,ALL,ALL,650.0,9
3512,2026-04-01,238000,ALL,ALL,655.0,18
3513,2026-04-01,238100,ALL,ALL,680.0,15
3514,2026-04-01,238300,ALL,ALL,590.0,9
3515,2026-04-01,238400,ALL,ALL,370.0,39
3516,2026-04-01,238500,ALL,ALL,600.0,15
3517,2026-04-01,238600,ALL,ALL,580.0,9
3518,2026-04-01,238800,ALL,ALL,655.0,12
3519,2026-04-01,239000,ALL,ALL,673.0,12
3520,2026-04-01,239100,ALL,ALL,560.0,36
3521,2026-04-01,239200,ALL,ALL,535.0,18
3522,2026-04-01,239300,ALL,ALL,525.0,12
3523,2026-04-01,239400,ALL,ALL,698.0,12
3524,2026-04-01,239500,ALL,ALL,625.0,9
3525,2026-04-01,239600,ALL,ALL,565.0,9
3526,2026-04-01,239800,ALL,ALL,670.0,12
3527,2026-04-01,239900,ALL,ALL,780.0,15
3528,2026-04-01,240100,ALL,ALL,880.0,9
3529,2026-04-01,240200,ALL,ALL,680.0,21
3530,2026-04-01,240400,ALL,ALL,720.0,12
3531,2026-04-01,240500,ALL,ALL,600.0,9
3532,2026-04-01,240600,ALL,ALL,795.0,15
3533,2026-04-01,240700,ALL,ALL,530.0,21
3534,2026-04-01,240900,ALL,ALL,600.0,9
3535,2026-04-01,241400,ALL,ALL,650.0,21
3536,2026-04-01,241500,ALL,ALL,600.0,15
3537,2026-04-01,241600,ALL,ALL,600.0,12
3538,2026-04-01,241700,ALL,ALL,430.0,9
3539,2026-04-01,241800,ALL,ALL,740.0,15
3540,2026-04-01,241900,ALL,ALL,650.0,15
3541,2026-04-01,242000,ALL,ALL,520.0,27
3542,2026-04-01,242100,ALL,ALL,670.0,9
3543,2026-04-01,242200,ALL,ALL,650.0,21
3544,2026-04-01,242400,ALL,ALL,598.0,18
3545,2026-04-01,242500,ALL,ALL,500.0,12
3546,2026-04-01,242600,ALL,ALL,670.0,9
3547,2026-04-01,242800,ALL,ALL,590.0,12
3548,2026-04-01,242900,ALL,ALL,500.0,15
3549,2026-04-01,243000,ALL,ALL,635.0,6
3550,2026-04-01,243200,ALL,ALL,600.0,27
3551,2026-04-01,243300,ALL,ALL,613.0,6
3552,2026-04-01,243400,ALL,ALL,660.0,15
3553,2026-04-01,243500,ALL,ALL,570.0,12
3554,2026-04-01,243600,ALL,ALL,550.0,9
3555,2026-04-01,243700,ALL,ALL,490.0,39
3556,2026-04-01,244000,ALL,ALL,530.0,21
3557,2026-04-01,244100,ALL,ALL,570.0,30
3558,2026-04-01,244200,ALL,ALL,635.0,18
3559,2026-04-01,244300,ALL,ALL,500.0,36
3560,2026-04-01,244400,ALL,ALL,693.0,12
3561,2026-04-01,244500,ALL,ALL,595.0,15
3562,2026-04-01,244600,ALL,ALL,560.0,24
3563,2026-04-01,244700,ALL,ALL,575.0,36
3564,2026-04-01,244800,ALL,ALL,645.0,15
3565,2026-04-01,244900,ALL,ALL,620.0,15
3566,2026-04-01,245000,ALL,ALL,610.0,27
3567,2026-04-01,245100,ALL,ALL,255.0,54
3568,2026-04-01,245200,ALL,ALL,585.0,21
3569,2026-04-01,245300,ALL,ALL,450.0,12
3570,2026-04-01,245400,ALL,ALL,570.0,21
3571,2026-04-01,245500,ALL,ALL,643.0,24
3572,2026-04-01,245600,ALL,ALL,600.0,27
3573,2026-04-01,245800,ALL,ALL,415.0,18
3574,2026-04-01,245900,ALL,ALL,555.0,18
3575,2026-04-01,246000,ALL,ALL,600.0,36
3576,2026-04-01,246100,ALL,ALL,660.0,21
3577,2026-04-01,246200,ALL,ALL,530.0,9
3578,2026-04-01,246300,ALL,ALL,600.0,6
3579,2026-04-01,246400,ALL,ALL,593.0,12
3580,2026-04-01,246600,ALL,ALL,640.0,15
3581,2026-04-01,246900,ALL,ALL,625.0,24
3582,2026-04-01,247000,ALL,ALL,630.0,18
3583,2026-04-01,247100,ALL,ALL,575.0,24
3584,2026-04-01,247200,ALL,ALL,695.0,9
3585,2026-04-01,247300,ALL,ALL,598.0,24
3586,2026-04-01,247400,ALL,ALL,548.0,30
3587,2026-04-01,247600,ALL,ALL,465.0,12
3588,2026-04-01,247700,ALL,ALL,640.0,21
3589,2026-04-01,247800,ALL,ALL,640.0,27
3590,2026-04-01,247900,ALL,ALL,675.0,15
3591,2026-04-01,248000,ALL,ALL,650.0,9
3592,2026-04-01,248100,ALL,ALL,880.0,21
3593,2026-04-01,248300,ALL,ALL,665.0,18
3594,2026-04-01,248400,ALL,ALL,685.0,21
3595,2026-04-01,248600,ALL,ALL,630.0,27
3596,2026-04-01,248700,ALL,ALL,650.0,24
3597,2026-04-01,248800,ALL,ALL,750.0,12
3598,2026-04-01,248900,ALL,ALL,500.0,42
3599,2026-04-01,249000,ALL,ALL,710.0,15
3600,2026-04-01,249100,ALL,ALL,595.0,12
3601,2026-04-01,249200,ALL,ALL,620.0,24
3602,2026-04-01,249300,ALL,ALL,638.0,6
3603,2026-04-01,249400,ALL,ALL,690.0,24
3604,2026-04-01,249500,ALL,ALL,603.0,18
3605,2026-04-01,249600,ALL,ALL,625.0,18
3606,2026-04-01,249700,ALL,ALL,650.0,30
3607,2026-04-01,249800,ALL,ALL,690.0,15
3608,2026-04-01,249900,ALL,ALL,745.0,15
3609,2026-04-01,250000,ALL,ALL,735.0,21
3610,2026-04-01,250100,ALL,ALL,480.0,21
3611,2026-04-01,250300,ALL,ALL,620.0,27
3612,2026-04-01,250400,ALL,ALL,220.0,54
3613,2026-04-01,250500,ALL,ALL,675.0,12
3614,2026-04-01,250600,ALL,ALL,815.0,21
3615,2026-04-01,250700,ALL,ALL,595.0,33
3616,2026-04-01,250800,ALL,ALL,595.0,54
3617,2026-04-01,250900,ALL,ALL,590.0,87
3618,2026-04-01,251000,ALL,ALL,270.0,21
3619,2026-04-01,251100,ALL,ALL,645.0,33
3620,2026-04-01,251200,ALL,ALL,523.0,48
3621,2026-04-01,251300,ALL,ALL,445.0,18
3622,2026-04-01,251400,ALL,ALL,450.0,102
3623,2026-04-01,251500,ALL,ALL,525.0,12
3624,2026-04-01,251600,ALL,ALL,455.0,210
3625,2026-04-01,251700,ALL,ALL,483.0,144
3626,2026-04-01,251800,ALL,ALL,545.0,54
3627,2026-04-01,251900,ALL,ALL,663.0,24
3628,2026-04-01,252000,ALL,ALL,460.0,90
3629,2026-04-01,252100,ALL,ALL,505.0,102
3630,2026-04-01,252200,ALL,ALL,685.0,24
3631,2026-04-01,252300,ALL,ALL,950.0,15
3632,2026-04-01,252400,ALL,ALL,350.0,78
3633,2026-04-01,252500,ALL,ALL,600.0,66
3634,2026-04-01,252600,ALL,ALL,750.0,21
3635,2026-04-01,252700,ALL,ALL,705.0,9
3636,2026-04-01,252800,ALL,ALL,540.0,39
3637,2026-04-01,252900,ALL,ALL,640.0,33
3638,2026-04-01,253000,ALL,ALL,578.0,48
3639,2026-04-01,253100,ALL,ALL,585.0,42
3640,2026-04-01,253200,ALL,ALL,795.0,9
3641,2026-04-01,253300,ALL,ALL,573.0,36
3642,2026-04-01,253400,ALL,ALL,520.0,21
3643,2026-04-01,253500,ALL,ALL,630.0,9
3644,2026-04-01,253600,ALL,ALL,620.0,24
3645,2026-04-01,253700,ALL,ALL,540.0,24
3646,2026-04-01,253800,ALL,ALL,578.0,18
3647,2026-04-01,253900,ALL,ALL,600.0,15
3648,2026-04-01,254000,ALL,ALL,723.0,18
3649,2026-04-01,254100,ALL,ALL,600.0,6
3650,2026-04-01,254200,ALL,ALL,525.0,12
3651,2026-04-01,254300,ALL,ALL,680.0,27
3652,2026-04-01,254400,ALL,ALL,695.0,12
3653,2026-04-01,254500,ALL,ALL,570.0,9
3654,2026-04-01,254600,ALL,ALL,800.0,18
3655,2026-04-01,254700,ALL,ALL,588.0,12
3656,2026-04-01,254800,ALL,ALL,760.0,9
3657,2026-04-01,254900,ALL,ALL,720.0,21
3658,2026-04-01,255100,ALL,ALL,780.0,6
3659,2026-04-01,255200,ALL,ALL,835.0,12
3660,2026-04-01,255600,ALL,ALL,550.0,9
3661,2026-04-01,255700,ALL,ALL,520.0,18
3662,2026-04-01,255800,ALL,ALL,505.0,18
3663,2026-04-01,255900,ALL,ALL,535.0,6
3664,2026-04-01,256000,ALL,ALL,490.0,9
3665,2026-04-01,256100,ALL,ALL,510.0,21
3666,2026-04-01,256200,ALL,ALL,530.0,36
3667,2026-04-01,256300,ALL,ALL,550.0,33
3668,2026-04-01,256400,ALL,ALL,500.0,24
3669,2026-04-01,256700,ALL,ALL,510.0,15
3670,2026-04-01,256900,ALL,ALL,500.0,21
3671,2026-04-01,257100,ALL,ALL,520.0,18
3672,2026-04-01,257300,ALL,ALL,533.0,6
3673,2026-04-01,257500,ALL,ALL,550.0,21
3674,2026-04-01,257700,ALL,ALL,575.0,21
3675,2026-04-01,257800,ALL,ALL,625.0,6
3676,2026-04-01,257900,ALL,ALL,550.0,9
3677,2026-04-01,300500,ALL,ALL,500.0,12
3678,2026-04-01,300600,ALL,ALL,435.0,6
3679,2026-04-01,300700,ALL,ALL,595.0,6
3680,2026-04-01,300900,ALL,ALL,475.0,6
3681,2026-04-01,301000,ALL,ALL,480.0,9
3682,2026-04-01,301100,ALL,ALL,430.0,12
3683,2026-04-01,301200,ALL,ALL,583.0,18
3684,2026-04-01,301300,ALL,ALL,475.0,9
3685,2026-04-01,301600,ALL,ALL,550.0,9
3686,2026-04-01,301700,ALL,ALL,600.0,18
3687,2026-04-01,302100,ALL,ALL,475.0,6
3688,2026-04-01,302200,ALL,ALL,610.0,6
3689,2026-04-01,302300,ALL,ALL,645.0,6
3690,2026-04-01,302400,ALL,ALL,675.0,18
3691,2026-04-01,302500,ALL,ALL,650.0,9
3692,2026-04-01,302600,ALL,ALL,558.0,12
3693,2026-04-01,302800,ALL,ALL,530.0,21
3694,2026-04-01,302900,ALL,ALL,570.0,9
3695,2026-04-01,303000,ALL,ALL,680.0,6
3696,2026-04-01,303100,ALL,ALL,640.0,6
3697,2026-04-01,303300,ALL,ALL,590.0,21
3698,2026-04-01,303400,ALL,ALL,775.0,6
3699,2026-04-01,303600,ALL,ALL,705.0,12
3700,2026-04-01,303800,ALL,ALL,660.0,12
3701,2026-04-01,304100,ALL,ALL,523.0,30
3702,2026-04-01,304200,ALL,ALL,650.0,21
3703,2026-04-01,304300,ALL,ALL,610.0,18
3704,2026-04-01,304400,ALL,ALL,573.0,24
3705,2026-04-01,304500,ALL,ALL,560.0,27
3706,2026-04-01,304600,ALL,ALL,568.0,18
3707,2026-04-01,304700,ALL,ALL,450.0,12
3708,2026-04-01,304800,ALL,ALL,550.0,30
3709,2026-04-01,304900,ALL,ALL,605.0,6
3710,2026-04-01,305000,ALL,ALL,590.0,6
3711,2026-04-01,305100,ALL,ALL,630.0,15
3712,2026-04-01,305300,ALL,ALL,613.0,24
3713,2026-04-01,305400,ALL,ALL,585.0,18
3714,2026-04-01,305500,ALL,ALL,550.0,15
3715,2026-04-01,305600,ALL,ALL,340.0,51
3716,2026-04-01,305800,ALL,ALL,635.0,6
3717,2026-04-01,305900,ALL,ALL,650.0,21
3718,2026-04-01,306000,ALL,ALL,590.0,18
3719,2026-04-01,306200,ALL,ALL,500.0,12
3720,2026-04-01,306300,ALL,ALL,450.0,6
3721,2026-04-01,306700,ALL,ALL,620.0,9
3722,2026-04-01,306800,ALL,ALL,550.0,30
3723,2026-04-01,307000,ALL,ALL,490.0,6
3724,2026-04-01,307100,ALL,ALL,630.0,15
3725,2026-04-01,307300,ALL,ALL,435.0,18
3726,2026-04-01,307500,ALL,ALL,600.0,15
3727,2026-04-01,307600,ALL,ALL,630.0,12
3728,2026-04-01,307800,ALL,ALL,545.0,18
3729,2026-04-01,307900,ALL,ALL,465.0,12
3730,2026-04-01,308000,ALL,ALL,520.0,12
3731,2026-04-01,308100,ALL,ALL,565.0,18
3732,2026-04-01,308200,ALL,ALL,550.0,21
3733,2026-04-01,308300,ALL,ALL,595.0,15
3734,2026-04-01,308400,ALL,ALL,535.0,18
3735,2026-04-01,308600,ALL,ALL,575.0,12
3736,2026-04-01,308800,ALL,ALL,600.0,6
3737,2026-04-01,308900,ALL,ALL,550.0,15
3738,2026-04-01,309200,ALL,ALL,460.0,12
3739,2026-04-01,309400,ALL,ALL,450.0,12
3740,2026-04-01,309800,ALL,ALL,435.0,9
3741,2026-04-01,310100,ALL,ALL,390.0,6
3742,2026-04-01,310200,ALL,ALL,460.0,6
3743,2026-04-01,310300,ALL,ALL,525.0,6
3744,2026-04-01,310400,ALL,ALL,470.0,6
3745,2026-04-01,310500,ALL,ALL,490.0,6
3746,2026-04-01,311500,ALL,ALL,480.0,21
3747,2026-04-01,312200,ALL,ALL,350.0,9
3748,2026-04-01,312300,ALL,ALL,495.0,9
3749,2026-04-01,312500,ALL,ALL,500.0,6
3750,2026-04-01,312800,ALL,ALL,545.0,6
3751,2026-04-01,312900,ALL,ALL,580.0,27
3752,2026-04-01,313200,ALL,ALL,600.0,9
3753,2026-04-01,313700,ALL,ALL,630.0,9
3754,2026-04-01,314200,ALL,ALL,495.0,18
3755,2026-04-01,314300,ALL,ALL,710.0,6
3756,2026-04-01,314500,ALL,ALL,610.0,9
3757,2026-04-01,314600,ALL,ALL,450.0,21
3758,2026-04-01,314700,ALL,ALL,640.0,36
3759,2026-04-01,314800,ALL,ALL,590.0,6
3760,2026-04-01,314900,ALL,ALL,660.0,12
3761,2026-04-01,315400,ALL,ALL,620.0,21
3762,2026-04-01,315600,ALL,ALL,600.0,9
3763,2026-04-01,315700,ALL,ALL,590.0,6
3764,2026-04-01,315800,ALL,ALL,645.0,12
3765,2026-04-01,315900,ALL,ALL,675.0,9
3766,2026-04-01,316100,ALL,ALL,580.0,9
3767,2026-04-01,316600,ALL,ALL,650.0,9
3768,2026-04-01,316800,ALL,ALL,440.0,9
3769,2026-04-01,316900,ALL,ALL,610.0,12
3770,2026-04-01,317300,ALL,ALL,610.0,9
3771,2026-04-01,317400,ALL,ALL,665.0,6
3772,2026-04-01,317600,ALL,ALL,730.0,6
3773,2026-04-01,317700,ALL,ALL,600.0,9
3774,2026-04-01,317800,ALL,ALL,598.0,18
3775,2026-04-01,317900,ALL,ALL,560.0,21
3776,2026-04-01,318000,ALL,ALL,620.0,21
3777,2026-04-01,318100,ALL,ALL,620.0,9
3778,2026-04-01,318200,ALL,ALL,550.0,9
3779,2026-04-01,318300,ALL,ALL,660.0,18
3780,2026-04-01,318400,ALL,ALL,689.0,15
3781,2026-04-01,318600,ALL,ALL,595.0,6
3782,2026-04-01,318700,ALL,ALL,600.0,6
3783,2026-04-01,318800,ALL,ALL,450.0,15
3784,2026-04-01,318900,ALL,ALL,655.0,6
3785,2026-04-01,319000,ALL,ALL,550.0,9
3786,2026-04-01,319200,ALL,ALL,630.0,30
3787,2026-04-01,319300,ALL,ALL,580.0,21
3788,2026-04-01,319400,ALL,ALL,525.0,12
3789,2026-04-01,319500,ALL,ALL,650.0,18
3790,2026-04-01,319600,ALL,ALL,600.0,18
3791,2026-04-01,319700,ALL,ALL,530.0,21
3792,2026-04-01,319800,ALL,ALL,595.0,18
3793,2026-04-01,319900,ALL,ALL,585.0,24
3794,2026-04-01,320100,ALL,ALL,568.0,30
3795,2026-04-01,320200,ALL,ALL,590.0,30
3796,2026-04-01,320300,ALL,ALL,550.0,15
3797,2026-04-01,320500,ALL,ALL,605.0,18
3798,2026-04-01,320600,ALL,ALL,640.0,12
3799,2026-04-01,320700,ALL,ALL,550.0,33
3800,2026-04-01,320800,ALL,ALL,615.0,24
3801,2026-04-01,320900,ALL,ALL,600.0,24
3802,2026-04-01,321000,ALL,ALL,570.0,27
3803,2026-04-01,321100,ALL,ALL,550.0,21
3804,2026-04-01,321200,ALL,ALL,500.0,27
3805,2026-04-01,321300,ALL,ALL,733.0,18
3806,2026-04-01,321400,ALL,ALL,620.0,27
3807,2026-04-01,321500,ALL,ALL,620.0,15
3808,2026-04-01,321700,ALL,ALL,235.0,33
3809,2026-04-01,321800,ALL,ALL,465.0,42
3810,2026-04-01,321900,ALL,ALL,323.0,24
3811,2026-04-01,322100,ALL,ALL,640.0,30
3812,2026-04-01,322200,ALL,ALL,565.0,33
3813,2026-04-01,322300,ALL,ALL,550.0,6
3814,2026-04-01,322400,ALL,ALL,735.0,12
3815,2026-04-01,322500,ALL,ALL,653.0,6
3816,2026-04-01,322600,ALL,ALL,730.0,9
3817,2026-04-01,322700,ALL,ALL,518.0,24
3818,2026-04-01,322800,ALL,ALL,720.0,6
3819,2026-04-01,322900,ALL,ALL,740.0,24
3820,2026-04-01,323000,ALL,ALL,585.0,60
3821,2026-04-01,323100,ALL,ALL,600.0,30
3822,2026-04-01,323200,ALL,ALL,558.0,24
3823,2026-04-01,323300,ALL,ALL,530.0,57
3824,2026-04-01,323400,ALL,ALL,560.0,15
3825,2026-04-01,323600,ALL,ALL,705.0,12
3826,2026-04-01,323700,ALL,ALL,575.0,9
3827,2026-04-01,323800,ALL,ALL,520.0,63
3828,2026-04-01,323900,ALL,ALL,510.0,60
3829,2026-04-01,324000,ALL,ALL,583.0,12
3830,2026-04-01,324100,ALL,ALL,700.0,9
3831,2026-04-01,324300,ALL,ALL,650.0,9
3832,2026-04-01,324400,ALL,ALL,530.0,78
3833,2026-04-01,324500,ALL,ALL,685.0,24
3834,2026-04-01,324600,ALL,ALL,600.0,9
3835,2026-04-01,324800,ALL,ALL,513.0,78
3836,2026-04-01,325000,ALL,ALL,590.0,12
3837,2026-04-01,325100,ALL,ALL,580.0,21
3838,2026-04-01,325200,ALL,ALL,620.0,24
3839,2026-04-01,325300,ALL,ALL,525.0,108
3840,2026-04-01,325400,ALL,ALL,750.0,12
3841,2026-04-01,325600,ALL,ALL,600.0,15
3842,2026-04-01,325700,ALL,ALL,535.0,54
3843,2026-04-01,325800,ALL,ALL,499.0,105
3844,2026-04-01,325900,ALL,ALL,530.0,21
3845,2026-04-01,326100,ALL,ALL,475.0,75
3846,2026-04-01,326300,ALL,ALL,685.0,6
3847,2026-04-01,326400,ALL,ALL,530.0,9
3848,2026-04-01,326500,ALL,ALL,520.0,18
3849,2026-04-01,326600,ALL,ALL,537.0,6
3850,2026-04-01,326700,ALL,ALL,520.0,6
3851,2026-04-01,326800,ALL,ALL,488.0,63
3852,2026-04-01,326900,ALL,ALL,550.0,66
3853,2026-04-01,327000,ALL,ALL,500.0,141
3854,2026-04-01,327100,ALL,ALL,520.0,42
3855,2026-04-01,327200,ALL,ALL,560.0,21
3856,2026-04-01,327300,ALL,ALL,730.0,21
3857,2026-04-01,327400,ALL,ALL,528.0,69
3858,2026-04-01,327500,ALL,ALL,600.0,9
3859,2026-04-01,327600,ALL,ALL,560.0,72
3860,2026-04-01,327700,ALL,ALL,553.0,18
3861,2026-04-01,327800,ALL,ALL,293.0,12
3862,2026-04-01,327900,ALL,ALL,460.0,144
3863,2026-04-01,328000,ALL,ALL,650.0,9
3864,2026-04-01,328100,ALL,ALL,480.0,9
3865,2026-04-01,328200,ALL,ALL,555.0,51
3866,2026-04-01,328300,ALL,ALL,495.0,15
3867,2026-04-01,328400,ALL,ALL,540.0,12
3868,2026-04-01,328500,ALL,ALL,520.0,51
3869,2026-04-01,328600,ALL,ALL,550.0,15
3870,2026-04-01,328700,ALL,ALL,485.0,12
3871,2026-04-01,328900,ALL,ALL,490.0,81
3872,2026-04-01,329000,ALL,ALL,730.0,15
3873,2026-04-01,329100,ALL,ALL,555.0,48
3874,2026-04-01,329200,ALL,ALL,595.0,21
3875,2026-04-01,329300,ALL,ALL,505.0,18
3876,2026-04-01,329400,ALL,ALL,520.0,51
3877,2026-04-01,329500,ALL,ALL,650.0,9
3878,2026-04-01,329600,ALL,ALL,520.0,42
3879,2026-04-01,329700,ALL,ALL,540.0,27
3880,2026-04-01,329800,ALL,ALL,365.0,6
3881,2026-04-01,329900,ALL,ALL,463.0,42
3882,2026-04-01,330000,ALL,ALL,700.0,9
3883,2026-04-01,330100,ALL,ALL,500.0,36
3884,2026-04-01,330200,ALL,ALL,520.0,45
3885,2026-04-01,330300,ALL,ALL,700.0,9
3886,2026-04-01,330400,ALL,ALL,560.0,6
3887,2026-04-01,330500,ALL,ALL,490.0,18
3888,2026-04-01,330600,ALL,ALL,620.0,12
3889,2026-04-01,330800,ALL,ALL,640.0,12
3890,2026-04-01,330900,ALL,ALL,555.0,9
3891,2026-04-01,331000,ALL,ALL,548.0,12
3892,2026-04-01,331100,ALL,ALL,530.0,18
3893,2026-04-01,331200,ALL,ALL,550.0,9
3894,2026-04-01,331300,ALL,ALL,713.0,12
3895,2026-04-01,331400,ALL,ALL,445.0,15
3896,2026-04-01,331700,ALL,ALL,640.0,15
3897,2026-04-01,331900,ALL,ALL,750.0,6
3898,2026-04-01,332000,ALL,ALL,700.0,15
3899,2026-04-01,332100,ALL,ALL,700.0,9
3900,2026-04-01,332400,ALL,ALL,820.0,18
3901,2026-04-01,332500,ALL,ALL,600.0,24
3902,2026-04-01,332700,ALL,ALL,620.0,27
3903,2026-04-01,333900,ALL,ALL,550.0,6
3904,2026-04-01,334000,ALL,ALL,585.0,15
3905,2026-04-01,334500,ALL,ALL,665.0,6
3906,2026-04-01,334900,ALL,ALL,623.0,18
3907,2026-04-01,335000,ALL,ALL,585.0,9
3908,2026-04-01,335100,ALL,ALL,620.0,9
3909,2026-04-01,335200,ALL,ALL,630.0,15
3910,2026-04-01,335300,ALL,ALL,630.0,87
3911,2026-04-01,335400,ALL,ALL,555.0,6
3912,2026-04-01,335500,ALL,ALL,630.0,123
3913,2026-04-01,335600,ALL,ALL,680.0,6
3914,2026-04-01,335700,ALL,ALL,700.0,15
3915,2026-04-01,335800,ALL,ALL,575.0,6
3916,2026-04-01,335900,ALL,ALL,675.0,24
3917,2026-04-01,336000,ALL,ALL,600.0,36
3918,2026-04-01,336100,ALL,ALL,660.0,33
3919,2026-04-01,336300,ALL,ALL,500.0,6
3920,2026-04-01,336700,ALL,ALL,500.0,6
3921,2026-04-01,336800,ALL,ALL,375.0,9
3922,2026-04-01,336900,ALL,ALL,520.0,18
3923,2026-04-01,337100,ALL,ALL,525.0,6
3924,2026-04-01,337300,ALL,ALL,620.0,9
3925,2026-04-01,337400,ALL,ALL,435.0,12
3926,2026-04-01,337500,ALL,ALL,510.0,12
3927,2026-04-01,337800,ALL,ALL,500.0,12
3928,2026-04-01,337900,ALL,ALL,480.0,6
3929,2026-04-01,338100,ALL,ALL,420.0,9
3930,2026-04-01,338200,ALL,ALL,500.0,15
3931,2026-04-01,338300,ALL,ALL,450.0,12
3932,2026-04-01,338400,ALL,ALL,500.0,15
3933,2026-04-01,338500,ALL,ALL,475.0,24
3934,2026-04-01,338900,ALL,ALL,470.0,21
3935,2026-04-01,339200,ALL,ALL,575.0,6
3936,2026-04-01,339300,ALL,ALL,450.0,15
3937,2026-04-01,339600,ALL,ALL,475.0,6
3938,2026-04-01,340000,ALL,ALL,600.0,9
3939,2026-04-01,340100,ALL,ALL,535.0,6
3940,2026-04-01,340200,ALL,ALL,500.0,9
3941,2026-04-01,340300,ALL,ALL,420.0,9
3942,2026-04-01,340400,ALL,ALL,500.0,18
3943,2026-04-01,340500,ALL,ALL,510.0,9
3944,2026-04-01,340600,ALL,ALL,490.0,21
3945,2026-04-01,340700,ALL,ALL,425.0,18
3946,2026-04-01,340800,ALL,ALL,430.0,21
3947,2026-04-01,341300,ALL,ALL,500.0,21
3948,2026-04-01,341400,ALL,ALL,468.0,12
3949,2026-04-01,341500,ALL,ALL,235.0,12
3950,2026-04-01,341800,ALL,ALL,500.0,18
3951,2026-04-01,342000,ALL,ALL,450.0,9
3952,2026-04-01,342200,ALL,ALL,225.0,6
3953,2026-04-01,342700,ALL,ALL,420.0,6
3954,2026-04-01,342800,ALL,ALL,425.0,15
3955,2026-04-01,343300,ALL,ALL,300.0,6
3956,2026-04-01,343400,ALL,ALL,393.0,6
3957,2026-04-01,343700,ALL,ALL,450.0,9
3958,2026-04-01,343900,ALL,ALL,470.0,9
3959,2026-04-01,344000,ALL,ALL,455.0,12
3960,2026-04-01,344100,ALL,ALL,510.0,6
3961,2026-04-01,344200,ALL,ALL,495.0,12
3962,2026-04-01,344300,ALL,ALL,510.0,6
3963,2026-04-01,344500,ALL,ALL,465.0,12
3964,2026-04-01,344800,ALL,ALL,800.0,15
3965,2026-04-01,344900,ALL,ALL,695.0,24
3966,2026-04-01,345000,ALL,ALL,730.0,36
3967,2026-04-01,345100,ALL,ALL,515.0,6
3968,2026-04-01,345200,ALL,ALL,535.0,6
3969,2026-04-01,345400,ALL,ALL,500.0,15
3970,2026-04-01,345500,ALL,ALL,640.0,15
3971,2026-04-01,345600,ALL,ALL,600.0,15
3972,2026-04-01,345700,ALL,ALL,340.0,6
3973,2026-04-01,345800,ALL,ALL,500.0,9
3974,2026-04-01,346200,ALL,ALL,910.0,12
3975,2026-04-01,346600,ALL,ALL,850.0,57
3976,2026-04-01,346700,ALL,ALL,878.0,90
3977,2026-04-01,346800,ALL,ALL,900.0,33
3978,2026-04-01,346900,ALL,ALL,850.0,33
3979,2026-04-01,347000,ALL,ALL,825.0,24
3980,2026-04-01,347100,ALL,ALL,730.0,30
3981,2026-04-01,347200,ALL,ALL,750.0,24
3982,2026-04-01,347400,ALL,ALL,800.0,15
3983,2026-04-01,347700,ALL,ALL,310.0,45
3984,2026-04-01,347800,ALL,ALL,580.0,63
3985,2026-04-01,347900,ALL,ALL,913.0,30
3986,2026-04-01,348100,ALL,ALL,675.0,12
3987,2026-04-01,348200,ALL,ALL,1000.0,15
3988,2026-04-01,348300,ALL,ALL,750.0,30
3989,2026-04-01,348400,ALL,ALL,750.0,75
3990,2026-04-01,348600,ALL,ALL,850.0,15
3991,2026-04-01,348700,ALL,ALL,755.0,48
3992,2026-04-01,348800,ALL,ALL,995.0,21
3993,2026-04-01,348900,ALL,ALL,950.0,147
3994,2026-04-01,349100,ALL,ALL,513.0,6
3995,2026-04-01,349700,ALL,ALL,610.0,12
3996,2026-04-01,349900,ALL,ALL,550.0,21
3997,2026-04-01,350000,ALL,ALL,570.0,15
3998,2026-04-01,350300,ALL,ALL,650.0,6
3999,2026-04-01,350400,ALL,ALL,600.0,9
4000,2026-04-01,350600,ALL,ALL,490.0,6
4001,2026-04-01,350700,ALL,ALL,610.0,9
4002,2026-04-01,351000,ALL,ALL,538.0,18
4003,2026-04-01,351100,ALL,ALL,585.0,6
4004,2026-04-01,351200,ALL,ALL,515.0,12
4005,2026-04-01,351300,ALL,ALL,550.0,6
4006,2026-04-01,351400,ALL,ALL,505.0,6
4007,2026-04-01,351500,ALL,ALL,600.0,21
4008,2026-04-01,351600,ALL,ALL,650.0,15
4009,2026-04-01,351700,ALL,ALL,380.0,12
4010,2026-04-01,351900,ALL,ALL,625.0,6
4011,2026-04-01,352000,ALL,ALL,258.0,18
4012,2026-04-01,352100,ALL,ALL,615.0,12
4013,2026-04-01,352200,ALL,ALL,280.0,15
4014,2026-04-01,352300,ALL,ALL,575.0,6
4015,2026-04-01,352400,ALL,ALL,320.0,33
4016,2026-04-01,352600,ALL,ALL,570.0,12
4017,2026-04-01,352800,ALL,ALL,330.0,27
4018,2026-04-01,352900,ALL,ALL,420.0,33
4019,2026-04-01,353000,ALL,ALL,483.0,6
4020,2026-04-01,353200,ALL,ALL,455.0,12
4021,2026-04-01,353300,ALL,ALL,538.0,24
4022,2026-04-01,353400,ALL,ALL,400.0,30
4023,2026-04-01,353500,ALL,ALL,565.0,18
4024,2026-04-01,353600,ALL,ALL,625.0,9
4025,2026-04-01,353800,ALL,ALL,400.0,27
4026,2026-04-01,354100,ALL,ALL,540.0,6
4027,2026-04-01,354200,ALL,ALL,570.0,27
4028,2026-04-01,354400,ALL,ALL,695.0,6
4029,2026-04-01,354500,ALL,ALL,665.0,6
4030,2026-04-01,354600,ALL,ALL,573.0,12
4031,2026-04-01,354700,ALL,ALL,540.0,12
4032,2026-04-01,354800,ALL,ALL,740.0,15
4033,2026-04-01,354900,ALL,ALL,625.0,9
4034,2026-04-01,355100,ALL,ALL,673.0,6
4035,2026-04-01,355200,ALL,ALL,550.0,27
4036,2026-04-01,355300,ALL,ALL,565.0,18
4037,2026-04-01,355400,ALL,ALL,565.0,6
4038,2026-04-01,355500,ALL,ALL,535.0,24
4039,2026-04-01,355600,ALL,ALL,463.0,18
4040,2026-04-01,355700,ALL,ALL,610.0,6
4041,2026-04-01,355800,ALL,ALL,390.0,6
4042,2026-04-01,356400,ALL,ALL,405.0,6
4043,2026-04-01,356500,ALL,ALL,500.0,12
4044,2026-04-01,356600,ALL,ALL,510.0,12
4045,2026-04-01,357500,ALL,ALL,530.0,21
4046,2026-04-01,357900,ALL,ALL,350.0,6
4047,2026-04-01,358600,ALL,ALL,510.0,12
4048,2026-04-01,358800,ALL,ALL,520.0,9
4049,2026-04-01,359500,ALL,ALL,450.0,6
4050,2026-04-01,359800,ALL,ALL,560.0,18
4051,2026-04-01,359900,ALL,ALL,495.0,15
4052,2026-04-01,360000,ALL,ALL,470.0,9
4053,2026-04-01,360100,ALL,ALL,445.0,6
4054,2026-04-01,360200,ALL,ALL,545.0,9
4055,2026-04-01,360400,ALL,ALL,450.0,9
4056,2026-04-01,360600,ALL,ALL,540.0,30
4057,2026-04-01,360700,ALL,ALL,510.0,12
4058,2026-04-01,360900,ALL,ALL,620.0,6
4059,2026-04-01,361000,ALL,ALL,410.0,18
4060,2026-04-01,361100,ALL,ALL,450.0,21
4061,2026-04-01,361200,ALL,ALL,585.0,9
4062,2026-04-01,361300,ALL,ALL,390.0,21
4063,2026-04-01,361400,ALL,ALL,560.0,24
4064,2026-04-01,361500,ALL,ALL,500.0,27
4065,2026-04-01,361600,ALL,ALL,528.0,42
4066,2026-04-01,361700,ALL,ALL,505.0,18
4067,2026-04-01,361900,ALL,ALL,523.0,18
4068,2026-04-01,362000,ALL,ALL,420.0,36
4069,2026-04-01,362100,ALL,ALL,530.0,18
4070,2026-04-01,362200,ALL,ALL,515.0,12
4071,2026-04-01,362400,ALL,ALL,560.0,21
4072,2026-04-01,362500,ALL,ALL,490.0,9
4073,2026-04-01,362600,ALL,ALL,335.0,12
4074,2026-04-01,362700,ALL,ALL,530.0,9
4075,2026-04-01,362800,ALL,ALL,570.0,9
4076,2026-04-01,362900,ALL,ALL,550.0,12
4077,2026-04-01,363000,ALL,ALL,535.0,9
10550,2026-01-01,100200,ALL,ALL,550.0,9
10551,2026-01-01,100400,ALL,ALL,585.0,12
10552,2026-01-01,100700,ALL,ALL,440.0,15
10553,2026-01-01,100800,ALL,ALL,470.0,15
10554,2026-01-01,101100,ALL,ALL,550.0,15
10555,2026-01-01,102200,ALL,ALL,690.0,12
10556,2026-01-01,102300,ALL,ALL,485.0,6
10557,2026-01-01,102400,ALL,ALL,610.0,9
10558,2026-01-01,102600,ALL,ALL,725.0,6
10559,2026-01-01,102800,ALL,ALL,665.0,6
10560,2026-01-01,102900,ALL,ALL,500.0,6
10561,2026-01-01,103000,ALL,ALL,615.0,30
10562,2026-01-01,103100,ALL,ALL,560.0,15
10563,2026-01-01,103300,ALL,ALL,650.0,6
10564,2026-01-01,103500,ALL,ALL,463.0,30
10565,2026-01-01,103700,ALL,ALL,598.0,6
10566,2026-01-01,103900,ALL,ALL,475.0,6
10567,2026-01-01,104900,ALL,ALL,635.0,6
10568,2026-01-01,105100,ALL,ALL,680.0,9
10569,2026-01-01,105300,ALL,ALL,425.0,9
10570,2026-01-01,105500,ALL,ALL,530.0,15
10571,2026-01-01,105600,ALL,ALL,700.0,6
10572,2026-01-01,105800,ALL,ALL,638.0,18
10573,2026-01-01,105900,ALL,ALL,630.0,24
10574,2026-01-01,106000,ALL,ALL,600.0,9
10575,2026-01-01,106100,ALL,ALL,590.0,18
10576,2026-01-01,106200,ALL,ALL,600.0,18
10577,2026-01-01,106300,ALL,ALL,650.0,9
10578,2026-01-01,106400,ALL,ALL,550.0,9
10579,2026-01-01,106500,ALL,ALL,600.0,21
10580,2026-01-01,106600,ALL,ALL,540.0,39
10581,2026-01-01,106700,ALL,ALL,725.0,6
10582,2026-01-01,106800,ALL,ALL,560.0,24
10583,2026-01-01,106900,ALL,ALL,600.0,21
10584,2026-01-01,107000,ALL,ALL,528.0,42
10585,2026-01-01,107100,ALL,ALL,500.0,12
10586,2026-01-01,107200,ALL,ALL,550.0,9
10587,2026-01-01,107300,ALL,ALL,595.0,12
10588,2026-01-01,107400,ALL,ALL,420.0,24
10589,2026-01-01,107500,ALL,ALL,565.0,24
10590,2026-01-01,107600,ALL,ALL,575.0,6
10591,2026-01-01,107800,ALL,ALL,480.0,9
10592,2026-01-01,108000,ALL,ALL,520.0,6
10593,2026-01-01,108100,ALL,ALL,610.0,18
10594,2026-01-01,108200,ALL,ALL,610.0,21
10595,2026-01-01,108300,ALL,ALL,600.0,27
10596,2026-01-01,108500,ALL,ALL,725.0,6
10597,2026-01-01,108600,ALL,ALL,510.0,6
10598,2026-01-01,108700,ALL,ALL,700.0,24
10599,2026-01-01,108800,ALL,ALL,560.0,15
10600,2026-01-01,108900,ALL,ALL,615.0,6
10601,2026-01-01,109000,ALL,ALL,620.0,18
10602,2026-01-01,109100,ALL,ALL,580.0,12
10603,2026-01-01,109200,ALL,ALL,645.0,6
10604,2026-01-01,109300,ALL,ALL,485.0,48
10605,2026-01-01,109600,ALL,ALL,588.0,6
10606,2026-01-01,109700,ALL,ALL,600.0,9
10607,2026-01-01,109800,ALL,ALL,550.0,15
10608,2026-01-01,109900,ALL,ALL,650.0,24
10609,2026-01-01,110100,ALL,ALL,690.0,12
10610,2026-01-01,110200,ALL,ALL,555.0,6
10611,2026-01-01,110400,ALL,ALL,500.0,9
10612,2026-01-01,110500,ALL,ALL,535.0,15
10613,2026-01-01,110700,ALL,ALL,513.0,6
10614,2026-01-01,110900,ALL,ALL,650.0,9
10615,2026-01-01,111100,ALL,ALL,730.0,9
10616,2026-01-01,111200,ALL,ALL,783.0,12
10617,2026-01-01,111300,ALL,ALL,698.0,33
10618,2026-01-01,111400,ALL,ALL,600.0,6
10619,2026-01-01,111500,ALL,ALL,858.0,6
10620,2026-01-01,111600,ALL,ALL,600.0,6
10621,2026-01-01,111700,ALL,ALL,585.0,27
10622,2026-01-01,111900,ALL,ALL,633.0,6
10623,2026-01-01,112100,ALL,ALL,700.0,9
10624,2026-01-01,112200,ALL,ALL,525.0,6
10625,2026-01-01,112300,ALL,ALL,790.0,9
10626,2026-01-01,112400,ALL,ALL,630.0,18
10627,2026-01-01,112500,ALL,ALL,975.0,6
10628,2026-01-01,112600,ALL,ALL,608.0,6
10629,2026-01-01,112700,ALL,ALL,793.0,33
10630,2026-01-01,112800,ALL,ALL,695.0,6
10631,2026-01-01,112900,ALL,ALL,800.0,15
10632,2026-01-01,113000,ALL,ALL,675.0,42
10633,2026-01-01,113100,ALL,ALL,888.0,18
10634,2026-01-01,113300,ALL,ALL,885.0,30
10635,2026-01-01,113400,ALL,ALL,850.0,42
10636,2026-01-01,113500,ALL,ALL,700.0,9
10637,2026-01-01,113600,ALL,ALL,885.0,6
10638,2026-01-01,113800,ALL,ALL,813.0,12
10639,2026-01-01,113900,ALL,ALL,795.0,12
10640,2026-01-01,114000,ALL,ALL,765.0,12
10641,2026-01-01,114100,ALL,ALL,755.0,12
10642,2026-01-01,114200,ALL,ALL,655.0,6
10643,2026-01-01,114400,ALL,ALL,685.0,12
10644,2026-01-01,114600,ALL,ALL,650.0,24
10645,2026-01-01,114700,ALL,ALL,615.0,12
10646,2026-01-01,114800,ALL,ALL,645.0,9
10647,2026-01-01,114900,ALL,ALL,710.0,33
10648,2026-01-01,115000,ALL,ALL,755.0,42
10649,2026-01-01,115100,ALL,ALL,645.0,24
10650,2026-01-01,115200,ALL,ALL,695.0,12
10651,2026-01-01,115300,ALL,ALL,975.0,6
10652,2026-01-01,115400,ALL,ALL,780.0,9
10653,2026-01-01,115500,ALL,ALL,808.0,6
10654,2026-01-01,115600,ALL,ALL,940.0,6
10655,2026-01-01,115700,ALL,ALL,750.0,18
10656,2026-01-01,115800,ALL,ALL,650.0,24
10657,2026-01-01,115900,ALL,ALL,735.0,18
10658,2026-01-01,116100,ALL,ALL,650.0,18
10659,2026-01-01,116200,ALL,ALL,800.0,27
10660,2026-01-01,116400,ALL,ALL,680.0,6
10661,2026-01-01,116500,ALL,ALL,830.0,33
10662,2026-01-01,116600,ALL,ALL,543.0,6
10663,2026-01-01,116700,ALL,ALL,630.0,48
10664,2026-01-01,116800,ALL,ALL,780.0,27
10665,2026-01-01,116900,ALL,ALL,895.0,27
10666,2026-01-01,117000,ALL,ALL,700.0,63
10667,2026-01-01,117200,ALL,ALL,620.0,27
10668,2026-01-01,117300,ALL,ALL,650.0,63
10669,2026-01-01,117400,ALL,ALL,858.0,18
10670,2026-01-01,117500,ALL,ALL,740.0,30
10671,2026-01-01,117600,ALL,ALL,810.0,15
10672,2026-01-01,117700,ALL,ALL,780.0,21
10673,2026-01-01,117800,ALL,ALL,630.0,12
10674,2026-01-01,117900,ALL,ALL,760.0,27
10675,2026-01-01,118100,ALL,ALL,795.0,24
10676,2026-01-01,118200,ALL,ALL,790.0,33
10677,2026-01-01,118300,ALL,ALL,680.0,27
10678,2026-01-01,118400,ALL,ALL,680.0,39
10679,2026-01-01,118500,ALL,ALL,880.0,33
10680,2026-01-01,118600,ALL,ALL,675.0,12
10681,2026-01-01,118700,ALL,ALL,800.0,30
10682,2026-01-01,118900,ALL,ALL,835.0,18
10683,2026-01-01,119000,ALL,ALL,795.0,21
10684,2026-01-01,119100,ALL,ALL,860.0,18
10685,2026-01-01,119200,ALL,ALL,773.0,12
10686,2026-01-01,119400,ALL,ALL,785.0,12
10687,2026-01-01,119500,ALL,ALL,790.0,15
10688,2026-01-01,119600,ALL,ALL,650.0,42
10689,2026-01-01,119700,ALL,ALL,795.0,18
10690,2026-01-01,119800,ALL,ALL,690.0,51
10691,2026-01-01,119900,ALL,ALL,765.0,12
10692,2026-01-01,120000,ALL,ALL,888.0,18
10693,2026-01-01,120200,ALL,ALL,670.0,168
10694,2026-01-01,120300,ALL,ALL,785.0,24
10695,2026-01-01,120400,ALL,ALL,500.0,39
10696,2026-01-01,120500,ALL,ALL,723.0,18
10697,2026-01-01,120600,ALL,ALL,635.0,24
10698,2026-01-01,120700,ALL,ALL,870.0,9
10699,2026-01-01,120800,ALL,ALL,860.0,21
10700,2026-01-01,120900,ALL,ALL,640.0,27
10701,2026-01-01,121000,ALL,ALL,680.0,21
10702,2026-01-01,121100,ALL,ALL,640.0,6
10703,2026-01-01,121200,ALL,ALL,678.0,27
10704,2026-01-01,121300,ALL,ALL,725.0,30
10705,2026-01-01,121400,ALL,ALL,660.0,18
10706,2026-01-01,121500,ALL,ALL,700.0,24
10707,2026-01-01,121600,ALL,ALL,695.0,27
10708,2026-01-01,121700,ALL,ALL,550.0,9
10709,2026-01-01,121800,ALL,ALL,620.0,24
10710,2026-01-01,121900,ALL,ALL,690.0,27
10711,2026-01-01,122000,ALL,ALL,608.0,24
10712,2026-01-01,122100,ALL,ALL,650.0,24
10713,2026-01-01,122200,ALL,ALL,955.0,18
10714,2026-01-01,122300,ALL,ALL,620.0,21
10715,2026-01-01,122400,ALL,ALL,700.0,33
10716,2026-01-01,122500,ALL,ALL,640.0,33
10717,2026-01-01,122600,ALL,ALL,750.0,24
10718,2026-01-01,122700,ALL,ALL,680.0,27
10719,2026-01-01,122800,ALL,ALL,650.0,39
10720,2026-01-01,122900,ALL,ALL,628.0,36
10721,2026-01-01,123000,ALL,ALL,600.0,18
10722,2026-01-01,123100,ALL,ALL,675.0,27
10723,2026-01-01,123200,ALL,ALL,625.0,51
10724,2026-01-01,123300,ALL,ALL,720.0,30
10725,2026-01-01,123400,ALL,ALL,760.0,48
10726,2026-01-01,123600,ALL,ALL,750.0,39
10727,2026-01-01,123700,ALL,ALL,910.0,33
10728,2026-01-01,123800,ALL,ALL,600.0,39
10729,2026-01-01,123900,ALL,ALL,663.0,12
10730,2026-01-01,124000,ALL,ALL,680.0,33
10731,2026-01-01,124200,ALL,ALL,650.0,9
10732,2026-01-01,124300,ALL,ALL,645.0,36
10733,2026-01-01,124400,ALL,ALL,680.0,33
10734,2026-01-01,124500,ALL,ALL,600.0,45
10735,2026-01-01,124600,ALL,ALL,660.0,24
10736,2026-01-01,124800,ALL,ALL,650.0,36
10737,2026-01-01,124900,ALL,ALL,650.0,36
10738,2026-01-01,125000,ALL,ALL,650.0,15
10739,2026-01-01,125200,ALL,ALL,700.0,33
10740,2026-01-01,125300,ALL,ALL,675.0,18
10741,2026-01-01,125400,ALL,ALL,830.0,39
10742,2026-01-01,125500,ALL,ALL,745.0,36
10743,2026-01-01,125600,ALL,ALL,700.0,42
10744,2026-01-01,125700,ALL,ALL,600.0,21
10745,2026-01-01,125800,ALL,ALL,680.0,45
10746,2026-01-01,125900,ALL,ALL,760.0,24
10747,2026-01-01,126000,ALL,ALL,720.0,9
10748,2026-01-01,126100,ALL,ALL,735.0,6
10749,2026-01-01,126200,ALL,ALL,680.0,33
10750,2026-01-01,126300,ALL,ALL,960.0,12
10751,2026-01-01,126400,ALL,ALL,598.0,30
10752,2026-01-01,126500,ALL,ALL,650.0,18
10753,2026-01-01,126600,ALL,ALL,755.0,72
10754,2026-01-01,126700,ALL,ALL,575.0,66
10755,2026-01-01,126800,ALL,ALL,740.0,30
10756,2026-01-01,126900,ALL,ALL,795.0,15
10757,2026-01-01,127000,ALL,ALL,625.0,45
10758,2026-01-01,127100,ALL,ALL,680.0,30
10759,2026-01-01,127200,ALL,ALL,815.0,6
10760,2026-01-01,127300,ALL,ALL,640.0,24
10761,2026-01-01,127400,ALL,ALL,773.0,30
10762,2026-01-01,127500,ALL,ALL,490.0,15
10763,2026-01-01,127600,ALL,ALL,575.0,6
10764,2026-01-01,127700,ALL,ALL,570.0,87
10765,2026-01-01,127800,ALL,ALL,585.0,9
10766,2026-01-01,127900,ALL,ALL,600.0,42
10767,2026-01-01,128000,ALL,ALL,320.0,6
10768,2026-01-01,128100,ALL,ALL,680.0,27
10769,2026-01-01,128200,ALL,ALL,810.0,18
10770,2026-01-01,128300,ALL,ALL,650.0,27
10771,2026-01-01,128400,ALL,ALL,580.0,45
10772,2026-01-01,128500,ALL,ALL,635.0,30
10773,2026-01-01,128600,ALL,ALL,600.0,9
10774,2026-01-01,128800,ALL,ALL,745.0,42
10775,2026-01-01,128900,ALL,ALL,650.0,27
10776,2026-01-01,129000,ALL,ALL,620.0,15
10777,2026-01-01,129100,ALL,ALL,598.0,66
10778,2026-01-01,129200,ALL,ALL,670.0,21
10779,2026-01-01,129300,ALL,ALL,830.0,27
10780,2026-01-01,129400,ALL,ALL,1100.0,9
10781,2026-01-01,129500,ALL,ALL,673.0,18
10782,2026-01-01,129600,ALL,ALL,600.0,51
10783,2026-01-01,129700,ALL,ALL,755.0,42
10784,2026-01-01,129800,ALL,ALL,1100.0,9
10785,2026-01-01,129900,ALL,ALL,750.0,33
10786,2026-01-01,130100,ALL,ALL,650.0,24
10787,2026-01-01,130200,ALL,ALL,740.0,30
10788,2026-01-01,130300,ALL,ALL,960.0,27
10789,2026-01-01,130400,ALL,ALL,710.0,9
10790,2026-01-01,130500,ALL,ALL,663.0,18
10791,2026-01-01,130600,ALL,ALL,665.0,21
10792,2026-01-01,130700,ALL,ALL,800.0,30
10793,2026-01-01,130800,ALL,ALL,565.0,36
10794,2026-01-01,130900,ALL,ALL,630.0,42
10795,2026-01-01,131000,ALL,ALL,585.0,27
10796,2026-01-01,131100,ALL,ALL,600.0,51
10797,2026-01-01,131200,ALL,ALL,945.0,27
10798,2026-01-01,131300,ALL,ALL,795.0,57
10799,2026-01-01,131400,ALL,ALL,838.0,12
10800,2026-01-01,131500,ALL,ALL,650.0,30
10801,2026-01-01,131600,ALL,ALL,613.0,24
10802,2026-01-01,131700,ALL,ALL,650.0,21
10803,2026-01-01,131800,ALL,ALL,750.0,63
10804,2026-01-01,131900,ALL,ALL,560.0,63
10805,2026-01-01,132000,ALL,ALL,623.0,42
10806,2026-01-01,132100,ALL,ALL,720.0,66
10807,2026-01-01,132200,ALL,ALL,610.0,24
10808,2026-01-01,132300,ALL,ALL,630.0,27
10809,2026-01-01,132400,ALL,ALL,510.0,204
10810,2026-01-01,132500,ALL,ALL,665.0,12
10811,2026-01-01,132600,ALL,ALL,590.0,51
10812,2026-01-01,132700,ALL,ALL,495.0,213
10813,2026-01-01,132800,ALL,ALL,763.0,42
10814,2026-01-01,132900,ALL,ALL,620.0,27
10815,2026-01-01,133000,ALL,ALL,700.0,27
10816,2026-01-01,133100,ALL,ALL,575.0,75
10817,2026-01-01,133200,ALL,ALL,470.0,90
10818,2026-01-01,133300,ALL,ALL,670.0,90
10819,2026-01-01,133400,ALL,ALL,460.0,258
10820,2026-01-01,133500,ALL,ALL,735.0,54
10821,2026-01-01,133600,ALL,ALL,595.0,48
10822,2026-01-01,133700,ALL,ALL,475.0,144
10823,2026-01-01,133800,ALL,ALL,430.0,99
10824,2026-01-01,133900,ALL,ALL,530.0,9
10825,2026-01-01,134000,ALL,ALL,670.0,9
10826,2026-01-01,134100,ALL,ALL,460.0,183
10827,2026-01-01,134200,ALL,ALL,720.0,60
10828,2026-01-01,134300,ALL,ALL,528.0,102
10829,2026-01-01,134400,ALL,ALL,665.0,72
10830,2026-01-01,134500,ALL,ALL,500.0,207
10831,2026-01-01,134600,ALL,ALL,720.0,9
10832,2026-01-01,134700,ALL,ALL,660.0,15
10833,2026-01-01,134800,ALL,ALL,466.0,654
10834,2026-01-01,134900,ALL,ALL,650.0,27
10835,2026-01-01,135000,ALL,ALL,750.0,51
10836,2026-01-01,135100,ALL,ALL,430.0,297
10837,2026-01-01,135200,ALL,ALL,630.0,9
10838,2026-01-01,135300,ALL,ALL,500.0,243
10839,2026-01-01,135400,ALL,ALL,695.0,15
10840,2026-01-01,135500,ALL,ALL,650.0,51
10841,2026-01-01,135600,ALL,ALL,610.0,39
10842,2026-01-01,135700,ALL,ALL,399.0,126
10843,2026-01-01,135800,ALL,ALL,675.0,39
10844,2026-01-01,135900,ALL,ALL,469.0,285
10845,2026-01-01,136000,ALL,ALL,590.0,183
10846,2026-01-01,136100,ALL,ALL,295.0,111
10847,2026-01-01,136200,ALL,ALL,730.0,15
10848,2026-01-01,136300,ALL,ALL,608.0,42
10849,2026-01-01,136400,ALL,ALL,698.0,108
10850,2026-01-01,136500,ALL,ALL,650.0,48
10851,2026-01-01,136600,ALL,ALL,650.0,30
10852,2026-01-01,136700,ALL,ALL,700.0,9
10853,2026-01-01,136800,ALL,ALL,580.0,18
10854,2026-01-01,136900,ALL,ALL,528.0,36
10855,2026-01-01,137000,ALL,ALL,600.0,27
10856,2026-01-01,137100,ALL,ALL,650.0,15
10857,2026-01-01,137200,ALL,ALL,680.0,27
10858,2026-01-01,137300,ALL,ALL,700.0,12
10859,2026-01-01,137400,ALL,ALL,993.0,30
10860,2026-01-01,137500,ALL,ALL,720.0,6
10861,2026-01-01,137600,ALL,ALL,700.0,30
10862,2026-01-01,137700,ALL,ALL,743.0,48
10863,2026-01-01,137800,ALL,ALL,533.0,72
10864,2026-01-01,137900,ALL,ALL,670.0,27
10865,2026-01-01,138100,ALL,ALL,638.0,36
10866,2026-01-01,138200,ALL,ALL,600.0,30
10867,2026-01-01,138300,ALL,ALL,650.0,39
10868,2026-01-01,138400,ALL,ALL,560.0,39
10869,2026-01-01,138500,ALL,ALL,620.0,75
10870,2026-01-01,138600,ALL,ALL,698.0,18
10871,2026-01-01,138700,ALL,ALL,295.0,66
10872,2026-01-01,138900,ALL,ALL,700.0,27
10873,2026-01-01,139000,ALL,ALL,600.0,30
10874,2026-01-01,139100,ALL,ALL,725.0,12
10875,2026-01-01,139200,ALL,ALL,950.0,30
10876,2026-01-01,139300,ALL,ALL,800.0,27
10877,2026-01-01,139400,ALL,ALL,915.0,30
10878,2026-01-01,139500,ALL,ALL,710.0,24
10879,2026-01-01,139600,ALL,ALL,698.0,24
10880,2026-01-01,139700,ALL,ALL,750.0,24
10881,2026-01-01,139800,ALL,ALL,700.0,30
10882,2026-01-01,139900,ALL,ALL,795.0,39
10883,2026-01-01,140000,ALL,ALL,993.0,18
10884,2026-01-01,140100,ALL,ALL,850.0,15
10885,2026-01-01,140200,ALL,ALL,825.0,45
10886,2026-01-01,140300,ALL,ALL,580.0,57
10887,2026-01-01,140400,ALL,ALL,740.0,27
10888,2026-01-01,140500,ALL,ALL,1000.0,33
10889,2026-01-01,140600,ALL,ALL,860.0,12
10890,2026-01-01,140700,ALL,ALL,760.0,21
10891,2026-01-01,140800,ALL,ALL,800.0,39
10892,2026-01-01,140900,ALL,ALL,625.0,30
10893,2026-01-01,141000,ALL,ALL,983.0,36
10894,2026-01-01,141100,ALL,ALL,800.0,63
10895,2026-01-01,141200,ALL,ALL,550.0,45
10896,2026-01-01,141300,ALL,ALL,818.0,18
10897,2026-01-01,141500,ALL,ALL,850.0,51
10898,2026-01-01,141600,ALL,ALL,825.0,18
10899,2026-01-01,141700,ALL,ALL,910.0,18
10900,2026-01-01,141800,ALL,ALL,850.0,36
10901,2026-01-01,141900,ALL,ALL,850.0,18
10902,2026-01-01,142000,ALL,ALL,730.0,33
10903,2026-01-01,142100,ALL,ALL,673.0,30
10904,2026-01-01,142200,ALL,ALL,755.0,54
10905,2026-01-01,142300,ALL,ALL,663.0,12
10906,2026-01-01,142400,ALL,ALL,898.0,18
10907,2026-01-01,142500,ALL,ALL,720.0,21
10908,2026-01-01,142600,ALL,ALL,650.0,21
10909,2026-01-01,142700,ALL,ALL,895.0,18
10910,2026-01-01,142800,ALL,ALL,750.0,54
10911,2026-01-01,142900,ALL,ALL,675.0,12
10912,2026-01-01,143000,ALL,ALL,1025.0,18
10913,2026-01-01,143100,ALL,ALL,853.0,36
10914,2026-01-01,143200,ALL,ALL,600.0,39
10915,2026-01-01,143300,ALL,ALL,740.0,48
10916,2026-01-01,143400,ALL,ALL,600.0,42
10917,2026-01-01,143500,ALL,ALL,895.0,21
10918,2026-01-01,143600,ALL,ALL,873.0,12
10919,2026-01-01,143700,ALL,ALL,905.0,18
10920,2026-01-01,143800,ALL,ALL,790.0,33
10921,2026-01-01,143900,ALL,ALL,850.0,27
10922,2026-01-01,144000,ALL,ALL,1175.0,18
10923,2026-01-01,144100,ALL,ALL,640.0,36
10924,2026-01-01,144200,ALL,ALL,643.0,42
10925,2026-01-01,144300,ALL,ALL,635.0,54
10926,2026-01-01,144400,ALL,ALL,660.0,45
10927,2026-01-01,144500,ALL,ALL,590.0,45
10928,2026-01-01,144700,ALL,ALL,678.0,78
10929,2026-01-01,144800,ALL,ALL,750.0,39
10930,2026-01-01,144900,ALL,ALL,820.0,18
10931,2026-01-01,145000,ALL,ALL,575.0,57
10932,2026-01-01,145100,ALL,ALL,850.0,27
10933,2026-01-01,145200,ALL,ALL,670.0,21
10934,2026-01-01,145300,ALL,ALL,600.0,30
10935,2026-01-01,145400,ALL,ALL,400.0,24
10936,2026-01-01,145500,ALL,ALL,595.0,15
10937,2026-01-01,145600,ALL,ALL,585.0,18
10938,2026-01-01,145700,ALL,ALL,858.0,24
10939,2026-01-01,145800,ALL,ALL,680.0,39
10940,2026-01-01,146000,ALL,ALL,570.0,27
10941,2026-01-01,146100,ALL,ALL,695.0,9
10942,2026-01-01,146200,ALL,ALL,650.0,45
10943,2026-01-01,146300,ALL,ALL,585.0,39
10944,2026-01-01,146400,ALL,ALL,875.0,21
10945,2026-01-01,146500,ALL,ALL,650.0,36
10946,2026-01-01,146600,ALL,ALL,698.0,30
10947,2026-01-01,146700,ALL,ALL,333.0,111
10948,2026-01-01,146800,ALL,ALL,700.0,30
10949,2026-01-01,146900,ALL,ALL,825.0,6
10950,2026-01-01,147000,ALL,ALL,600.0,45
10951,2026-01-01,147100,ALL,ALL,600.0,48
10952,2026-01-01,147200,ALL,ALL,670.0,111
10953,2026-01-01,147500,ALL,ALL,650.0,39
10954,2026-01-01,147600,ALL,ALL,895.0,9
10955,2026-01-01,147800,ALL,ALL,695.0,21
10956,2026-01-01,148000,ALL,ALL,740.0,15
10957,2026-01-01,148100,ALL,ALL,753.0,24
10958,2026-01-01,148200,ALL,ALL,685.0,9
10959,2026-01-01,148300,ALL,ALL,720.0,18
10960,2026-01-01,148400,ALL,ALL,825.0,24
10961,2026-01-01,148500,ALL,ALL,595.0,18
10962,2026-01-01,148600,ALL,ALL,575.0,27
10963,2026-01-01,148700,ALL,ALL,730.0,15
10964,2026-01-01,148800,ALL,ALL,800.0,15
10965,2026-01-01,148900,ALL,ALL,680.0,15
10966,2026-01-01,149000,ALL,ALL,600.0,42
10967,2026-01-01,149100,ALL,ALL,660.0,81
10968,2026-01-01,149200,ALL,ALL,750.0,21
10969,2026-01-01,149300,ALL,ALL,675.0,27
10970,2026-01-01,149400,ALL,ALL,703.0,12
10971,2026-01-01,149500,ALL,ALL,593.0,18
10972,2026-01-01,149700,ALL,ALL,698.0,48
10973,2026-01-01,149800,ALL,ALL,760.0,42
10974,2026-01-01,149900,ALL,ALL,490.0,9
10975,2026-01-01,150000,ALL,ALL,650.0,9
10976,2026-01-01,150100,ALL,ALL,390.0,63
10977,2026-01-01,150200,ALL,ALL,720.0,9
10978,2026-01-01,150300,ALL,ALL,480.0,45
10979,2026-01-01,150400,ALL,ALL,690.0,30
10980,2026-01-01,150500,ALL,ALL,670.0,21
10981,2026-01-01,150600,ALL,ALL,680.0,27
10982,2026-01-01,150700,ALL,ALL,655.0,24
10983,2026-01-01,150800,ALL,ALL,595.0,21
10984,2026-01-01,150900,ALL,ALL,460.0,48
10985,2026-01-01,151000,ALL,ALL,670.0,9
10986,2026-01-01,151100,ALL,ALL,200.0,9
10987,2026-01-01,151200,ALL,ALL,625.0,24
10988,2026-01-01,151300,ALL,ALL,670.0,39
10989,2026-01-01,151400,ALL,ALL,490.0,30
10990,2026-01-01,151500,ALL,ALL,728.0,18
10991,2026-01-01,151600,ALL,ALL,580.0,27
10992,2026-01-01,151800,ALL,ALL,590.0,33
10993,2026-01-01,151900,ALL,ALL,498.0,42
10994,2026-01-01,152000,ALL,ALL,650.0,39
10995,2026-01-01,152100,ALL,ALL,565.0,51
10996,2026-01-01,152200,ALL,ALL,720.0,18
10997,2026-01-01,152400,ALL,ALL,683.0,54
10998,2026-01-01,152500,ALL,ALL,765.0,6
10999,2026-01-01,152600,ALL,ALL,750.0,6
11000,2026-01-01,152900,ALL,ALL,765.0,24
11001,2026-01-01,153000,ALL,ALL,665.0,18
11002,2026-01-01,153100,ALL,ALL,835.0,15
11003,2026-01-01,153200,ALL,ALL,610.0,9
11004,2026-01-01,153300,ALL,ALL,660.0,18
11005,2026-01-01,153400,ALL,ALL,675.0,9
11006,2026-01-01,153500,ALL,ALL,600.0,12
11007,2026-01-01,153600,ALL,ALL,645.0,6
11008,2026-01-01,153700,ALL,ALL,780.0,21
11009,2026-01-01,153800,ALL,ALL,805.0,24
11010,2026-01-01,153900,ALL,ALL,805.0,12
11011,2026-01-01,154000,ALL,ALL,608.0,36
11012,2026-01-01,154100,ALL,ALL,660.0,27
11013,2026-01-01,154200,ALL,ALL,630.0,45
11014,2026-01-01,154300,ALL,ALL,610.0,12
11015,2026-01-01,154400,ALL,ALL,350.0,6
11016,2026-01-01,154500,ALL,ALL,660.0,21
11017,2026-01-01,154700,ALL,ALL,950.0,9
11018,2026-01-01,154800,ALL,ALL,645.0,54
11019,2026-01-01,154900,ALL,ALL,555.0,72
11020,2026-01-01,155000,ALL,ALL,650.0,24
11021,2026-01-01,155100,ALL,ALL,710.0,18
11022,2026-01-01,155200,ALL,ALL,750.0,15
11023,2026-01-01,155300,ALL,ALL,813.0,12
11024,2026-01-01,155400,ALL,ALL,790.0,24
11025,2026-01-01,155500,ALL,ALL,495.0,54
11026,2026-01-01,155600,ALL,ALL,680.0,33
11027,2026-01-01,155700,ALL,ALL,700.0,9
11028,2026-01-01,155800,ALL,ALL,635.0,21
11029,2026-01-01,155900,ALL,ALL,645.0,33
11030,2026-01-01,156100,ALL,ALL,855.0,18
11031,2026-01-01,156200,ALL,ALL,593.0,60
11032,2026-01-01,156300,ALL,ALL,850.0,12
11033,2026-01-01,156400,ALL,ALL,830.0,42
11034,2026-01-01,156500,ALL,ALL,670.0,39
11035,2026-01-01,156600,ALL,ALL,865.0,24
11036,2026-01-01,156700,ALL,ALL,650.0,18
11037,2026-01-01,156800,ALL,ALL,680.0,9
11038,2026-01-01,156900,ALL,ALL,830.0,15
11039,2026-01-01,157000,ALL,ALL,570.0,21
11040,2026-01-01,157100,ALL,ALL,950.0,12
11041,2026-01-01,157200,ALL,ALL,618.0,6
11042,2026-01-01,157300,ALL,ALL,715.0,18
11043,2026-01-01,157400,ALL,ALL,720.0,15
11044,2026-01-01,157500,ALL,ALL,720.0,24
11045,2026-01-01,157600,ALL,ALL,500.0,48
11046,2026-01-01,157700,ALL,ALL,685.0,18
11047,2026-01-01,157800,ALL,ALL,673.0,18
11048,2026-01-01,157900,ALL,ALL,650.0,18
11049,2026-01-01,158000,ALL,ALL,625.0,30
11050,2026-01-01,158100,ALL,ALL,600.0,54
11051,2026-01-01,158200,ALL,ALL,720.0,27
11052,2026-01-01,158300,ALL,ALL,745.0,24
11053,2026-01-01,158400,ALL,ALL,625.0,33
11054,2026-01-01,158500,ALL,ALL,700.0,27
11055,2026-01-01,158600,ALL,ALL,650.0,78
11056,2026-01-01,158700,ALL,ALL,650.0,12
11057,2026-01-01,158800,ALL,ALL,700.0,33
11058,2026-01-01,158900,ALL,ALL,600.0,9
11059,2026-01-01,159000,ALL,ALL,730.0,27
11060,2026-01-01,159100,ALL,ALL,600.0,27
11061,2026-01-01,159200,ALL,ALL,653.0,48
11062,2026-01-01,159300,ALL,ALL,800.0,9
11063,2026-01-01,159400,ALL,ALL,730.0,12
11064,2026-01-01,159500,ALL,ALL,650.0,15
11065,2026-01-01,159600,ALL,ALL,680.0,12
11066,2026-01-01,159900,ALL,ALL,630.0,18
11067,2026-01-01,160000,ALL,ALL,650.0,21
11068,2026-01-01,160100,ALL,ALL,600.0,36
11069,2026-01-01,160200,ALL,ALL,660.0,24
11070,2026-01-01,160300,ALL,ALL,675.0,21
11071,2026-01-01,160400,ALL,ALL,500.0,27
11072,2026-01-01,160500,ALL,ALL,610.0,30
11073,2026-01-01,160600,ALL,ALL,625.0,51
11074,2026-01-01,160700,ALL,ALL,698.0,18
11075,2026-01-01,160800,ALL,ALL,670.0,30
11076,2026-01-01,160900,ALL,ALL,640.0,51
11077,2026-01-01,161000,ALL,ALL,725.0,9
11078,2026-01-01,161100,ALL,ALL,785.0,12
11079,2026-01-01,161200,ALL,ALL,600.0,27
11080,2026-01-01,161300,ALL,ALL,650.0,15
11081,2026-01-01,161400,ALL,ALL,750.0,18
11082,2026-01-01,161500,ALL,ALL,710.0,9
11083,2026-01-01,161600,ALL,ALL,580.0,27
11084,2026-01-01,161800,ALL,ALL,710.0,24
11085,2026-01-01,161900,ALL,ALL,650.0,15
11086,2026-01-01,162000,ALL,ALL,655.0,30
11087,2026-01-01,162100,ALL,ALL,700.0,57
11088,2026-01-01,162300,ALL,ALL,773.0,6
11089,2026-01-01,162400,ALL,ALL,735.0,12
11090,2026-01-01,162500,ALL,ALL,900.0,12
11091,2026-01-01,162600,ALL,ALL,675.0,81
11092,2026-01-01,162700,ALL,ALL,675.0,6
11093,2026-01-01,162800,ALL,ALL,595.0,18
11094,2026-01-01,162900,ALL,ALL,588.0,6
11095,2026-01-01,163000,ALL,ALL,625.0,63
11096,2026-01-01,163100,ALL,ALL,660.0,24
11097,2026-01-01,163200,ALL,ALL,550.0,60
11098,2026-01-01,163300,ALL,ALL,585.0,27
11099,2026-01-01,163400,ALL,ALL,820.0,39
11100,2026-01-01,163500,ALL,ALL,635.0,36
11101,2026-01-01,163600,ALL,ALL,660.0,33
11102,2026-01-01,163700,ALL,ALL,670.0,27
11103,2026-01-01,163800,ALL,ALL,700.0,9
11104,2026-01-01,163900,ALL,ALL,720.0,18
11105,2026-01-01,164000,ALL,ALL,615.0,24
11106,2026-01-01,164200,ALL,ALL,650.0,15
11107,2026-01-01,164300,ALL,ALL,700.0,42
11108,2026-01-01,164400,ALL,ALL,610.0,21
11109,2026-01-01,164500,ALL,ALL,550.0,18
11110,2026-01-01,164600,ALL,ALL,725.0,21
11111,2026-01-01,164700,ALL,ALL,635.0,9
11112,2026-01-01,164800,ALL,ALL,620.0,15
11113,2026-01-01,165000,ALL,ALL,655.0,12
11114,2026-01-01,165100,ALL,ALL,750.0,15
11115,2026-01-01,165300,ALL,ALL,560.0,57
11116,2026-01-01,165400,ALL,ALL,640.0,18
11117,2026-01-01,165500,ALL,ALL,600.0,51
11118,2026-01-01,165600,ALL,ALL,735.0,12
11119,2026-01-01,165700,ALL,ALL,610.0,18
11120,2026-01-01,165800,ALL,ALL,620.0,24
11121,2026-01-01,165900,ALL,ALL,630.0,15
11122,2026-01-01,166000,ALL,ALL,490.0,6
11123,2026-01-01,166100,ALL,ALL,595.0,15
11124,2026-01-01,166200,ALL,ALL,550.0,9
11125,2026-01-01,166300,ALL,ALL,900.0,6
11126,2026-01-01,166700,ALL,ALL,515.0,6
11127,2026-01-01,167000,ALL,ALL,480.0,9
11128,2026-01-01,167100,ALL,ALL,580.0,33
11129,2026-01-01,167700,ALL,ALL,470.0,9
11130,2026-01-01,167800,ALL,ALL,570.0,18
11131,2026-01-01,168100,ALL,ALL,650.0,6
11132,2026-01-01,168500,ALL,ALL,650.0,18
11133,2026-01-01,169100,ALL,ALL,500.0,6
11134,2026-01-01,169200,ALL,ALL,500.0,24
11135,2026-01-01,169400,ALL,ALL,590.0,6
11136,2026-01-01,169500,ALL,ALL,580.0,15
11137,2026-01-01,169600,ALL,ALL,583.0,18
11138,2026-01-01,169700,ALL,ALL,665.0,6
11139,2026-01-01,170000,ALL,ALL,600.0,18
11140,2026-01-01,170100,ALL,ALL,510.0,6
11141,2026-01-01,170200,ALL,ALL,650.0,6
11142,2026-01-01,170300,ALL,ALL,595.0,6
11143,2026-01-01,170500,ALL,ALL,720.0,45
11144,2026-01-01,170801,ALL,ALL,565.0,6
11145,2026-01-01,170802,ALL,ALL,650.0,18
11146,2026-01-01,170900,ALL,ALL,533.0,6
11147,2026-01-01,171100,ALL,ALL,585.0,12
11148,2026-01-01,171400,ALL,ALL,555.0,15
11149,2026-01-01,171500,ALL,ALL,520.0,27
11150,2026-01-01,171600,ALL,ALL,650.0,24
11151,2026-01-01,171802,ALL,ALL,700.0,9
11152,2026-01-01,171900,ALL,ALL,705.0,12
11153,2026-01-01,172000,ALL,ALL,550.0,15
11154,2026-01-01,172100,ALL,ALL,550.0,21
11155,2026-01-01,172300,ALL,ALL,600.0,6
11156,2026-01-01,172600,ALL,ALL,670.0,15
11157,2026-01-01,173000,ALL,ALL,825.0,9
11158,2026-01-01,173200,ALL,ALL,570.0,12
11159,2026-01-01,173300,ALL,ALL,600.0,9
11160,2026-01-01,173800,ALL,ALL,675.0,9
11161,2026-01-01,173900,ALL,ALL,610.0,15
11162,2026-01-01,174000,ALL,ALL,550.0,6
11163,2026-01-01,174100,ALL,ALL,580.0,9
11164,2026-01-01,174200,ALL,ALL,565.0,6
11165,2026-01-01,174600,ALL,ALL,570.0,6
11166,2026-01-01,174800,ALL,ALL,680.0,6
11167,2026-01-01,174900,ALL,ALL,630.0,21
11168,2026-01-01,175000,ALL,ALL,650.0,27
11169,2026-01-01,175200,ALL,ALL,650.0,6
11170,2026-01-01,175300,ALL,ALL,740.0,42
11171,2026-01-01,175500,ALL,ALL,760.0,15
11172,2026-01-01,175600,ALL,ALL,730.0,27
11173,2026-01-01,175700,ALL,ALL,595.0,21
11174,2026-01-01,175800,ALL,ALL,728.0,18
11175,2026-01-01,175900,ALL,ALL,730.0,27
11176,2026-01-01,176000,ALL,ALL,585.0,15
11177,2026-01-01,176100,ALL,ALL,750.0,33
11178,2026-01-01,176200,ALL,ALL,715.0,21
11179,2026-01-01,176300,ALL,ALL,515.0,6
11180,2026-01-01,176400,ALL,ALL,610.0,24
11181,2026-01-01,176500,ALL,ALL,595.0,18
11182,2026-01-01,176600,ALL,ALL,680.0,21
11183,2026-01-01,176700,ALL,ALL,740.0,12
11184,2026-01-01,176800,ALL,ALL,555.0,18
11185,2026-01-01,176900,ALL,ALL,760.0,9
11186,2026-01-01,177000,ALL,ALL,685.0,6
11187,2026-01-01,177100,ALL,ALL,580.0,9
11188,2026-01-01,177200,ALL,ALL,570.0,21
11189,2026-01-01,177300,ALL,ALL,620.0,21
11190,2026-01-01,177400,ALL,ALL,563.0,24
11191,2026-01-01,177500,ALL,ALL,630.0,24
11192,2026-01-01,177600,ALL,ALL,585.0,33
11193,2026-01-01,177700,ALL,ALL,650.0,27
11194,2026-01-01,177800,ALL,ALL,560.0,21
11195,2026-01-01,177900,ALL,ALL,580.0,24
11196,2026-01-01,178000,ALL,ALL,595.0,33
11197,2026-01-01,178100,ALL,ALL,630.0,18
11198,2026-01-01,178200,ALL,ALL,573.0,42
11199,2026-01-01,178300,ALL,ALL,470.0,93
11200,2026-01-01,178400,ALL,ALL,620.0,15
11201,2026-01-01,178500,ALL,ALL,600.0,21
11202,2026-01-01,178600,ALL,ALL,490.0,15
11203,2026-01-01,178700,ALL,ALL,550.0,81
11204,2026-01-01,178800,ALL,ALL,550.0,60
11205,2026-01-01,178900,ALL,ALL,530.0,27
11206,2026-01-01,179000,ALL,ALL,580.0,15
11207,2026-01-01,179100,ALL,ALL,545.0,45
11208,2026-01-01,179200,ALL,ALL,700.0,30
11209,2026-01-01,179300,ALL,ALL,450.0,57
11210,2026-01-01,179400,ALL,ALL,400.0,30
11211,2026-01-01,179500,ALL,ALL,560.0,99
11212,2026-01-01,179600,ALL,ALL,600.0,39
11213,2026-01-01,179700,ALL,ALL,463.0,90
11214,2026-01-01,179800,ALL,ALL,450.0,42
11215,2026-01-01,179900,ALL,ALL,340.0,297
11216,2026-01-01,180000,ALL,ALL,558.0,30
11217,2026-01-01,180100,ALL,ALL,358.0,84
11218,2026-01-01,180200,ALL,ALL,555.0,36
11219,2026-01-01,180300,ALL,ALL,530.0,39
11220,2026-01-01,180400,ALL,ALL,620.0,12
11221,2026-01-01,180500,ALL,ALL,530.0,18
11222,2026-01-01,180600,ALL,ALL,500.0,57
11223,2026-01-01,180700,ALL,ALL,578.0,84
11224,2026-01-01,180800,ALL,ALL,535.0,66
11225,2026-01-01,180900,ALL,ALL,495.0,27
11226,2026-01-01,181000,ALL,ALL,525.0,12
11227,2026-01-01,181100,ALL,ALL,655.0,24
11228,2026-01-01,181200,ALL,ALL,595.0,12
11229,2026-01-01,181300,ALL,ALL,695.0,9
11230,2026-01-01,181500,ALL,ALL,660.0,6
11231,2026-01-01,181600,ALL,ALL,588.0,12
11232,2026-01-01,181700,ALL,ALL,550.0,6
11233,2026-01-01,181800,ALL,ALL,570.0,6
11234,2026-01-01,182100,ALL,ALL,698.0,12
11235,2026-01-01,182600,ALL,ALL,765.0,18
11236,2026-01-01,182700,ALL,ALL,650.0,21
11237,2026-01-01,182800,ALL,ALL,650.0,27
11238,2026-01-01,182900,ALL,ALL,740.0,9
11239,2026-01-01,183200,ALL,ALL,623.0,12
11240,2026-01-01,183300,ALL,ALL,583.0,6
11241,2026-01-01,183500,ALL,ALL,650.0,9
11242,2026-01-01,183600,ALL,ALL,580.0,24
11243,2026-01-01,183700,ALL,ALL,648.0,6
11244,2026-01-01,183800,ALL,ALL,650.0,27
11245,2026-01-01,183900,ALL,ALL,600.0,18
11246,2026-01-01,184000,ALL,ALL,598.0,6
11247,2026-01-01,184200,ALL,ALL,575.0,6
11248,2026-01-01,184300,ALL,ALL,480.0,9
11249,2026-01-01,184400,ALL,ALL,610.0,9
11250,2026-01-01,184800,ALL,ALL,585.0,12
11251,2026-01-01,185500,ALL,ALL,520.0,21
11252,2026-01-01,185800,ALL,ALL,525.0,9
11253,2026-01-01,185900,ALL,ALL,575.0,6
11254,2026-01-01,186000,ALL,ALL,540.0,30
11255,2026-01-01,186200,ALL,ALL,470.0,15
11256,2026-01-01,186300,ALL,ALL,338.0,9
11257,2026-01-01,186400,ALL,ALL,465.0,15
11258,2026-01-01,186500,ALL,ALL,480.0,30
11259,2026-01-01,186600,ALL,ALL,510.0,15
11260,2026-01-01,186700,ALL,ALL,550.0,9
11261,2026-01-01,186800,ALL,ALL,525.0,9
11262,2026-01-01,187200,ALL,ALL,390.0,9
11263,2026-01-01,187300,ALL,ALL,450.0,15
11264,2026-01-01,187400,ALL,ALL,470.0,6
11265,2026-01-01,187900,ALL,ALL,595.0,6
11266,2026-01-01,188000,ALL,ALL,750.0,9
11267,2026-01-01,188300,ALL,ALL,530.0,9
11268,2026-01-01,188400,ALL,ALL,725.0,18
11269,2026-01-01,188500,ALL,ALL,670.0,21
11270,2026-01-01,188700,ALL,ALL,575.0,12
11271,2026-01-01,188800,ALL,ALL,630.0,21
11272,2026-01-01,188900,ALL,ALL,630.0,18
11273,2026-01-01,189000,ALL,ALL,690.0,21
11274,2026-01-01,189100,ALL,ALL,650.0,15
11275,2026-01-01,189200,ALL,ALL,675.0,15
11276,2026-01-01,189300,ALL,ALL,650.0,21
11277,2026-01-01,189400,ALL,ALL,745.0,18
11278,2026-01-01,189700,ALL,ALL,490.0,36
11279,2026-01-01,190200,ALL,ALL,600.0,15
11280,2026-01-01,190300,ALL,ALL,620.0,9
11281,2026-01-01,190500,ALL,ALL,630.0,9
11282,2026-01-01,190600,ALL,ALL,630.0,39
11283,2026-01-01,190900,ALL,ALL,655.0,6
11284,2026-01-01,191000,ALL,ALL,700.0,21
11285,2026-01-01,191100,ALL,ALL,685.0,12
11286,2026-01-01,191300,ALL,ALL,740.0,6
11287,2026-01-01,191400,ALL,ALL,625.0,6
11288,2026-01-01,191600,ALL,ALL,575.0,6
11289,2026-01-01,191700,ALL,ALL,485.0,6
11290,2026-01-01,191900,ALL,ALL,400.0,27
11291,2026-01-01,192000,ALL,ALL,450.0,6
11292,2026-01-01,192100,ALL,ALL,630.0,21
11293,2026-01-01,192400,ALL,ALL,580.0,9
11294,2026-01-01,192500,ALL,ALL,500.0,12
11295,2026-01-01,192600,ALL,ALL,740.0,15
11296,2026-01-01,192800,ALL,ALL,738.0,36
11297,2026-01-01,192900,ALL,ALL,673.0,12
11298,2026-01-01,193000,ALL,ALL,800.0,12
11299,2026-01-01,193100,ALL,ALL,690.0,18
11300,2026-01-01,193200,ALL,ALL,675.0,27
11301,2026-01-01,193300,ALL,ALL,675.0,24
11302,2026-01-01,193400,ALL,ALL,680.0,36
11303,2026-01-01,193500,ALL,ALL,800.0,27
11304,2026-01-01,193600,ALL,ALL,670.0,9
11305,2026-01-01,193700,ALL,ALL,738.0,24
11306,2026-01-01,193800,ALL,ALL,615.0,18
11307,2026-01-01,193900,ALL,ALL,575.0,6
11308,2026-01-01,194000,ALL,ALL,640.0,21
11309,2026-01-01,194100,ALL,ALL,690.0,9
11310,2026-01-01,194300,ALL,ALL,755.0,15
11311,2026-01-01,194400,ALL,ALL,650.0,15
11312,2026-01-01,194600,ALL,ALL,640.0,27
11313,2026-01-01,194800,ALL,ALL,660.0,39
11314,2026-01-01,194900,ALL,ALL,735.0,21
11315,2026-01-01,195100,ALL,ALL,760.0,66
11316,2026-01-01,195200,ALL,ALL,650.0,21
11317,2026-01-01,195300,ALL,ALL,633.0,18
11318,2026-01-01,195400,ALL,ALL,790.0,12
11319,2026-01-01,195500,ALL,ALL,720.0,42
11320,2026-01-01,195700,ALL,ALL,490.0,15
11321,2026-01-01,195800,ALL,ALL,700.0,33
11322,2026-01-01,195900,ALL,ALL,723.0,6
11323,2026-01-01,196000,ALL,ALL,720.0,15
11324,2026-01-01,196200,ALL,ALL,793.0,36
11325,2026-01-01,196300,ALL,ALL,695.0,12
11326,2026-01-01,196400,ALL,ALL,760.0,18
11327,2026-01-01,196500,ALL,ALL,680.0,6
11328,2026-01-01,196600,ALL,ALL,650.0,21
11329,2026-01-01,196700,ALL,ALL,675.0,9
11330,2026-01-01,196800,ALL,ALL,778.0,18
11331,2026-01-01,196900,ALL,ALL,755.0,12
11332,2026-01-01,197000,ALL,ALL,740.0,18
11333,2026-01-01,197100,ALL,ALL,838.0,18
11334,2026-01-01,197200,ALL,ALL,720.0,18
11335,2026-01-01,197300,ALL,ALL,780.0,9
11336,2026-01-01,197400,ALL,ALL,680.0,21
11337,2026-01-01,197500,ALL,ALL,760.0,21
11338,2026-01-01,197600,ALL,ALL,750.0,93
11339,2026-01-01,198100,ALL,ALL,565.0,12
11340,2026-01-01,198200,ALL,ALL,650.0,12
11341,2026-01-01,198400,ALL,ALL,550.0,12
11342,2026-01-01,198600,ALL,ALL,593.0,18
11343,2026-01-01,198800,ALL,ALL,620.0,9
11344,2026-01-01,198900,ALL,ALL,555.0,12
11345,2026-01-01,199000,ALL,ALL,590.0,33
11346,2026-01-01,199100,ALL,ALL,610.0,15
11347,2026-01-01,199200,ALL,ALL,650.0,15
11348,2026-01-01,199400,ALL,ALL,550.0,15
11349,2026-01-01,199500,ALL,ALL,578.0,18
11350,2026-01-01,199600,ALL,ALL,605.0,12
11351,2026-01-01,199700,ALL,ALL,570.0,15
11352,2026-01-01,199800,ALL,ALL,520.0,18
11353,2026-01-01,199900,ALL,ALL,500.0,9
11354,2026-01-01,200100,ALL,ALL,480.0,9
11355,2026-01-01,200200,ALL,ALL,640.0,9
11356,2026-01-01,200300,ALL,ALL,460.0,51
11357,2026-01-01,200400,ALL,ALL,630.0,12
11358,2026-01-01,200500,ALL,ALL,503.0,27
11359,2026-01-01,200600,ALL,ALL,685.0,9
11360,2026-01-01,200700,ALL,ALL,570.0,9
11361,2026-01-01,200800,ALL,ALL,630.0,9
11362,2026-01-01,200900,ALL,ALL,560.0,33
11363,2026-01-01,201000,ALL,ALL,560.0,9
11364,2026-01-01,201200,ALL,ALL,505.0,24
11365,2026-01-01,201400,ALL,ALL,600.0,18
11366,2026-01-01,201500,ALL,ALL,715.0,18
11367,2026-01-01,201800,ALL,ALL,475.0,6
11368,2026-01-01,202300,ALL,ALL,398.0,6
11369,2026-01-01,202500,ALL,ALL,738.0,6
11370,2026-01-01,202600,ALL,ALL,590.0,15
11371,2026-01-01,202700,ALL,ALL,605.0,27
11372,2026-01-01,202800,ALL,ALL,585.0,12
11373,2026-01-01,202900,ALL,ALL,620.0,15
11374,2026-01-01,203200,ALL,ALL,565.0,36
11375,2026-01-01,203700,ALL,ALL,550.0,15
11376,2026-01-01,203900,ALL,ALL,550.0,24
11377,2026-01-01,204100,ALL,ALL,550.0,6
11378,2026-01-01,204400,ALL,ALL,493.0,18
11379,2026-01-01,205400,ALL,ALL,650.0,9
11380,2026-01-01,205500,ALL,ALL,390.0,6
11381,2026-01-01,205600,ALL,ALL,575.0,6
11382,2026-01-01,205700,ALL,ALL,638.0,6
11383,2026-01-01,205800,ALL,ALL,680.0,9
11384,2026-01-01,205900,ALL,ALL,680.0,9
11385,2026-01-01,206000,ALL,ALL,585.0,12
11386,2026-01-01,206100,ALL,ALL,625.0,18
11387,2026-01-01,206200,ALL,ALL,625.0,6
11388,2026-01-01,206300,ALL,ALL,638.0,18
11389,2026-01-01,206400,ALL,ALL,550.0,15
11390,2026-01-01,206500,ALL,ALL,650.0,12
11391,2026-01-01,206600,ALL,ALL,800.0,9
11392,2026-01-01,206700,ALL,ALL,625.0,15
11393,2026-01-01,206800,ALL,ALL,498.0,18
11394,2026-01-01,206900,ALL,ALL,678.0,12
11395,2026-01-01,207000,ALL,ALL,650.0,18
11396,2026-01-01,207100,ALL,ALL,580.0,9
11397,2026-01-01,207200,ALL,ALL,660.0,9
11398,2026-01-01,207300,ALL,ALL,780.0,21
11399,2026-01-01,207800,ALL,ALL,470.0,39
11400,2026-01-01,208500,ALL,ALL,225.0,6
11401,2026-01-01,208800,ALL,ALL,560.0,36
11402,2026-01-01,209000,ALL,ALL,580.0,15
11403,2026-01-01,209100,ALL,ALL,580.0,9
11404,2026-01-01,209200,ALL,ALL,570.0,9
11405,2026-01-01,209400,ALL,ALL,790.0,12
11406,2026-01-01,209500,ALL,ALL,570.0,6
11407,2026-01-01,209600,ALL,ALL,650.0,9
11408,2026-01-01,209700,ALL,ALL,520.0,15
11409,2026-01-01,209800,ALL,ALL,635.0,6
11410,2026-01-01,209900,ALL,ALL,523.0,24
11411,2026-01-01,210000,ALL,ALL,598.0,18
11412,2026-01-01,210200,ALL,ALL,600.0,9
11413,2026-01-01,210500,ALL,ALL,550.0,9
11414,2026-01-01,210600,ALL,ALL,610.0,18
11415,2026-01-01,210700,ALL,ALL,520.0,15
11416,2026-01-01,210800,ALL,ALL,530.0,21
11417,2026-01-01,210900,ALL,ALL,600.0,15
11418,2026-01-01,211000,ALL,ALL,590.0,27
11419,2026-01-01,211100,ALL,ALL,568.0,6
11420,2026-01-01,211300,ALL,ALL,530.0,9
11421,2026-01-01,211400,ALL,ALL,650.0,9
11422,2026-01-01,211500,ALL,ALL,710.0,6
11423,2026-01-01,211700,ALL,ALL,850.0,9
11424,2026-01-01,211800,ALL,ALL,655.0,18
11425,2026-01-01,211900,ALL,ALL,698.0,18
11426,2026-01-01,212100,ALL,ALL,740.0,6
11427,2026-01-01,212200,ALL,ALL,600.0,9
11428,2026-01-01,212300,ALL,ALL,675.0,12
11429,2026-01-01,212600,ALL,ALL,665.0,9
11430,2026-01-01,212900,ALL,ALL,690.0,9
11431,2026-01-01,213000,ALL,ALL,755.0,6
11432,2026-01-01,213200,ALL,ALL,680.0,18
11433,2026-01-01,213300,ALL,ALL,780.0,15
11434,2026-01-01,213400,ALL,ALL,680.0,27
11435,2026-01-01,213500,ALL,ALL,650.0,9
11436,2026-01-01,213600,ALL,ALL,610.0,6
11437,2026-01-01,213700,ALL,ALL,668.0,18
11438,2026-01-01,213800,ALL,ALL,560.0,9
11439,2026-01-01,213900,ALL,ALL,590.0,15
11440,2026-01-01,214000,ALL,ALL,600.0,15
11441,2026-01-01,214100,ALL,ALL,620.0,6
11442,2026-01-01,214200,ALL,ALL,540.0,15
11443,2026-01-01,214300,ALL,ALL,625.0,6
11444,2026-01-01,214400,ALL,ALL,650.0,9
11445,2026-01-01,214500,ALL,ALL,650.0,9
11446,2026-01-01,214600,ALL,ALL,618.0,12
11447,2026-01-01,214700,ALL,ALL,620.0,9
11448,2026-01-01,214800,ALL,ALL,565.0,6
11449,2026-01-01,214900,ALL,ALL,600.0,21
11450,2026-01-01,215000,ALL,ALL,575.0,24
11451,2026-01-01,215100,ALL,ALL,610.0,18
11452,2026-01-01,215200,ALL,ALL,600.0,27
11453,2026-01-01,215300,ALL,ALL,520.0,9
11454,2026-01-01,215400,ALL,ALL,750.0,15
11455,2026-01-01,215500,ALL,ALL,535.0,6
11456,2026-01-01,215600,ALL,ALL,510.0,6
11457,2026-01-01,215700,ALL,ALL,565.0,12
11458,2026-01-01,215800,ALL,ALL,520.0,12
11459,2026-01-01,215900,ALL,ALL,536.0,9
11460,2026-01-01,216000,ALL,ALL,590.0,12
11461,2026-01-01,216300,ALL,ALL,573.0,36
11462,2026-01-01,216500,ALL,ALL,900.0,12
11463,2026-01-01,216600,ALL,ALL,540.0,15
11464,2026-01-01,216700,ALL,ALL,535.0,6
11465,2026-01-01,216800,ALL,ALL,600.0,21
11466,2026-01-01,216900,ALL,ALL,545.0,36
11467,2026-01-01,217000,ALL,ALL,515.0,9
11468,2026-01-01,217100,ALL,ALL,580.0,15
11469,2026-01-01,217200,ALL,ALL,680.0,9
11470,2026-01-01,217300,ALL,ALL,570.0,21
11471,2026-01-01,217400,ALL,ALL,600.0,48
11472,2026-01-01,217500,ALL,ALL,650.0,24
11473,2026-01-01,217600,ALL,ALL,655.0,21
11474,2026-01-01,217800,ALL,ALL,580.0,21
11475,2026-01-01,217900,ALL,ALL,660.0,12
11476,2026-01-01,218000,ALL,ALL,620.0,21
11477,2026-01-01,218100,ALL,ALL,620.0,27
11478,2026-01-01,218200,ALL,ALL,680.0,6
11479,2026-01-01,218300,ALL,ALL,515.0,36
11480,2026-01-01,218400,ALL,ALL,610.0,24
11481,2026-01-01,218500,ALL,ALL,520.0,24
11482,2026-01-01,218600,ALL,ALL,593.0,18
11483,2026-01-01,218700,ALL,ALL,580.0,9
11484,2026-01-01,218900,ALL,ALL,525.0,12
11485,2026-01-01,219000,ALL,ALL,550.0,6
11486,2026-01-01,219100,ALL,ALL,693.0,6
11487,2026-01-01,219300,ALL,ALL,625.0,6
11488,2026-01-01,219400,ALL,ALL,600.0,6
11489,2026-01-01,219600,ALL,ALL,563.0,18
11490,2026-01-01,220100,ALL,ALL,550.0,15
11491,2026-01-01,220300,ALL,ALL,540.0,18
11492,2026-01-01,220400,ALL,ALL,545.0,9
11493,2026-01-01,220900,ALL,ALL,440.0,6
11494,2026-01-01,221300,ALL,ALL,590.0,6
11495,2026-01-01,221400,ALL,ALL,540.0,15
11496,2026-01-01,221600,ALL,ALL,590.0,9
11497,2026-01-01,221700,ALL,ALL,513.0,12
11498,2026-01-01,221800,ALL,ALL,550.0,24
11499,2026-01-01,221900,ALL,ALL,525.0,30
11500,2026-01-01,222200,ALL,ALL,400.0,9
11501,2026-01-01,222500,ALL,ALL,445.0,12
11502,2026-01-01,222600,ALL,ALL,400.0,18
11503,2026-01-01,222700,ALL,ALL,425.0,9
11504,2026-01-01,222900,ALL,ALL,340.0,6
11505,2026-01-01,223100,ALL,ALL,410.0,27
11506,2026-01-01,223400,ALL,ALL,525.0,6
11507,2026-01-01,223600,ALL,ALL,525.0,18
11508,2026-01-01,223700,ALL,ALL,598.0,6
11509,2026-01-01,223800,ALL,ALL,475.0,15
11510,2026-01-01,224000,ALL,ALL,500.0,15
11511,2026-01-01,224100,ALL,ALL,540.0,9
11512,2026-01-01,224200,ALL,ALL,560.0,6
11513,2026-01-01,224300,ALL,ALL,495.0,27
11514,2026-01-01,224400,ALL,ALL,575.0,6
11515,2026-01-01,224500,ALL,ALL,600.0,12
11516,2026-01-01,224600,ALL,ALL,510.0,15
11517,2026-01-01,224800,ALL,ALL,500.0,24
11518,2026-01-01,225000,ALL,ALL,530.0,9
11519,2026-01-01,225100,ALL,ALL,535.0,12
11520,2026-01-01,225200,ALL,ALL,520.0,15
11521,2026-01-01,225300,ALL,ALL,520.0,18
11522,2026-01-01,225400,ALL,ALL,465.0,30
11523,2026-01-01,225500,ALL,ALL,540.0,15
11524,2026-01-01,225600,ALL,ALL,505.0,6
11525,2026-01-01,225700,ALL,ALL,480.0,15
11526,2026-01-01,225800,ALL,ALL,545.0,12
11527,2026-01-01,225900,ALL,ALL,570.0,15
11528,2026-01-01,226400,ALL,ALL,510.0,6
11529,2026-01-01,226500,ALL,ALL,447.0,12
11530,2026-01-01,226700,ALL,ALL,475.0,12
11531,2026-01-01,226900,ALL,ALL,450.0,9
11532,2026-01-01,227000,ALL,ALL,465.0,12
11533,2026-01-01,227100,ALL,ALL,350.0,6
11534,2026-01-01,227300,ALL,ALL,550.0,6
11535,2026-01-01,227400,ALL,ALL,480.0,6
11536,2026-01-01,227900,ALL,ALL,610.0,9
11537,2026-01-01,228000,ALL,ALL,600.0,12
11538,2026-01-01,228100,ALL,ALL,610.0,9
11539,2026-01-01,228200,ALL,ALL,500.0,9
11540,2026-01-01,228300,ALL,ALL,488.0,30
11541,2026-01-01,228400,ALL,ALL,485.0,6
11542,2026-01-01,228500,ALL,ALL,600.0,9
11543,2026-01-01,229000,ALL,ALL,610.0,9
11544,2026-01-01,229100,ALL,ALL,535.0,6
11545,2026-01-01,229300,ALL,ALL,595.0,30
11546,2026-01-01,229500,ALL,ALL,510.0,18
11547,2026-01-01,229600,ALL,ALL,580.0,39
11548,2026-01-01,229800,ALL,ALL,560.0,33
11549,2026-01-01,229900,ALL,ALL,473.0,30
11550,2026-01-01,230000,ALL,ALL,550.0,18
11551,2026-01-01,230100,ALL,ALL,485.0,36
11552,2026-01-01,230200,ALL,ALL,540.0,33
11553,2026-01-01,230300,ALL,ALL,575.0,18
11554,2026-01-01,230400,ALL,ALL,650.0,9
11555,2026-01-01,230500,ALL,ALL,280.0,75
11556,2026-01-01,230600,ALL,ALL,520.0,33
11557,2026-01-01,230700,ALL,ALL,575.0,48
11558,2026-01-01,230800,ALL,ALL,550.0,27
11559,2026-01-01,230900,ALL,ALL,585.0,6
11560,2026-01-01,231000,ALL,ALL,430.0,36
11561,2026-01-01,231100,ALL,ALL,730.0,9
11562,2026-01-01,231200,ALL,ALL,500.0,48
11563,2026-01-01,231300,ALL,ALL,560.0,15
11564,2026-01-01,231400,ALL,ALL,450.0,45
11565,2026-01-01,231500,ALL,ALL,595.0,24
11566,2026-01-01,231600,ALL,ALL,510.0,48
11567,2026-01-01,231700,ALL,ALL,575.0,27
11568,2026-01-01,231800,ALL,ALL,580.0,21
11569,2026-01-01,232000,ALL,ALL,580.0,15
11570,2026-01-01,232200,ALL,ALL,600.0,9
11571,2026-01-01,232300,ALL,ALL,580.0,18
11572,2026-01-01,232700,ALL,ALL,540.0,21
11573,2026-01-01,233100,ALL,ALL,450.0,15
11574,2026-01-01,233200,ALL,ALL,500.0,15
11575,2026-01-01,233300,ALL,ALL,500.0,21
11576,2026-01-01,233600,ALL,ALL,450.0,21
11577,2026-01-01,234100,ALL,ALL,475.0,18
11578,2026-01-01,234200,ALL,ALL,523.0,12
11579,2026-01-01,234300,ALL,ALL,460.0,9
11580,2026-01-01,234400,ALL,ALL,575.0,9
11581,2026-01-01,234700,ALL,ALL,685.0,9
11582,2026-01-01,234800,ALL,ALL,550.0,6
11583,2026-01-01,234900,ALL,ALL,535.0,33
11584,2026-01-01,235000,ALL,ALL,500.0,24
11585,2026-01-01,235200,ALL,ALL,480.0,15
11586,2026-01-01,235300,ALL,ALL,590.0,6
11587,2026-01-01,235400,ALL,ALL,375.0,6
11588,2026-01-01,235500,ALL,ALL,460.0,39
11589,2026-01-01,235600,ALL,ALL,515.0,18
11590,2026-01-01,235700,ALL,ALL,560.0,6
11591,2026-01-01,235800,ALL,ALL,470.0,15
11592,2026-01-01,235900,ALL,ALL,550.0,15
11593,2026-01-01,236300,ALL,ALL,510.0,18
11594,2026-01-01,236500,ALL,ALL,550.0,21
11595,2026-01-01,236700,ALL,ALL,690.0,9
11596,2026-01-01,236800,ALL,ALL,625.0,18
11597,2026-01-01,237000,ALL,ALL,598.0,12
11598,2026-01-01,237100,ALL,ALL,490.0,24
11599,2026-01-01,237200,ALL,ALL,670.0,9
11600,2026-01-01,237300,ALL,ALL,660.0,6
11601,2026-01-01,237400,ALL,ALL,608.0,6
11602,2026-01-01,237500,ALL,ALL,620.0,9
11603,2026-01-01,237600,ALL,ALL,650.0,18
11604,2026-01-01,237800,ALL,ALL,580.0,45
11605,2026-01-01,237900,ALL,ALL,680.0,6
11606,2026-01-01,238000,ALL,ALL,645.0,12
11607,2026-01-01,238100,ALL,ALL,690.0,12
11608,2026-01-01,238300,ALL,ALL,610.0,9
11609,2026-01-01,238400,ALL,ALL,360.0,45
11610,2026-01-01,238500,ALL,ALL,638.0,18
11611,2026-01-01,238600,ALL,ALL,615.0,6
11612,2026-01-01,238800,ALL,ALL,700.0,9
11613,2026-01-01,239000,ALL,ALL,748.0,12
11614,2026-01-01,239100,ALL,ALL,580.0,27
11615,2026-01-01,239200,ALL,ALL,580.0,24
11616,2026-01-01,239300,ALL,ALL,500.0,12
11617,2026-01-01,239400,ALL,ALL,680.0,15
11618,2026-01-01,239500,ALL,ALL,600.0,6
11619,2026-01-01,239600,ALL,ALL,650.0,9
11620,2026-01-01,239800,ALL,ALL,675.0,9
11621,2026-01-01,239900,ALL,ALL,750.0,15
11622,2026-01-01,240000,ALL,ALL,695.0,12
11623,2026-01-01,240100,ALL,ALL,860.0,18
11624,2026-01-01,240200,ALL,ALL,680.0,18
11625,2026-01-01,240300,ALL,ALL,655.0,12
11626,2026-01-01,240400,ALL,ALL,715.0,9
11627,2026-01-01,240500,ALL,ALL,550.0,9
11628,2026-01-01,240600,ALL,ALL,795.0,18
11629,2026-01-01,240700,ALL,ALL,475.0,6
11630,2026-01-01,240800,ALL,ALL,583.0,18
11631,2026-01-01,240900,ALL,ALL,520.0,9
11632,2026-01-01,241300,ALL,ALL,800.0,6
11633,2026-01-01,241400,ALL,ALL,580.0,15
11634,2026-01-01,241500,ALL,ALL,620.0,9
11635,2026-01-01,241600,ALL,ALL,650.0,12
11636,2026-01-01,241700,ALL,ALL,550.0,18
11637,2026-01-01,241800,ALL,ALL,700.0,15
11638,2026-01-01,241900,ALL,ALL,625.0,27
11639,2026-01-01,242000,ALL,ALL,520.0,33
11640,2026-01-01,242100,ALL,ALL,595.0,9
11641,2026-01-01,242200,ALL,ALL,713.0,18
11642,2026-01-01,242400,ALL,ALL,555.0,27
11643,2026-01-01,242500,ALL,ALL,540.0,24
11644,2026-01-01,242600,ALL,ALL,610.0,12
11645,2026-01-01,242800,ALL,ALL,563.0,6
11646,2026-01-01,242900,ALL,ALL,565.0,12
11647,2026-01-01,243000,ALL,ALL,500.0,6
11648,2026-01-01,243200,ALL,ALL,593.0,36
11649,2026-01-01,243300,ALL,ALL,570.0,6
11650,2026-01-01,243400,ALL,ALL,663.0,18
11651,2026-01-01,243500,ALL,ALL,695.0,15
11652,2026-01-01,243600,ALL,ALL,670.0,15
11653,2026-01-01,243700,ALL,ALL,533.0,60
11654,2026-01-01,243900,ALL,ALL,650.0,6
11655,2026-01-01,244000,ALL,ALL,580.0,21
11656,2026-01-01,244100,ALL,ALL,550.0,48
11657,2026-01-01,244200,ALL,ALL,630.0,18
11658,2026-01-01,244300,ALL,ALL,460.0,21
11659,2026-01-01,244400,ALL,ALL,610.0,12
11660,2026-01-01,244500,ALL,ALL,650.0,9
11661,2026-01-01,244600,ALL,ALL,590.0,21
11662,2026-01-01,244700,ALL,ALL,580.0,51
11663,2026-01-01,244800,ALL,ALL,660.0,18
11664,2026-01-01,244900,ALL,ALL,605.0,18
11665,2026-01-01,245000,ALL,ALL,625.0,36
11666,2026-01-01,245100,ALL,ALL,520.0,45
11667,2026-01-01,245200,ALL,ALL,650.0,30
11668,2026-01-01,245300,ALL,ALL,650.0,15
11669,2026-01-01,245400,ALL,ALL,595.0,33
11670,2026-01-01,245500,ALL,ALL,660.0,30
11671,2026-01-01,245600,ALL,ALL,573.0,18
11672,2026-01-01,245800,ALL,ALL,595.0,15
11673,2026-01-01,245900,ALL,ALL,588.0,30
11674,2026-01-01,246000,ALL,ALL,600.0,51
11675,2026-01-01,246100,ALL,ALL,680.0,24
11676,2026-01-01,246200,ALL,ALL,620.0,15
11677,2026-01-01,246300,ALL,ALL,675.0,6
11678,2026-01-01,246400,ALL,ALL,550.0,12
11679,2026-01-01,246600,ALL,ALL,610.0,18
11680,2026-01-01,246700,ALL,ALL,615.0,6
11681,2026-01-01,246900,ALL,ALL,600.0,21
11682,2026-01-01,247000,ALL,ALL,635.0,18
11683,2026-01-01,247100,ALL,ALL,558.0,24
11684,2026-01-01,247200,ALL,ALL,813.0,12
11685,2026-01-01,247300,ALL,ALL,608.0,6
11686,2026-01-01,247400,ALL,ALL,555.0,18
11687,2026-01-01,247600,ALL,ALL,600.0,21
11688,2026-01-01,247700,ALL,ALL,595.0,24
11689,2026-01-01,247800,ALL,ALL,685.0,21
11690,2026-01-01,247900,ALL,ALL,625.0,24
11691,2026-01-01,248000,ALL,ALL,605.0,12
11692,2026-01-01,248100,ALL,ALL,790.0,39
11693,2026-01-01,248300,ALL,ALL,650.0,30
11694,2026-01-01,248400,ALL,ALL,693.0,36
11695,2026-01-01,248500,ALL,ALL,735.0,6
11696,2026-01-01,248600,ALL,ALL,713.0,30
11697,2026-01-01,248700,ALL,ALL,670.0,21
11698,2026-01-01,248800,ALL,ALL,658.0,30
11699,2026-01-01,248900,ALL,ALL,560.0,57
11700,2026-01-01,249000,ALL,ALL,660.0,12
11701,2026-01-01,249100,ALL,ALL,595.0,15
11702,2026-01-01,249200,ALL,ALL,665.0,24
11703,2026-01-01,249300,ALL,ALL,750.0,12
11704,2026-01-01,249400,ALL,ALL,700.0,39
11705,2026-01-01,249500,ALL,ALL,610.0,45
11706,2026-01-01,249600,ALL,ALL,650.0,36
11707,2026-01-01,249700,ALL,ALL,690.0,54
11708,2026-01-01,249800,ALL,ALL,700.0,15
11709,2026-01-01,249900,ALL,ALL,758.0,30
11710,2026-01-01,250000,ALL,ALL,650.0,24
11711,2026-01-01,250100,ALL,ALL,580.0,39
11712,2026-01-01,250200,ALL,ALL,753.0,12
11713,2026-01-01,250300,ALL,ALL,650.0,63
11714,2026-01-01,250400,ALL,ALL,578.0,54
11715,2026-01-01,250500,ALL,ALL,725.0,24
11716,2026-01-01,250600,ALL,ALL,695.0,27
11717,2026-01-01,250700,ALL,ALL,520.0,60
11718,2026-01-01,250800,ALL,ALL,630.0,84
11719,2026-01-01,250900,ALL,ALL,650.0,135
11720,2026-01-01,251000,ALL,ALL,515.0,48
11721,2026-01-01,251100,ALL,ALL,690.0,66
11722,2026-01-01,251200,ALL,ALL,695.0,150
11723,2026-01-01,251300,ALL,ALL,900.0,57
11724,2026-01-01,251400,ALL,ALL,420.0,228
11725,2026-01-01,251500,ALL,ALL,735.0,45
11726,2026-01-01,251600,ALL,ALL,535.0,324
11727,2026-01-01,251700,ALL,ALL,560.0,189
11728,2026-01-01,251800,ALL,ALL,530.0,117
11729,2026-01-01,251900,ALL,ALL,640.0,57
11730,2026-01-01,252000,ALL,ALL,578.0,174
11731,2026-01-01,252100,ALL,ALL,500.0,159
11732,2026-01-01,252200,ALL,ALL,715.0,36
11733,2026-01-01,252300,ALL,ALL,800.0,27
11734,2026-01-01,252400,ALL,ALL,438.0,240
11735,2026-01-01,252500,ALL,ALL,650.0,141
11736,2026-01-01,252600,ALL,ALL,700.0,33
11737,2026-01-01,252700,ALL,ALL,680.0,15
11738,2026-01-01,252800,ALL,ALL,663.0,36
11739,2026-01-01,252900,ALL,ALL,685.0,60
11740,2026-01-01,253000,ALL,ALL,650.0,108
11741,2026-01-01,253100,ALL,ALL,668.0,96
11742,2026-01-01,253200,ALL,ALL,775.0,21
11743,2026-01-01,253300,ALL,ALL,720.0,69
11744,2026-01-01,253400,ALL,ALL,590.0,15
11745,2026-01-01,253500,ALL,ALL,600.0,18
11746,2026-01-01,253600,ALL,ALL,740.0,72
11747,2026-01-01,253700,ALL,ALL,630.0,54
11748,2026-01-01,253800,ALL,ALL,680.0,42
11749,2026-01-01,253900,ALL,ALL,590.0,21
11750,2026-01-01,254000,ALL,ALL,690.0,30
11751,2026-01-01,254100,ALL,ALL,705.0,12
11752,2026-01-01,254200,ALL,ALL,685.0,18
11753,2026-01-01,254300,ALL,ALL,650.0,24
11754,2026-01-01,254400,ALL,ALL,650.0,18
11755,2026-01-01,254500,ALL,ALL,695.0,9
11756,2026-01-01,254600,ALL,ALL,860.0,21
11757,2026-01-01,254700,ALL,ALL,790.0,15
11758,2026-01-01,254800,ALL,ALL,795.0,21
11759,2026-01-01,254900,ALL,ALL,750.0,24
11760,2026-01-01,255100,ALL,ALL,710.0,18
11761,2026-01-01,255200,ALL,ALL,895.0,15
11762,2026-01-01,255500,ALL,ALL,391.0,6
11763,2026-01-01,255600,ALL,ALL,560.0,12
11764,2026-01-01,255700,ALL,ALL,530.0,24
11765,2026-01-01,255800,ALL,ALL,545.0,18
11766,2026-01-01,255900,ALL,ALL,500.0,9
11767,2026-01-01,256000,ALL,ALL,490.0,6
11768,2026-01-01,256100,ALL,ALL,518.0,18
11769,2026-01-01,256200,ALL,ALL,545.0,45
11770,2026-01-01,256300,ALL,ALL,545.0,33
11771,2026-01-01,256400,ALL,ALL,453.0,24
11772,2026-01-01,256700,ALL,ALL,500.0,15
11773,2026-01-01,256900,ALL,ALL,500.0,21
11774,2026-01-01,257100,ALL,ALL,530.0,21
11775,2026-01-01,257500,ALL,ALL,550.0,9
11776,2026-01-01,257700,ALL,ALL,500.0,9
11777,2026-01-01,257900,ALL,ALL,573.0,12
11778,2026-01-01,300500,ALL,ALL,490.0,9
11779,2026-01-01,300800,ALL,ALL,570.0,6
11780,2026-01-01,301000,ALL,ALL,450.0,9
11781,2026-01-01,301100,ALL,ALL,510.0,6
11782,2026-01-01,301200,ALL,ALL,563.0,12
11783,2026-01-01,301300,ALL,ALL,500.0,9
11784,2026-01-01,301600,ALL,ALL,618.0,6
11785,2026-01-01,301700,ALL,ALL,750.0,12
11786,2026-01-01,302100,ALL,ALL,570.0,6
11787,2026-01-01,302300,ALL,ALL,560.0,9
11788,2026-01-01,302400,ALL,ALL,680.0,30
11789,2026-01-01,302600,ALL,ALL,650.0,9
11790,2026-01-01,302800,ALL,ALL,570.0,9
11791,2026-01-01,302900,ALL,ALL,610.0,15
11792,2026-01-01,303000,ALL,ALL,705.0,6
11793,2026-01-01,303100,ALL,ALL,620.0,9
11794,2026-01-01,303200,ALL,ALL,638.0,6
11795,2026-01-01,303300,ALL,ALL,620.0,18
11796,2026-01-01,303400,ALL,ALL,560.0,9
11797,2026-01-01,303600,ALL,ALL,683.0,6
11798,2026-01-01,303800,ALL,ALL,555.0,6
11799,2026-01-01,304100,ALL,ALL,500.0,39
11800,2026-01-01,304200,ALL,ALL,565.0,12
11801,2026-01-01,304300,ALL,ALL,570.0,6
11802,2026-01-01,304400,ALL,ALL,585.0,15
11803,2026-01-01,304500,ALL,ALL,560.0,27
11804,2026-01-01,304600,ALL,ALL,630.0,24
11805,2026-01-01,304700,ALL,ALL,470.0,15
11806,2026-01-01,304800,ALL,ALL,563.0,30
11807,2026-01-01,304900,ALL,ALL,595.0,18
11808,2026-01-01,305000,ALL,ALL,435.0,15
11809,2026-01-01,305100,ALL,ALL,600.0,9
11810,2026-01-01,305200,ALL,ALL,550.0,12
11811,2026-01-01,305300,ALL,ALL,640.0,21
11812,2026-01-01,305400,ALL,ALL,578.0,12
11813,2026-01-01,305500,ALL,ALL,580.0,9
11814,2026-01-01,305600,ALL,ALL,340.0,54
11815,2026-01-01,305800,ALL,ALL,668.0,6
11816,2026-01-01,305900,ALL,ALL,580.0,6
11817,2026-01-01,306000,ALL,ALL,655.0,12
11818,2026-01-01,306200,ALL,ALL,600.0,9
11819,2026-01-01,306300,ALL,ALL,485.0,6
11820,2026-01-01,306500,ALL,ALL,540.0,6
11821,2026-01-01,306800,ALL,ALL,550.0,21
11822,2026-01-01,307000,ALL,ALL,473.0,6
11823,2026-01-01,307100,ALL,ALL,590.0,12
11824,2026-01-01,307200,ALL,ALL,635.0,6
11825,2026-01-01,307300,ALL,ALL,550.0,15
11826,2026-01-01,307400,ALL,ALL,455.0,6
11827,2026-01-01,307500,ALL,ALL,600.0,15
11828,2026-01-01,307600,ALL,ALL,550.0,12
11829,2026-01-01,307700,ALL,ALL,550.0,9
11830,2026-01-01,307800,ALL,ALL,600.0,15
11831,2026-01-01,307900,ALL,ALL,485.0,18
11832,2026-01-01,308000,ALL,ALL,565.0,12
11833,2026-01-01,308100,ALL,ALL,555.0,18
11834,2026-01-01,308200,ALL,ALL,505.0,12
11835,2026-01-01,308300,ALL,ALL,690.0,15
11836,2026-01-01,308400,ALL,ALL,580.0,21
11837,2026-01-01,308600,ALL,ALL,565.0,12
11838,2026-01-01,308800,ALL,ALL,510.0,6
11839,2026-01-01,308900,ALL,ALL,390.0,12
11840,2026-01-01,309200,ALL,ALL,450.0,18
11841,2026-01-01,309400,ALL,ALL,450.0,24
11842,2026-01-01,309800,ALL,ALL,395.0,6
11843,2026-01-01,310100,ALL,ALL,423.0,6
11844,2026-01-01,310300,ALL,ALL,495.0,6
11845,2026-01-01,310400,ALL,ALL,503.0,6
11846,2026-01-01,310700,ALL,ALL,480.0,6
11847,2026-01-01,311500,ALL,ALL,500.0,21
11848,2026-01-01,312300,ALL,ALL,465.0,9
11849,2026-01-01,312800,ALL,ALL,560.0,9
11850,2026-01-01,312900,ALL,ALL,580.0,9
11851,2026-01-01,313200,ALL,ALL,460.0,6
11852,2026-01-01,313600,ALL,ALL,400.0,6
11853,2026-01-01,314000,ALL,ALL,620.0,9
11854,2026-01-01,314200,ALL,ALL,458.0,18
11855,2026-01-01,314500,ALL,ALL,560.0,9
11856,2026-01-01,314600,ALL,ALL,498.0,24
11857,2026-01-01,314700,ALL,ALL,620.0,39
11858,2026-01-01,314800,ALL,ALL,990.0,6
11859,2026-01-01,314900,ALL,ALL,665.0,6
11860,2026-01-01,315300,ALL,ALL,615.0,12
11861,2026-01-01,315400,ALL,ALL,630.0,18
11862,2026-01-01,315600,ALL,ALL,595.0,15
11863,2026-01-01,315800,ALL,ALL,620.0,9
11864,2026-01-01,315900,ALL,ALL,608.0,6
11865,2026-01-01,316000,ALL,ALL,540.0,6
11866,2026-01-01,316100,ALL,ALL,550.0,9
11867,2026-01-01,316600,ALL,ALL,690.0,9
11868,2026-01-01,316800,ALL,ALL,380.0,9
11869,2026-01-01,316900,ALL,ALL,620.0,12
11870,2026-01-01,317000,ALL,ALL,700.0,6
11871,2026-01-01,317300,ALL,ALL,630.0,9
11872,2026-01-01,317400,ALL,ALL,700.0,15
11873,2026-01-01,317500,ALL,ALL,570.0,6
11874,2026-01-01,317700,ALL,ALL,675.0,15
11875,2026-01-01,317800,ALL,ALL,580.0,15
11876,2026-01-01,317900,ALL,ALL,580.0,15
11877,2026-01-01,318000,ALL,ALL,620.0,18
11878,2026-01-01,318100,ALL,ALL,570.0,6
11879,2026-01-01,318300,ALL,ALL,650.0,30
11880,2026-01-01,318400,ALL,ALL,650.0,21
11881,2026-01-01,318500,ALL,ALL,625.0,9
11882,2026-01-01,318600,ALL,ALL,650.0,9
11883,2026-01-01,318700,ALL,ALL,640.0,6
11884,2026-01-01,318800,ALL,ALL,530.0,15
11885,2026-01-01,318900,ALL,ALL,650.0,9
11886,2026-01-01,319000,ALL,ALL,590.0,15
11887,2026-01-01,319200,ALL,ALL,640.0,36
11888,2026-01-01,319300,ALL,ALL,620.0,18
11889,2026-01-01,319400,ALL,ALL,570.0,15
11890,2026-01-01,319500,ALL,ALL,700.0,27
11891,2026-01-01,319600,ALL,ALL,600.0,15
11892,2026-01-01,319700,ALL,ALL,595.0,27
11893,2026-01-01,319800,ALL,ALL,543.0,18
11894,2026-01-01,319900,ALL,ALL,593.0,36
11895,2026-01-01,320100,ALL,ALL,598.0,30
11896,2026-01-01,320200,ALL,ALL,720.0,81
11897,2026-01-01,320300,ALL,ALL,540.0,21
11898,2026-01-01,320500,ALL,ALL,560.0,27
11899,2026-01-01,320600,ALL,ALL,700.0,21
11900,2026-01-01,320700,ALL,ALL,710.0,78
11901,2026-01-01,320800,ALL,ALL,680.0,21
11902,2026-01-01,320900,ALL,ALL,600.0,33
11903,2026-01-01,321000,ALL,ALL,600.0,42
11904,2026-01-01,321100,ALL,ALL,550.0,21
11905,2026-01-01,321200,ALL,ALL,750.0,48
11906,2026-01-01,321300,ALL,ALL,730.0,18
11907,2026-01-01,321400,ALL,ALL,560.0,24
11908,2026-01-01,321500,ALL,ALL,700.0,15
11909,2026-01-01,321600,ALL,ALL,773.0,6
11910,2026-01-01,321700,ALL,ALL,235.0,27
11911,2026-01-01,321800,ALL,ALL,580.0,114
11912,2026-01-01,321900,ALL,ALL,245.0,30
11913,2026-01-01,322000,ALL,ALL,745.0,24
11914,2026-01-01,322100,ALL,ALL,600.0,36
11915,2026-01-01,322200,ALL,ALL,580.0,39
11916,2026-01-01,322300,ALL,ALL,308.0,6
11917,2026-01-01,322400,ALL,ALL,675.0,24
11918,2026-01-01,322500,ALL,ALL,650.0,9
11919,2026-01-01,322600,ALL,ALL,850.0,9
11920,2026-01-01,322700,ALL,ALL,605.0,66
11921,2026-01-01,322800,ALL,ALL,700.0,9
11922,2026-01-01,322900,ALL,ALL,680.0,12
11923,2026-01-01,323000,ALL,ALL,520.0,75
11924,2026-01-01,323100,ALL,ALL,625.0,36
11925,2026-01-01,323200,ALL,ALL,600.0,24
11926,2026-01-01,323300,ALL,ALL,600.0,111
11927,2026-01-01,323400,ALL,ALL,580.0,21
11928,2026-01-01,323500,ALL,ALL,200.0,24
11929,2026-01-01,323600,ALL,ALL,655.0,12
11930,2026-01-01,323700,ALL,ALL,630.0,9
11931,2026-01-01,323800,ALL,ALL,555.0,51
11932,2026-01-01,323900,ALL,ALL,550.0,84
11933,2026-01-01,324000,ALL,ALL,640.0,15
11934,2026-01-01,324100,ALL,ALL,680.0,9
11935,2026-01-01,324200,ALL,ALL,310.0,6
11936,2026-01-01,324300,ALL,ALL,660.0,15
11937,2026-01-01,324400,ALL,ALL,500.0,99
11938,2026-01-01,324500,ALL,ALL,690.0,39
11939,2026-01-01,324600,ALL,ALL,550.0,18
11940,2026-01-01,324800,ALL,ALL,570.0,69
11941,2026-01-01,325000,ALL,ALL,590.0,21
11942,2026-01-01,325100,ALL,ALL,635.0,12
11943,2026-01-01,325200,ALL,ALL,590.0,33
11944,2026-01-01,325300,ALL,ALL,530.0,162
11945,2026-01-01,325400,ALL,ALL,740.0,15
11946,2026-01-01,325600,ALL,ALL,550.0,9
11947,2026-01-01,325700,ALL,ALL,500.0,45
11948,2026-01-01,325800,ALL,ALL,500.0,153
11949,2026-01-01,325900,ALL,ALL,535.0,33
11950,2026-01-01,326000,ALL,ALL,725.0,6
11951,2026-01-01,326100,ALL,ALL,435.0,87
11952,2026-01-01,326300,ALL,ALL,600.0,27
11953,2026-01-01,326400,ALL,ALL,538.0,12
11954,2026-01-01,326500,ALL,ALL,518.0,24
11955,2026-01-01,326600,ALL,ALL,580.0,9
11956,2026-01-01,326700,ALL,ALL,545.0,6
11957,2026-01-01,326800,ALL,ALL,515.0,78
11958,2026-01-01,326900,ALL,ALL,550.0,51
11959,2026-01-01,327000,ALL,ALL,485.0,132
11960,2026-01-01,327100,ALL,ALL,500.0,36
11961,2026-01-01,327200,ALL,ALL,570.0,15
11962,2026-01-01,327300,ALL,ALL,720.0,21
11963,2026-01-01,327400,ALL,ALL,520.0,87
11964,2026-01-01,327500,ALL,ALL,660.0,6
11965,2026-01-01,327600,ALL,ALL,550.0,78
11966,2026-01-01,327700,ALL,ALL,625.0,21
11967,2026-01-01,327800,ALL,ALL,560.0,9
11968,2026-01-01,327900,ALL,ALL,430.0,159
11969,2026-01-01,328000,ALL,ALL,660.0,15
11970,2026-01-01,328100,ALL,ALL,450.0,12
11971,2026-01-01,328200,ALL,ALL,550.0,45
11972,2026-01-01,328300,ALL,ALL,560.0,21
11973,2026-01-01,328400,ALL,ALL,580.0,18
11974,2026-01-01,328500,ALL,ALL,520.0,45
11975,2026-01-01,328600,ALL,ALL,550.0,9
11976,2026-01-01,328700,ALL,ALL,540.0,27
11977,2026-01-01,328800,ALL,ALL,314.0,18
11978,2026-01-01,328900,ALL,ALL,487.0,90
11979,2026-01-01,329000,ALL,ALL,720.0,33
11980,2026-01-01,329100,ALL,ALL,560.0,54
11981,2026-01-01,329200,ALL,ALL,630.0,21
11982,2026-01-01,329300,ALL,ALL,535.0,12
11983,2026-01-01,329400,ALL,ALL,520.0,51
11984,2026-01-01,329500,ALL,ALL,655.0,12
11985,2026-01-01,329600,ALL,ALL,490.0,33
11986,2026-01-01,329700,ALL,ALL,525.0,51
11987,2026-01-01,329800,ALL,ALL,480.0,9
11988,2026-01-01,329900,ALL,ALL,490.0,66
11989,2026-01-01,330000,ALL,ALL,760.0,9
11990,2026-01-01,330100,ALL,ALL,500.0,42
11991,2026-01-01,330200,ALL,ALL,530.0,45
11992,2026-01-01,330300,ALL,ALL,850.0,21
11993,2026-01-01,330400,ALL,ALL,500.0,9
11994,2026-01-01,330500,ALL,ALL,535.0,24
11995,2026-01-01,330600,ALL,ALL,630.0,15
11996,2026-01-01,330800,ALL,ALL,615.0,27
11997,2026-01-01,330900,ALL,ALL,525.0,12
11998,2026-01-01,331100,ALL,ALL,530.0,15
11999,2026-01-01,331200,ALL,ALL,528.0,12
12000,2026-01-01,331300,ALL,ALL,645.0,18
12001,2026-01-01,331400,ALL,ALL,590.0,9
12002,2026-01-01,331700,ALL,ALL,573.0,12
12003,2026-01-01,331800,ALL,ALL,630.0,9
12004,2026-01-01,331900,ALL,ALL,640.0,6
12005,2026-01-01,332000,ALL,ALL,620.0,15
12006,2026-01-01,332100,ALL,ALL,650.0,9
12007,2026-01-01,332400,ALL,ALL,735.0,6
12008,2026-01-01,332500,ALL,ALL,610.0,24
12009,2026-01-01,332700,ALL,ALL,688.0,18
12010,2026-01-01,333900,ALL,ALL,478.0,6
12011,2026-01-01,334000,ALL,ALL,520.0,9
12012,2026-01-01,334900,ALL,ALL,630.0,15
12013,2026-01-01,335000,ALL,ALL,675.0,6
12014,2026-01-01,335100,ALL,ALL,600.0,12
12015,2026-01-01,335200,ALL,ALL,628.0,18
12016,2026-01-01,335300,ALL,ALL,650.0,75
12017,2026-01-01,335400,ALL,ALL,545.0,6
12018,2026-01-01,335500,ALL,ALL,635.0,153
12019,2026-01-01,335700,ALL,ALL,740.0,9
12020,2026-01-01,335900,ALL,ALL,650.0,9
12021,2026-01-01,336000,ALL,ALL,550.0,33
12022,2026-01-01,336100,ALL,ALL,660.0,36
12023,2026-01-01,336200,ALL,ALL,580.0,15
12024,2026-01-01,336700,ALL,ALL,575.0,6
12025,2026-01-01,336800,ALL,ALL,460.0,6
12026,2026-01-01,336900,ALL,ALL,460.0,12
12027,2026-01-01,337300,ALL,ALL,600.0,9
12028,2026-01-01,337400,ALL,ALL,515.0,12
12029,2026-01-01,337500,ALL,ALL,510.0,12
12030,2026-01-01,337800,ALL,ALL,515.0,12
12031,2026-01-01,337900,ALL,ALL,550.0,9
12032,2026-01-01,338100,ALL,ALL,490.0,6
12033,2026-01-01,338200,ALL,ALL,480.0,21
12034,2026-01-01,338300,ALL,ALL,450.0,12
12035,2026-01-01,338400,ALL,ALL,520.0,15
12036,2026-01-01,338500,ALL,ALL,500.0,27
12037,2026-01-01,338900,ALL,ALL,480.0,12
12038,2026-01-01,339300,ALL,ALL,500.0,15
12039,2026-01-01,339800,ALL,ALL,463.0,6
12040,2026-01-01,340000,ALL,ALL,550.0,9
12041,2026-01-01,340200,ALL,ALL,525.0,6
12042,2026-01-01,340300,ALL,ALL,410.0,9
12043,2026-01-01,340400,ALL,ALL,475.0,9
12044,2026-01-01,340500,ALL,ALL,530.0,12
12045,2026-01-01,340600,ALL,ALL,400.0,12
12046,2026-01-01,340700,ALL,ALL,485.0,18
12047,2026-01-01,340800,ALL,ALL,450.0,27
12048,2026-01-01,341000,ALL,ALL,450.0,9
12049,2026-01-01,341100,ALL,ALL,430.0,6
12050,2026-01-01,341300,ALL,ALL,505.0,12
12051,2026-01-01,341400,ALL,ALL,488.0,6
12052,2026-01-01,341500,ALL,ALL,230.0,9
12053,2026-01-01,341800,ALL,ALL,500.0,12
12054,2026-01-01,342000,ALL,ALL,430.0,9
12055,2026-01-01,342800,ALL,ALL,435.0,6
12056,2026-01-01,343900,ALL,ALL,450.0,9
12057,2026-01-01,344000,ALL,ALL,480.0,15
12058,2026-01-01,344100,ALL,ALL,510.0,6
12059,2026-01-01,344200,ALL,ALL,480.0,18
12060,2026-01-01,344500,ALL,ALL,500.0,15
12061,2026-01-01,344800,ALL,ALL,665.0,9
12062,2026-01-01,344900,ALL,ALL,750.0,30
12063,2026-01-01,345000,ALL,ALL,700.0,33
12064,2026-01-01,345100,ALL,ALL,350.0,6
12065,2026-01-01,345400,ALL,ALL,600.0,12
12066,2026-01-01,345500,ALL,ALL,545.0,18
12067,2026-01-01,345600,ALL,ALL,605.0,12
12068,2026-01-01,345700,ALL,ALL,395.0,12
12069,2026-01-01,346200,ALL,ALL,800.0,6
12070,2026-01-01,346400,ALL,ALL,620.0,9
12071,2026-01-01,346600,ALL,ALL,838.0,24
12072,2026-01-01,346700,ALL,ALL,850.0,42
12073,2026-01-01,346800,ALL,ALL,863.0,12
12074,2026-01-01,346900,ALL,ALL,775.0,12
12075,2026-01-01,347000,ALL,ALL,725.0,12
12076,2026-01-01,347100,ALL,ALL,675.0,18
12077,2026-01-01,347200,ALL,ALL,750.0,24
12078,2026-01-01,347400,ALL,ALL,785.0,12
12079,2026-01-01,347500,ALL,ALL,1175.0,6
12080,2026-01-01,347700,ALL,ALL,300.0,39
12081,2026-01-01,347800,ALL,ALL,575.0,54
12082,2026-01-01,347900,ALL,ALL,970.0,18
12083,2026-01-01,348100,ALL,ALL,460.0,9
12084,2026-01-01,348200,ALL,ALL,940.0,6
12085,2026-01-01,348300,ALL,ALL,900.0,12
12086,2026-01-01,348400,ALL,ALL,780.0,75
12087,2026-01-01,348700,ALL,ALL,700.0,27
12088,2026-01-01,348800,ALL,ALL,900.0,15
12089,2026-01-01,348900,ALL,ALL,800.0,132
12090,2026-01-01,349100,ALL,ALL,550.0,6
12091,2026-01-01,349200,ALL,ALL,465.0,6
12092,2026-01-01,349700,ALL,ALL,520.0,15
12093,2026-01-01,349800,ALL,ALL,518.0,12
12094,2026-01-01,349900,ALL,ALL,480.0,21
12095,2026-01-01,350000,ALL,ALL,610.0,15
12096,2026-01-01,350400,ALL,ALL,603.0,6
12097,2026-01-01,350500,ALL,ALL,555.0,9
12098,2026-01-01,350600,ALL,ALL,720.0,33
12099,2026-01-01,350900,ALL,ALL,600.0,9
12100,2026-01-01,351000,ALL,ALL,565.0,42
12101,2026-01-01,351200,ALL,ALL,590.0,6
12102,2026-01-01,351300,ALL,ALL,600.0,33
12103,2026-01-01,351400,ALL,ALL,570.0,9
12104,2026-01-01,351500,ALL,ALL,740.0,30
12105,2026-01-01,351600,ALL,ALL,650.0,54
12106,2026-01-01,351700,ALL,ALL,645.0,42
12107,2026-01-01,351900,ALL,ALL,570.0,9
12108,2026-01-01,352000,ALL,ALL,530.0,192
12109,2026-01-01,352100,ALL,ALL,635.0,27
12110,2026-01-01,352200,ALL,ALL,950.0,546
12111,2026-01-01,352300,ALL,ALL,600.0,18
12112,2026-01-01,352400,ALL,ALL,635.0,282
12113,2026-01-01,352600,ALL,ALL,582.0,9
12114,2026-01-01,352700,ALL,ALL,458.0,6
12115,2026-01-01,352800,ALL,ALL,740.0,237
12116,2026-01-01,352900,ALL,ALL,600.0,117
12117,2026-01-01,353000,ALL,ALL,410.0,21
12118,2026-01-01,353100,ALL,ALL,900.0,192
12119,2026-01-01,353200,ALL,ALL,820.0,264
12120,2026-01-01,353300,ALL,ALL,550.0,48
12121,2026-01-01,353400,ALL,ALL,520.0,237
12122,2026-01-01,353500,ALL,ALL,600.0,15
12123,2026-01-01,353600,ALL,ALL,590.0,9
12124,2026-01-01,353700,ALL,ALL,485.0,6
12125,2026-01-01,353800,ALL,ALL,525.0,102
12126,2026-01-01,354000,ALL,ALL,588.0,6
12127,2026-01-01,354100,ALL,ALL,550.0,12
12128,2026-01-01,354200,ALL,ALL,593.0,36
12129,2026-01-01,354400,ALL,ALL,675.0,15
12130,2026-01-01,354500,ALL,ALL,480.0,12
12131,2026-01-01,354600,ALL,ALL,595.0,12
12132,2026-01-01,354700,ALL,ALL,545.0,33
12133,2026-01-01,354800,ALL,ALL,760.0,30
12134,2026-01-01,354900,ALL,ALL,660.0,15
12135,2026-01-01,355100,ALL,ALL,465.0,6
12136,2026-01-01,355200,ALL,ALL,560.0,27
12137,2026-01-01,355300,ALL,ALL,650.0,21
12138,2026-01-01,355400,ALL,ALL,660.0,9
12139,2026-01-01,355500,ALL,ALL,620.0,39
12140,2026-01-01,355600,ALL,ALL,455.0,24
12141,2026-01-01,355700,ALL,ALL,580.0,15
12142,2026-01-01,356200,ALL,ALL,525.0,6
12143,2026-01-01,356400,ALL,ALL,410.0,12
12144,2026-01-01,356500,ALL,ALL,430.0,27
12145,2026-01-01,356600,ALL,ALL,460.0,9
12146,2026-01-01,357500,ALL,ALL,500.0,9
12147,2026-01-01,358200,ALL,ALL,340.0,6
12148,2026-01-01,358600,ALL,ALL,500.0,21
12149,2026-01-01,358800,ALL,ALL,430.0,9
12150,2026-01-01,359800,ALL,ALL,540.0,12
12151,2026-01-01,359900,ALL,ALL,500.0,15
12152,2026-01-01,360000,ALL,ALL,450.0,15
12153,2026-01-01,360200,ALL,ALL,410.0,9
12154,2026-01-01,360300,ALL,ALL,450.0,6
12155,2026-01-01,360600,ALL,ALL,540.0,33
12156,2026-01-01,360700,ALL,ALL,610.0,9
12157,2026-01-01,361000,ALL,ALL,400.0,33
12158,2026-01-01,361100,ALL,ALL,430.0,9
12159,2026-01-01,361200,ALL,ALL,590.0,6
12160,2026-01-01,361300,ALL,ALL,438.0,18
12161,2026-01-01,361400,ALL,ALL,550.0,9
12162,2026-01-01,361500,ALL,ALL,510.0,36
12163,2026-01-01,361600,ALL,ALL,450.0,27
12164,2026-01-01,361700,ALL,ALL,450.0,27
12165,2026-01-01,361900,ALL,ALL,500.0,12
12166,2026-01-01,362000,ALL,ALL,380.0,45
12167,2026-01-01,362100,ALL,ALL,500.0,27
12168,2026-01-01,362200,ALL,ALL,510.0,21
12169,2026-01-01,362400,ALL,ALL,533.0,12
12170,2026-01-01,362500,ALL,ALL,520.0,9
12171,2026-01-01,362600,ALL,ALL,320.0,15
12172,2026-01-01,362700,ALL,ALL,520.0,9
12173,2026-01-01,363300,ALL,ALL,420.0,9
20217,2025-10-01,100100,ALL,ALL,425.0,6
20218,2025-10-01,100200,ALL,ALL,595.0,6
20219,2025-10-01,100400,ALL,ALL,585.0,6
20220,2025-10-01,100600,ALL,ALL,495.0,6
20221,2025-10-01,100700,ALL,ALL,578.0,24
20222,2025-10-01,100800,ALL,ALL,468.0,30
20223,2025-10-01,101100,ALL,ALL,583.0,18
20224,2025-10-01,101400,ALL,ALL,550.0,6
20225,2025-10-01,102200,ALL,ALL,570.0,6
20226,2025-10-01,102600,ALL,ALL,525.0,6
20227,2025-10-01,102800,ALL,ALL,750.0,9
20228,2025-10-01,103000,ALL,ALL,630.0,33
20229,2025-10-01,103100,ALL,ALL,675.0,6
20230,2025-10-01,103300,ALL,ALL,640.0,6
20231,2025-10-01,103400,ALL,ALL,345.0,6
20232,2025-10-01,103500,ALL,ALL,480.0,33
20233,2025-10-01,103700,ALL,ALL,640.0,9
20234,2025-10-01,103900,ALL,ALL,460.0,9
20235,2025-10-01,104300,ALL,ALL,610.0,12
20236,2025-10-01,104600,ALL,ALL,478.0,6
20237,2025-10-01,104800,ALL,ALL,623.0,6
20238,2025-10-01,104900,ALL,ALL,465.0,6
20239,2025-10-01,105100,ALL,ALL,725.0,6
20240,2025-10-01,105200,ALL,ALL,500.0,6
20241,2025-10-01,105300,ALL,ALL,695.0,6
20242,2025-10-01,105400,ALL,ALL,513.0,6
20243,2025-10-01,105500,ALL,ALL,560.0,12
20244,2025-10-01,105600,ALL,ALL,620.0,9
20245,2025-10-01,105800,ALL,ALL,635.0,30
20246,2025-10-01,105900,ALL,ALL,620.0,15
20247,2025-10-01,106000,ALL,ALL,590.0,15
20248,2025-10-01,106100,ALL,ALL,500.0,24
20249,2025-10-01,106200,ALL,ALL,600.0,24
20250,2025-10-01,106400,ALL,ALL,543.0,18
20251,2025-10-01,106500,ALL,ALL,570.0,21
20252,2025-10-01,106600,ALL,ALL,490.0,45
20253,2025-10-01,106700,ALL,ALL,668.0,6
20254,2025-10-01,106800,ALL,ALL,575.0,24
20255,2025-10-01,106900,ALL,ALL,600.0,24
20256,2025-10-01,107000,ALL,ALL,500.0,39
20257,2025-10-01,107100,ALL,ALL,480.0,15
20258,2025-10-01,107200,ALL,ALL,590.0,21
20259,2025-10-01,107300,ALL,ALL,578.0,24
20260,2025-10-01,107400,ALL,ALL,403.0,12
20261,2025-10-01,107500,ALL,ALL,460.0,21
20262,2025-10-01,107600,ALL,ALL,550.0,9
20263,2025-10-01,107700,ALL,ALL,565.0,6
20264,2025-10-01,108100,ALL,ALL,600.0,6
20265,2025-10-01,108200,ALL,ALL,560.0,18
20266,2025-10-01,108300,ALL,ALL,565.0,15
20267,2025-10-01,108500,ALL,ALL,595.0,9
20268,2025-10-01,108700,ALL,ALL,670.0,21
20269,2025-10-01,108800,ALL,ALL,635.0,24
20270,2025-10-01,109000,ALL,ALL,680.0,15
20271,2025-10-01,109300,ALL,ALL,450.0,48
20272,2025-10-01,109500,ALL,ALL,550.0,9
20273,2025-10-01,109700,ALL,ALL,555.0,18
20274,2025-10-01,109800,ALL,ALL,650.0,15
20275,2025-10-01,109900,ALL,ALL,680.0,30
20276,2025-10-01,110100,ALL,ALL,680.0,9
20277,2025-10-01,110200,ALL,ALL,580.0,6
20278,2025-10-01,110400,ALL,ALL,630.0,9
20279,2025-10-01,110500,ALL,ALL,550.0,21
20280,2025-10-01,110800,ALL,ALL,595.0,6
20281,2025-10-01,110900,ALL,ALL,700.0,9
20282,2025-10-01,111100,ALL,ALL,698.0,18
20283,2025-10-01,111200,ALL,ALL,600.0,18
20284,2025-10-01,111300,ALL,ALL,665.0,42
20285,2025-10-01,111400,ALL,ALL,875.0,6
20286,2025-10-01,111500,ALL,ALL,750.0,9
20287,2025-10-01,111700,ALL,ALL,623.0,24
20288,2025-10-01,111900,ALL,ALL,640.0,9
20289,2025-10-01,112100,ALL,ALL,650.0,15
20290,2025-10-01,112200,ALL,ALL,500.0,6
20291,2025-10-01,112300,ALL,ALL,600.0,9
20292,2025-10-01,112400,ALL,ALL,628.0,18
20293,2025-10-01,112500,ALL,ALL,590.0,6
20294,2025-10-01,112600,ALL,ALL,470.0,6
20295,2025-10-01,112700,ALL,ALL,800.0,39
20296,2025-10-01,112800,ALL,ALL,605.0,12
20297,2025-10-01,112900,ALL,ALL,730.0,21
20298,2025-10-01,113000,ALL,ALL,650.0,33
20299,2025-10-01,113100,ALL,ALL,850.0,27
20300,2025-10-01,113300,ALL,ALL,890.0,30
20301,2025-10-01,113400,ALL,ALL,750.0,54
20302,2025-10-01,113500,ALL,ALL,950.0,9
20303,2025-10-01,113600,ALL,ALL,760.0,15
20304,2025-10-01,113800,ALL,ALL,795.0,12
20305,2025-10-01,113900,ALL,ALL,780.0,15
20306,2025-10-01,114000,ALL,ALL,650.0,27
20307,2025-10-01,114100,ALL,ALL,608.0,12
20308,2025-10-01,114200,ALL,ALL,650.0,9
20309,2025-10-01,114400,ALL,ALL,665.0,15
20310,2025-10-01,114500,ALL,ALL,685.0,6
20311,2025-10-01,114600,ALL,ALL,600.0,21
20312,2025-10-01,114700,ALL,ALL,555.0,12
20313,2025-10-01,114800,ALL,ALL,1225.0,6
20314,2025-10-01,114900,ALL,ALL,678.0,21
20315,2025-10-01,115000,ALL,ALL,760.0,42
20316,2025-10-01,115100,ALL,ALL,640.0,27
20317,2025-10-01,115200,ALL,ALL,670.0,15
20318,2025-10-01,115300,ALL,ALL,695.0,9
20319,2025-10-01,115400,ALL,ALL,700.0,12
20320,2025-10-01,115500,ALL,ALL,655.0,15
20321,2025-10-01,115600,ALL,ALL,975.0,12
20322,2025-10-01,115700,ALL,ALL,530.0,12
20323,2025-10-01,115800,ALL,ALL,710.0,24
20324,2025-10-01,115900,ALL,ALL,745.0,18
20325,2025-10-01,116000,ALL,ALL,655.0,12
20326,2025-10-01,116100,ALL,ALL,650.0,15
20327,2025-10-01,116200,ALL,ALL,665.0,24
20328,2025-10-01,116400,ALL,ALL,620.0,9
20329,2025-10-01,116500,ALL,ALL,875.0,27
20330,2025-10-01,116600,ALL,ALL,588.0,15
20331,2025-10-01,116700,ALL,ALL,730.0,51
20332,2025-10-01,116800,ALL,ALL,725.0,42
20333,2025-10-01,116900,ALL,ALL,875.0,33
20334,2025-10-01,117000,ALL,ALL,680.0,66
20335,2025-10-01,117100,ALL,ALL,590.0,6
20336,2025-10-01,117200,ALL,ALL,680.0,21
20337,2025-10-01,117300,ALL,ALL,630.0,42
20338,2025-10-01,117400,ALL,ALL,885.0,12
20339,2025-10-01,117500,ALL,ALL,730.0,24
20340,2025-10-01,117600,ALL,ALL,740.0,30
20341,2025-10-01,117700,ALL,ALL,810.0,21
20342,2025-10-01,117800,ALL,ALL,600.0,12
20343,2025-10-01,117900,ALL,ALL,750.0,24
20344,2025-10-01,118000,ALL,ALL,515.0,6
20345,2025-10-01,118100,ALL,ALL,820.0,27
20346,2025-10-01,118200,ALL,ALL,800.0,27
20347,2025-10-01,118300,ALL,ALL,683.0,33
20348,2025-10-01,118400,ALL,ALL,650.0,33
20349,2025-10-01,118500,ALL,ALL,900.0,30
20350,2025-10-01,118600,ALL,ALL,475.0,15
20351,2025-10-01,118700,ALL,ALL,665.0,18
20352,2025-10-01,118900,ALL,ALL,800.0,15
20353,2025-10-01,119000,ALL,ALL,700.0,15
20354,2025-10-01,119100,ALL,ALL,890.0,15
20355,2025-10-01,119200,ALL,ALL,775.0,12
20356,2025-10-01,119400,ALL,ALL,980.0,9
20357,2025-10-01,119500,ALL,ALL,850.0,15
20358,2025-10-01,119600,ALL,ALL,680.0,51
20359,2025-10-01,119700,ALL,ALL,800.0,18
20360,2025-10-01,119800,ALL,ALL,650.0,42
20361,2025-10-01,119900,ALL,ALL,830.0,9
20362,2025-10-01,120000,ALL,ALL,900.0,12
20363,2025-10-01,120100,ALL,ALL,700.0,6
20364,2025-10-01,120200,ALL,ALL,650.0,153
20365,2025-10-01,120300,ALL,ALL,805.0,12
20366,2025-10-01,120400,ALL,ALL,650.0,57
20367,2025-10-01,120500,ALL,ALL,850.0,27
20368,2025-10-01,120600,ALL,ALL,595.0,27
20369,2025-10-01,120700,ALL,ALL,825.0,6
20370,2025-10-01,120800,ALL,ALL,900.0,18
20371,2025-10-01,120900,ALL,ALL,625.0,24
20372,2025-10-01,121000,ALL,ALL,688.0,24
20373,2025-10-01,121100,ALL,ALL,665.0,6
20374,2025-10-01,121200,ALL,ALL,750.0,27
20375,2025-10-01,121300,ALL,ALL,710.0,30
20376,2025-10-01,121400,ALL,ALL,673.0,12
20377,2025-10-01,121500,ALL,ALL,650.0,12
20378,2025-10-01,121600,ALL,ALL,620.0,39
20379,2025-10-01,121700,ALL,ALL,640.0,15
20380,2025-10-01,121800,ALL,ALL,620.0,27
20381,2025-10-01,121900,ALL,ALL,680.0,33
20382,2025-10-01,122000,ALL,ALL,670.0,15
20383,2025-10-01,122100,ALL,ALL,673.0,18
20384,2025-10-01,122200,ALL,ALL,915.0,6
20385,2025-10-01,122300,ALL,ALL,650.0,24
20386,2025-10-01,122400,ALL,ALL,665.0,24
20387,2025-10-01,122500,ALL,ALL,625.0,27
20388,2025-10-01,122600,ALL,ALL,755.0,12
20389,2025-10-01,122700,ALL,ALL,650.0,45
20390,2025-10-01,122800,ALL,ALL,650.0,42
20391,2025-10-01,122900,ALL,ALL,605.0,24
20392,2025-10-01,123000,ALL,ALL,600.0,21
20393,2025-10-01,123100,ALL,ALL,650.0,27
20394,2025-10-01,123200,ALL,ALL,580.0,36
20395,2025-10-01,123300,ALL,ALL,655.0,24
20396,2025-10-01,123400,ALL,ALL,730.0,39
20397,2025-10-01,123600,ALL,ALL,765.0,36
20398,2025-10-01,123700,ALL,ALL,920.0,30
20399,2025-10-01,123800,ALL,ALL,595.0,36
20400,2025-10-01,123900,ALL,ALL,670.0,12
20401,2025-10-01,124000,ALL,ALL,590.0,36
20402,2025-10-01,124200,ALL,ALL,620.0,21
20403,2025-10-01,124300,ALL,ALL,623.0,30
20404,2025-10-01,124400,ALL,ALL,675.0,27
20405,2025-10-01,124500,ALL,ALL,620.0,45
20406,2025-10-01,124600,ALL,ALL,650.0,21
20407,2025-10-01,124700,ALL,ALL,720.0,6
20408,2025-10-01,124800,ALL,ALL,600.0,39
20409,2025-10-01,124900,ALL,ALL,600.0,30
20410,2025-10-01,125000,ALL,ALL,700.0,15
20411,2025-10-01,125200,ALL,ALL,675.0,27
20412,2025-10-01,125300,ALL,ALL,770.0,15
20413,2025-10-01,125400,ALL,ALL,783.0,30
20414,2025-10-01,125500,ALL,ALL,685.0,33
20415,2025-10-01,125600,ALL,ALL,740.0,33
20416,2025-10-01,125700,ALL,ALL,680.0,15
20417,2025-10-01,125800,ALL,ALL,650.0,21
20418,2025-10-01,125900,ALL,ALL,973.0,12
20419,2025-10-01,126000,ALL,ALL,800.0,9
20420,2025-10-01,126100,ALL,ALL,750.0,12
20421,2025-10-01,126200,ALL,ALL,750.0,33
20422,2025-10-01,126300,ALL,ALL,765.0,12
20423,2025-10-01,126400,ALL,ALL,630.0,51
20424,2025-10-01,126500,ALL,ALL,668.0,24
20425,2025-10-01,126600,ALL,ALL,725.0,69
20426,2025-10-01,126700,ALL,ALL,580.0,39
20427,2025-10-01,126800,ALL,ALL,750.0,21
20428,2025-10-01,126900,ALL,ALL,788.0,18
20429,2025-10-01,127000,ALL,ALL,600.0,45
20430,2025-10-01,127100,ALL,ALL,650.0,42
20431,2025-10-01,127300,ALL,ALL,650.0,27
20432,2025-10-01,127400,ALL,ALL,663.0,24
20433,2025-10-01,127500,ALL,ALL,500.0,24
20434,2025-10-01,127600,ALL,ALL,550.0,6
20435,2025-10-01,127700,ALL,ALL,580.0,57
20436,2025-10-01,127800,ALL,ALL,598.0,12
20437,2025-10-01,127900,ALL,ALL,595.0,33
20438,2025-10-01,128000,ALL,ALL,613.0,6
20439,2025-10-01,128100,ALL,ALL,590.0,15
20440,2025-10-01,128200,ALL,ALL,755.0,18
20441,2025-10-01,128300,ALL,ALL,620.0,27
20442,2025-10-01,128400,ALL,ALL,618.0,39
20443,2025-10-01,128500,ALL,ALL,655.0,24
20444,2025-10-01,128600,ALL,ALL,770.0,9
20445,2025-10-01,128800,ALL,ALL,800.0,39
20446,2025-10-01,128900,ALL,ALL,630.0,33
20447,2025-10-01,129000,ALL,ALL,610.0,33
20448,2025-10-01,129100,ALL,ALL,600.0,45
20449,2025-10-01,129200,ALL,ALL,780.0,27
20450,2025-10-01,129300,ALL,ALL,790.0,27
20451,2025-10-01,129400,ALL,ALL,850.0,12
20452,2025-10-01,129500,ALL,ALL,650.0,9
20453,2025-10-01,129600,ALL,ALL,610.0,42
20454,2025-10-01,129700,ALL,ALL,798.0,24
20455,2025-10-01,129800,ALL,ALL,950.0,9
20456,2025-10-01,129900,ALL,ALL,745.0,36
20457,2025-10-01,130100,ALL,ALL,600.0,15
20458,2025-10-01,130200,ALL,ALL,750.0,33
20459,2025-10-01,130300,ALL,ALL,908.0,12
20460,2025-10-01,130400,ALL,ALL,1005.0,15
20461,2025-10-01,130500,ALL,ALL,550.0,15
20462,2025-10-01,130600,ALL,ALL,675.0,27
20463,2025-10-01,130700,ALL,ALL,773.0,24
20464,2025-10-01,130800,ALL,ALL,590.0,30
20465,2025-10-01,130900,ALL,ALL,595.0,39
20466,2025-10-01,131000,ALL,ALL,625.0,21
20467,2025-10-01,131100,ALL,ALL,660.0,42
20468,2025-10-01,131200,ALL,ALL,835.0,30
20469,2025-10-01,131300,ALL,ALL,750.0,39
20470,2025-10-01,131400,ALL,ALL,1100.0,9
20471,2025-10-01,131500,ALL,ALL,645.0,27
20472,2025-10-01,131600,ALL,ALL,815.0,18
20473,2025-10-01,131700,ALL,ALL,690.0,27
20474,2025-10-01,131800,ALL,ALL,850.0,45
20475,2025-10-01,131900,ALL,ALL,530.0,42
20476,2025-10-01,132000,ALL,ALL,650.0,45
20477,2025-10-01,132100,ALL,ALL,713.0,48
20478,2025-10-01,132200,ALL,ALL,650.0,33
20479,2025-10-01,132300,ALL,ALL,590.0,42
20480,2025-10-01,132400,ALL,ALL,550.0,150
20481,2025-10-01,132500,ALL,ALL,680.0,15
20482,2025-10-01,132600,ALL,ALL,630.0,42
20483,2025-10-01,132700,ALL,ALL,470.0,141
20484,2025-10-01,132800,ALL,ALL,700.0,45
20485,2025-10-01,132900,ALL,ALL,595.0,27
20486,2025-10-01,133000,ALL,ALL,878.0,24
20487,2025-10-01,133100,ALL,ALL,583.0,54
20488,2025-10-01,133200,ALL,ALL,450.0,69
20489,2025-10-01,133300,ALL,ALL,650.0,75
20490,2025-10-01,133400,ALL,ALL,450.0,159
20491,2025-10-01,133500,ALL,ALL,660.0,48
20492,2025-10-01,133600,ALL,ALL,580.0,39
20493,2025-10-01,133700,ALL,ALL,495.0,93
20494,2025-10-01,133800,ALL,ALL,400.0,51
20495,2025-10-01,133900,ALL,ALL,550.0,6
20496,2025-10-01,134100,ALL,ALL,450.0,117
20497,2025-10-01,134200,ALL,ALL,530.0,45
20498,2025-10-01,134300,ALL,ALL,540.0,54
20499,2025-10-01,134400,ALL,ALL,670.0,48
20500,2025-10-01,134500,ALL,ALL,498.0,162
20501,2025-10-01,134600,ALL,ALL,648.0,6
20502,2025-10-01,134700,ALL,ALL,625.0,12
20503,2025-10-01,134800,ALL,ALL,397.0,6
20504,2025-10-01,134900,ALL,ALL,625.0,24
20505,2025-10-01,135000,ALL,ALL,550.0,63
20506,2025-10-01,135100,ALL,ALL,420.0,126
20507,2025-10-01,135200,ALL,ALL,848.0,18
20508,2025-10-01,135300,ALL,ALL,480.0,123
20509,2025-10-01,135400,ALL,ALL,695.0,27
20510,2025-10-01,135500,ALL,ALL,653.0,60
20511,2025-10-01,135600,ALL,ALL,585.0,24
20512,2025-10-01,135700,ALL,ALL,425.0,66
20513,2025-10-01,135800,ALL,ALL,670.0,27
20514,2025-10-01,135900,ALL,ALL,440.0,78
20515,2025-10-01,136000,ALL,ALL,580.0,159
20516,2025-10-01,136100,ALL,ALL,295.0,54
20517,2025-10-01,136200,ALL,ALL,658.0,18
20518,2025-10-01,136300,ALL,ALL,575.0,51
20519,2025-10-01,136400,ALL,ALL,650.0,87
20520,2025-10-01,136500,ALL,ALL,625.0,42
20521,2025-10-01,136600,ALL,ALL,650.0,51
20522,2025-10-01,136700,ALL,ALL,845.0,15
20523,2025-10-01,136800,ALL,ALL,700.0,15
20524,2025-10-01,136900,ALL,ALL,565.0,36
20525,2025-10-01,137000,ALL,ALL,573.0,30
20526,2025-10-01,137100,ALL,ALL,650.0,18
20527,2025-10-01,137200,ALL,ALL,660.0,30
20528,2025-10-01,137300,ALL,ALL,690.0,6
20529,2025-10-01,137400,ALL,ALL,750.0,33
20530,2025-10-01,137500,ALL,ALL,675.0,6
20531,2025-10-01,137600,ALL,ALL,720.0,21
20532,2025-10-01,137700,ALL,ALL,720.0,30
20533,2025-10-01,137800,ALL,ALL,520.0,51
20534,2025-10-01,137900,ALL,ALL,595.0,21
20535,2025-10-01,138000,ALL,ALL,595.0,9
20536,2025-10-01,138100,ALL,ALL,660.0,30
20537,2025-10-01,138200,ALL,ALL,610.0,15
20538,2025-10-01,138300,ALL,ALL,650.0,42
20539,2025-10-01,138400,ALL,ALL,550.0,36
20540,2025-10-01,138500,ALL,ALL,600.0,72
20541,2025-10-01,138600,ALL,ALL,700.0,33
20542,2025-10-01,138700,ALL,ALL,640.0,48
20543,2025-10-01,138900,ALL,ALL,700.0,33
20544,2025-10-01,139000,ALL,ALL,590.0,39
20545,2025-10-01,139100,ALL,ALL,450.0,15
20546,2025-10-01,139200,ALL,ALL,960.0,12
20547,2025-10-01,139300,ALL,ALL,600.0,15
20548,2025-10-01,139400,ALL,ALL,1000.0,27
20549,2025-10-01,139500,ALL,ALL,425.0,39
20550,2025-10-01,139600,ALL,ALL,715.0,36
20551,2025-10-01,139700,ALL,ALL,675.0,33
20552,2025-10-01,139800,ALL,ALL,670.0,39
20553,2025-10-01,139900,ALL,ALL,755.0,36
20554,2025-10-01,140000,ALL,ALL,1225.0,27
20555,2025-10-01,140100,ALL,ALL,850.0,21
20556,2025-10-01,140200,ALL,ALL,870.0,24
20557,2025-10-01,140300,ALL,ALL,640.0,48
20558,2025-10-01,140400,ALL,ALL,720.0,27
20559,2025-10-01,140500,ALL,ALL,890.0,21
20560,2025-10-01,140600,ALL,ALL,625.0,18
20561,2025-10-01,140700,ALL,ALL,710.0,21
20562,2025-10-01,140800,ALL,ALL,850.0,36
20563,2025-10-01,140900,ALL,ALL,670.0,30
20564,2025-10-01,141000,ALL,ALL,750.0,39
20565,2025-10-01,141100,ALL,ALL,795.0,57
20566,2025-10-01,141200,ALL,ALL,893.0,12
20567,2025-10-01,141300,ALL,ALL,670.0,24
20568,2025-10-01,141500,ALL,ALL,700.0,30
20569,2025-10-01,141600,ALL,ALL,795.0,21
20570,2025-10-01,141700,ALL,ALL,800.0,18
20571,2025-10-01,141800,ALL,ALL,900.0,24
20572,2025-10-01,141900,ALL,ALL,700.0,21
20573,2025-10-01,142000,ALL,ALL,690.0,18
20574,2025-10-01,142100,ALL,ALL,750.0,30
20575,2025-10-01,142200,ALL,ALL,835.0,39
20576,2025-10-01,142300,ALL,ALL,650.0,15
20577,2025-10-01,142400,ALL,ALL,880.0,18
20578,2025-10-01,142500,ALL,ALL,700.0,12
20579,2025-10-01,142600,ALL,ALL,775.0,21
20580,2025-10-01,142700,ALL,ALL,800.0,21
20581,2025-10-01,142800,ALL,ALL,610.0,48
20582,2025-10-01,142900,ALL,ALL,650.0,27
20583,2025-10-01,143000,ALL,ALL,883.0,24
20584,2025-10-01,143100,ALL,ALL,738.0,30
20585,2025-10-01,143200,ALL,ALL,570.0,27
20586,2025-10-01,143300,ALL,ALL,700.0,33
20587,2025-10-01,143400,ALL,ALL,590.0,33
20588,2025-10-01,143500,ALL,ALL,680.0,27
20589,2025-10-01,143600,ALL,ALL,785.0,12
20590,2025-10-01,143700,ALL,ALL,820.0,9
20591,2025-10-01,143800,ALL,ALL,770.0,27
20592,2025-10-01,143900,ALL,ALL,785.0,21
20593,2025-10-01,144000,ALL,ALL,750.0,12
20594,2025-10-01,144100,ALL,ALL,670.0,33
20595,2025-10-01,144200,ALL,ALL,560.0,21
20596,2025-10-01,144300,ALL,ALL,643.0,36
20597,2025-10-01,144400,ALL,ALL,590.0,27
20598,2025-10-01,144500,ALL,ALL,560.0,30
20599,2025-10-01,144600,ALL,ALL,670.0,15
20600,2025-10-01,144700,ALL,ALL,590.0,45
20601,2025-10-01,144800,ALL,ALL,680.0,36
20602,2025-10-01,144900,ALL,ALL,898.0,12
20603,2025-10-01,145000,ALL,ALL,630.0,63
20604,2025-10-01,145100,ALL,ALL,875.0,21
20605,2025-10-01,145200,ALL,ALL,650.0,18
20606,2025-10-01,145300,ALL,ALL,633.0,30
20607,2025-10-01,145400,ALL,ALL,390.0,18
20608,2025-10-01,145500,ALL,ALL,620.0,12
20609,2025-10-01,145600,ALL,ALL,650.0,27
20610,2025-10-01,145700,ALL,ALL,850.0,15
20611,2025-10-01,145800,ALL,ALL,680.0,45
20612,2025-10-01,145900,ALL,ALL,635.0,6
20613,2025-10-01,146000,ALL,ALL,580.0,39
20614,2025-10-01,146100,ALL,ALL,700.0,21
20615,2025-10-01,146200,ALL,ALL,595.0,51
20616,2025-10-01,146300,ALL,ALL,578.0,48
20617,2025-10-01,146400,ALL,ALL,790.0,21
20618,2025-10-01,146500,ALL,ALL,570.0,42
20619,2025-10-01,146600,ALL,ALL,650.0,42
20620,2025-10-01,146800,ALL,ALL,650.0,30
20621,2025-10-01,146900,ALL,ALL,750.0,12
20622,2025-10-01,147000,ALL,ALL,535.0,39
20623,2025-10-01,147100,ALL,ALL,580.0,39
20624,2025-10-01,147200,ALL,ALL,660.0,93
20625,2025-10-01,147500,ALL,ALL,670.0,45
20626,2025-10-01,147600,ALL,ALL,760.0,9
20627,2025-10-01,147800,ALL,ALL,645.0,18
20628,2025-10-01,148000,ALL,ALL,700.0,15
20629,2025-10-01,148100,ALL,ALL,650.0,24
20630,2025-10-01,148200,ALL,ALL,650.0,9
20631,2025-10-01,148300,ALL,ALL,880.0,12
20632,2025-10-01,148400,ALL,ALL,850.0,21
20633,2025-10-01,148500,ALL,ALL,585.0,27
20634,2025-10-01,148600,ALL,ALL,640.0,18
20635,2025-10-01,148700,ALL,ALL,500.0,15
20636,2025-10-01,148800,ALL,ALL,798.0,24
20637,2025-10-01,148900,ALL,ALL,610.0,24
20638,2025-10-01,149000,ALL,ALL,630.0,39
20639,2025-10-01,149100,ALL,ALL,685.0,54
20640,2025-10-01,149200,ALL,ALL,670.0,18
20641,2025-10-01,149300,ALL,ALL,675.0,24
20642,2025-10-01,149500,ALL,ALL,565.0,18
20643,2025-10-01,149700,ALL,ALL,730.0,48
20644,2025-10-01,149800,ALL,ALL,725.0,36
20645,2025-10-01,149900,ALL,ALL,475.0,6
20646,2025-10-01,150000,ALL,ALL,663.0,6
20647,2025-10-01,150100,ALL,ALL,400.0,36
20648,2025-10-01,150200,ALL,ALL,688.0,18
20649,2025-10-01,150300,ALL,ALL,465.0,54
20650,2025-10-01,150400,ALL,ALL,650.0,33
20651,2025-10-01,150500,ALL,ALL,655.0,30
20652,2025-10-01,150600,ALL,ALL,790.0,21
20653,2025-10-01,150700,ALL,ALL,650.0,33
20654,2025-10-01,150800,ALL,ALL,390.0,12
20655,2025-10-01,150900,ALL,ALL,595.0,24
20656,2025-10-01,151000,ALL,ALL,680.0,12
20657,2025-10-01,151100,ALL,ALL,200.0,21
20658,2025-10-01,151200,ALL,ALL,670.0,18
20659,2025-10-01,151300,ALL,ALL,655.0,36
20660,2025-10-01,151400,ALL,ALL,520.0,42
20661,2025-10-01,151500,ALL,ALL,630.0,21
20662,2025-10-01,151600,ALL,ALL,600.0,33
20663,2025-10-01,151800,ALL,ALL,670.0,27
20664,2025-10-01,151900,ALL,ALL,445.0,51
20665,2025-10-01,152000,ALL,ALL,670.0,39
20666,2025-10-01,152100,ALL,ALL,533.0,42
20667,2025-10-01,152200,ALL,ALL,740.0,15
20668,2025-10-01,152400,ALL,ALL,650.0,51
20669,2025-10-01,152500,ALL,ALL,750.0,9
20670,2025-10-01,152600,ALL,ALL,700.0,9
20671,2025-10-01,152800,ALL,ALL,660.0,9
20672,2025-10-01,152900,ALL,ALL,730.0,24
20673,2025-10-01,153000,ALL,ALL,610.0,12
20674,2025-10-01,153100,ALL,ALL,860.0,15
20675,2025-10-01,153200,ALL,ALL,650.0,9
20676,2025-10-01,153300,ALL,ALL,665.0,18
20677,2025-10-01,153400,ALL,ALL,605.0,18
20678,2025-10-01,153500,ALL,ALL,663.0,24
20679,2025-10-01,153600,ALL,ALL,700.0,9
20680,2025-10-01,153700,ALL,ALL,850.0,15
20681,2025-10-01,153800,ALL,ALL,780.0,21
20682,2025-10-01,153900,ALL,ALL,750.0,12
20683,2025-10-01,154000,ALL,ALL,590.0,42
20684,2025-10-01,154100,ALL,ALL,680.0,24
20685,2025-10-01,154200,ALL,ALL,665.0,36
20686,2025-10-01,154300,ALL,ALL,750.0,9
20687,2025-10-01,154400,ALL,ALL,588.0,12
20688,2025-10-01,154500,ALL,ALL,655.0,18
20689,2025-10-01,154700,ALL,ALL,900.0,9
20690,2025-10-01,154800,ALL,ALL,680.0,45
20691,2025-10-01,154900,ALL,ALL,550.0,99
20692,2025-10-01,155000,ALL,ALL,680.0,27
20693,2025-10-01,155100,ALL,ALL,600.0,21
20694,2025-10-01,155200,ALL,ALL,770.0,24
20695,2025-10-01,155300,ALL,ALL,780.0,12
20696,2025-10-01,155400,ALL,ALL,740.0,18
20697,2025-10-01,155500,ALL,ALL,490.0,51
20698,2025-10-01,155600,ALL,ALL,700.0,39
20699,2025-10-01,155700,ALL,ALL,630.0,15
20700,2025-10-01,155800,ALL,ALL,618.0,15
20701,2025-10-01,155900,ALL,ALL,630.0,21
20702,2025-10-01,156100,ALL,ALL,800.0,15
20703,2025-10-01,156200,ALL,ALL,595.0,45
20704,2025-10-01,156300,ALL,ALL,725.0,12
20705,2025-10-01,156400,ALL,ALL,780.0,27
20706,2025-10-01,156500,ALL,ALL,530.0,36
20707,2025-10-01,156600,ALL,ALL,850.0,9
20708,2025-10-01,156700,ALL,ALL,660.0,21
20709,2025-10-01,156800,ALL,ALL,640.0,9
20710,2025-10-01,156900,ALL,ALL,830.0,21
20711,2025-10-01,157000,ALL,ALL,583.0,24
20712,2025-10-01,157100,ALL,ALL,690.0,9
20713,2025-10-01,157200,ALL,ALL,630.0,9
20714,2025-10-01,157300,ALL,ALL,718.0,18
20715,2025-10-01,157400,ALL,ALL,715.0,12
20716,2025-10-01,157500,ALL,ALL,700.0,15
20717,2025-10-01,157600,ALL,ALL,500.0,45
20718,2025-10-01,157700,ALL,ALL,638.0,12
20719,2025-10-01,157800,ALL,ALL,660.0,21
20720,2025-10-01,157900,ALL,ALL,650.0,18
20721,2025-10-01,158000,ALL,ALL,700.0,33
20722,2025-10-01,158100,ALL,ALL,840.0,39
20723,2025-10-01,158200,ALL,ALL,655.0,24
20724,2025-10-01,158300,ALL,ALL,723.0,24
20725,2025-10-01,158400,ALL,ALL,580.0,42
20726,2025-10-01,158500,ALL,ALL,650.0,15
20727,2025-10-01,158600,ALL,ALL,623.0,75
20728,2025-10-01,158700,ALL,ALL,600.0,15
20729,2025-10-01,158800,ALL,ALL,650.0,30
20730,2025-10-01,158900,ALL,ALL,1075.0,6
20731,2025-10-01,159000,ALL,ALL,675.0,9
20732,2025-10-01,159100,ALL,ALL,580.0,33
20733,2025-10-01,159200,ALL,ALL,660.0,63
20734,2025-10-01,159300,ALL,ALL,770.0,12
20735,2025-10-01,159400,ALL,ALL,590.0,9
20736,2025-10-01,159500,ALL,ALL,650.0,24
20737,2025-10-01,159600,ALL,ALL,700.0,12
20738,2025-10-01,159700,ALL,ALL,595.0,9
20739,2025-10-01,159800,ALL,ALL,723.0,6
20740,2025-10-01,159900,ALL,ALL,650.0,27
20741,2025-10-01,160000,ALL,ALL,700.0,27
20742,2025-10-01,160100,ALL,ALL,593.0,30
20743,2025-10-01,160200,ALL,ALL,660.0,15
20744,2025-10-01,160300,ALL,ALL,593.0,24
20745,2025-10-01,160400,ALL,ALL,665.0,36
20746,2025-10-01,160500,ALL,ALL,670.0,30
20747,2025-10-01,160600,ALL,ALL,620.0,57
20748,2025-10-01,160700,ALL,ALL,650.0,21
20749,2025-10-01,160800,ALL,ALL,680.0,36
20750,2025-10-01,160900,ALL,ALL,620.0,57
20751,2025-10-01,161000,ALL,ALL,680.0,15
20752,2025-10-01,161100,ALL,ALL,790.0,9
20753,2025-10-01,161200,ALL,ALL,645.0,24
20754,2025-10-01,161300,ALL,ALL,600.0,30
20755,2025-10-01,161400,ALL,ALL,750.0,18
20756,2025-10-01,161500,ALL,ALL,680.0,6
20757,2025-10-01,161600,ALL,ALL,650.0,36
20758,2025-10-01,161800,ALL,ALL,713.0,21
20759,2025-10-01,161900,ALL,ALL,660.0,21
20760,2025-10-01,162000,ALL,ALL,660.0,21
20761,2025-10-01,162100,ALL,ALL,730.0,63
20762,2025-10-01,162400,ALL,ALL,600.0,18
20763,2025-10-01,162500,ALL,ALL,890.0,15
20764,2025-10-01,162600,ALL,ALL,670.0,66
20765,2025-10-01,162700,ALL,ALL,595.0,15
20766,2025-10-01,162800,ALL,ALL,585.0,12
20767,2025-10-01,163000,ALL,ALL,580.0,45
20768,2025-10-01,163100,ALL,ALL,665.0,18
20769,2025-10-01,163200,ALL,ALL,550.0,60
20770,2025-10-01,163300,ALL,ALL,650.0,39
20771,2025-10-01,163400,ALL,ALL,850.0,27
20772,2025-10-01,163500,ALL,ALL,670.0,33
20773,2025-10-01,163600,ALL,ALL,600.0,21
20774,2025-10-01,163700,ALL,ALL,660.0,30
20775,2025-10-01,163800,ALL,ALL,740.0,6
20776,2025-10-01,163900,ALL,ALL,670.0,15
20777,2025-10-01,164000,ALL,ALL,695.0,30
20778,2025-10-01,164200,ALL,ALL,650.0,27
20779,2025-10-01,164300,ALL,ALL,680.0,36
20780,2025-10-01,164400,ALL,ALL,593.0,24
20781,2025-10-01,164500,ALL,ALL,630.0,9
20782,2025-10-01,164600,ALL,ALL,700.0,30
20783,2025-10-01,164700,ALL,ALL,510.0,9
20784,2025-10-01,164900,ALL,ALL,675.0,6
20785,2025-10-01,165100,ALL,ALL,870.0,15
20786,2025-10-01,165300,ALL,ALL,600.0,45
20787,2025-10-01,165400,ALL,ALL,680.0,30
20788,2025-10-01,165500,ALL,ALL,630.0,63
20789,2025-10-01,165600,ALL,ALL,710.0,9
20790,2025-10-01,165700,ALL,ALL,595.0,21
20791,2025-10-01,165800,ALL,ALL,640.0,30
20792,2025-10-01,165900,ALL,ALL,650.0,15
20793,2025-10-01,166000,ALL,ALL,480.0,9
20794,2025-10-01,166100,ALL,ALL,550.0,9
20795,2025-10-01,166300,ALL,ALL,735.0,6
20796,2025-10-01,167000,ALL,ALL,490.0,6
20797,2025-10-01,167100,ALL,ALL,580.0,24
20798,2025-10-01,167200,ALL,ALL,440.0,6
20799,2025-10-01,167600,ALL,ALL,513.0,6
20800,2025-10-01,167800,ALL,ALL,600.0,15
20801,2025-10-01,168000,ALL,ALL,638.0,6
20802,2025-10-01,168500,ALL,ALL,565.0,12
20803,2025-10-01,168600,ALL,ALL,550.0,9
20804,2025-10-01,168900,ALL,ALL,575.0,6
20805,2025-10-01,169200,ALL,ALL,550.0,27
20806,2025-10-01,169300,ALL,ALL,550.0,9
20807,2025-10-01,169400,ALL,ALL,580.0,15
20808,2025-10-01,169500,ALL,ALL,580.0,18
20809,2025-10-01,169600,ALL,ALL,560.0,9
20810,2025-10-01,169700,ALL,ALL,570.0,12
20811,2025-10-01,169900,ALL,ALL,650.0,6
20812,2025-10-01,170000,ALL,ALL,550.0,15
20813,2025-10-01,170300,ALL,ALL,560.0,15
20814,2025-10-01,170400,ALL,ALL,500.0,6
20815,2025-10-01,170500,ALL,ALL,710.0,45
20816,2025-10-01,170600,ALL,ALL,640.0,6
20817,2025-10-01,170802,ALL,ALL,635.0,18
20818,2025-10-01,171100,ALL,ALL,575.0,6
20819,2025-10-01,171300,ALL,ALL,555.0,6
20820,2025-10-01,171400,ALL,ALL,550.0,21
20821,2025-10-01,171500,ALL,ALL,530.0,48
20822,2025-10-01,171600,ALL,ALL,568.0,24
20823,2025-10-01,171802,ALL,ALL,613.0,12
20824,2025-10-01,171900,ALL,ALL,585.0,12
20825,2025-10-01,172000,ALL,ALL,650.0,9
20826,2025-10-01,172100,ALL,ALL,630.0,12
20827,2025-10-01,172200,ALL,ALL,593.0,6
20828,2025-10-01,172400,ALL,ALL,630.0,9
20829,2025-10-01,172600,ALL,ALL,670.0,9
20830,2025-10-01,173000,ALL,ALL,605.0,6
20831,2025-10-01,173100,ALL,ALL,660.0,6
20832,2025-10-01,173200,ALL,ALL,790.0,12
20833,2025-10-01,173300,ALL,ALL,640.0,12
20834,2025-10-01,173400,ALL,ALL,773.0,6
20835,2025-10-01,173600,ALL,ALL,575.0,6
20836,2025-10-01,173700,ALL,ALL,550.0,6
20837,2025-10-01,173800,ALL,ALL,680.0,18
20838,2025-10-01,173900,ALL,ALL,590.0,33
20839,2025-10-01,174000,ALL,ALL,580.0,21
20840,2025-10-01,174100,ALL,ALL,545.0,18
20841,2025-10-01,174200,ALL,ALL,593.0,12
20842,2025-10-01,174600,ALL,ALL,590.0,6
20843,2025-10-01,174900,ALL,ALL,560.0,18
20844,2025-10-01,175000,ALL,ALL,600.0,42
20845,2025-10-01,175300,ALL,ALL,698.0,54
20846,2025-10-01,175400,ALL,ALL,650.0,6
20847,2025-10-01,175500,ALL,ALL,825.0,18
20848,2025-10-01,175600,ALL,ALL,680.0,39
20849,2025-10-01,175700,ALL,ALL,580.0,15
20850,2025-10-01,175800,ALL,ALL,693.0,24
20851,2025-10-01,175900,ALL,ALL,750.0,36
20852,2025-10-01,176000,ALL,ALL,588.0,24
20853,2025-10-01,176100,ALL,ALL,750.0,48
20854,2025-10-01,176200,ALL,ALL,700.0,27
20855,2025-10-01,176400,ALL,ALL,580.0,21
20856,2025-10-01,176500,ALL,ALL,600.0,27
20857,2025-10-01,176600,ALL,ALL,640.0,15
20858,2025-10-01,176700,ALL,ALL,710.0,15
20859,2025-10-01,176800,ALL,ALL,580.0,21
20860,2025-10-01,176900,ALL,ALL,745.0,6
20861,2025-10-01,177000,ALL,ALL,740.0,9
20862,2025-10-01,177100,ALL,ALL,585.0,15
20863,2025-10-01,177200,ALL,ALL,550.0,30
20864,2025-10-01,177300,ALL,ALL,590.0,21
20865,2025-10-01,177400,ALL,ALL,580.0,24
20866,2025-10-01,177500,ALL,ALL,650.0,18
20867,2025-10-01,177600,ALL,ALL,580.0,45
20868,2025-10-01,177700,ALL,ALL,598.0,42
20869,2025-10-01,177800,ALL,ALL,580.0,42
20870,2025-10-01,177900,ALL,ALL,580.0,36
20871,2025-10-01,178000,ALL,ALL,550.0,33
20872,2025-10-01,178100,ALL,ALL,610.0,27
20873,2025-10-01,178200,ALL,ALL,580.0,51
20874,2025-10-01,178300,ALL,ALL,420.0,75
20875,2025-10-01,178400,ALL,ALL,595.0,15
20876,2025-10-01,178500,ALL,ALL,598.0,24
20877,2025-10-01,178600,ALL,ALL,455.0,6
20878,2025-10-01,178700,ALL,ALL,530.0,57
20879,2025-10-01,178800,ALL,ALL,520.0,42
20880,2025-10-01,178900,ALL,ALL,530.0,21
20881,2025-10-01,179000,ALL,ALL,505.0,6
20882,2025-10-01,179100,ALL,ALL,530.0,39
20883,2025-10-01,179200,ALL,ALL,720.0,24
20884,2025-10-01,179300,ALL,ALL,450.0,60
20885,2025-10-01,179400,ALL,ALL,450.0,27
20886,2025-10-01,179500,ALL,ALL,530.0,81
20887,2025-10-01,179600,ALL,ALL,560.0,36
20888,2025-10-01,179700,ALL,ALL,443.0,90
20889,2025-10-01,179800,ALL,ALL,470.0,45
20890,2025-10-01,179900,ALL,ALL,400.0,204
20891,2025-10-01,180000,ALL,ALL,550.0,15
20892,2025-10-01,180100,ALL,ALL,445.0,84
20893,2025-10-01,180200,ALL,ALL,595.0,39
20894,2025-10-01,180300,ALL,ALL,515.0,30
20895,2025-10-01,180400,ALL,ALL,600.0,12
20896,2025-10-01,180500,ALL,ALL,500.0,21
20897,2025-10-01,180600,ALL,ALL,580.0,51
20898,2025-10-01,180700,ALL,ALL,580.0,57
20899,2025-10-01,180800,ALL,ALL,450.0,45
20900,2025-10-01,180900,ALL,ALL,568.0,42
20901,2025-10-01,181000,ALL,ALL,580.0,21
20902,2025-10-01,181100,ALL,ALL,650.0,24
20903,2025-10-01,181200,ALL,ALL,600.0,27
20904,2025-10-01,181600,ALL,ALL,675.0,6
20905,2025-10-01,181800,ALL,ALL,518.0,6
20906,2025-10-01,182100,ALL,ALL,678.0,6
20907,2025-10-01,182600,ALL,ALL,780.0,15
20908,2025-10-01,182700,ALL,ALL,635.0,24
20909,2025-10-01,182800,ALL,ALL,640.0,24
20910,2025-10-01,182900,ALL,ALL,770.0,15
20911,2025-10-01,183000,ALL,ALL,780.0,6
20912,2025-10-01,183100,ALL,ALL,650.0,6
20913,2025-10-01,183200,ALL,ALL,595.0,12
20914,2025-10-01,183300,ALL,ALL,603.0,6
20915,2025-10-01,183400,ALL,ALL,570.0,15
20916,2025-10-01,183500,ALL,ALL,575.0,12
20917,2025-10-01,183600,ALL,ALL,620.0,9
20918,2025-10-01,183700,ALL,ALL,590.0,6
20919,2025-10-01,183800,ALL,ALL,630.0,21
20920,2025-10-01,183900,ALL,ALL,660.0,15
20921,2025-10-01,184000,ALL,ALL,600.0,9
20922,2025-10-01,184200,ALL,ALL,605.0,18
20923,2025-10-01,184300,ALL,ALL,600.0,15
20924,2025-10-01,184400,ALL,ALL,625.0,12
20925,2025-10-01,184500,ALL,ALL,650.0,9
20926,2025-10-01,184800,ALL,ALL,610.0,15
20927,2025-10-01,185400,ALL,ALL,503.0,6
20928,2025-10-01,185500,ALL,ALL,500.0,27
20929,2025-10-01,185600,ALL,ALL,385.0,6
20930,2025-10-01,185800,ALL,ALL,560.0,9
20931,2025-10-01,186000,ALL,ALL,500.0,24
20932,2025-10-01,186200,ALL,ALL,440.0,27
20933,2025-10-01,186300,ALL,ALL,285.0,18
20934,2025-10-01,186400,ALL,ALL,515.0,12
20935,2025-10-01,186500,ALL,ALL,500.0,27
20936,2025-10-01,186600,ALL,ALL,515.0,18
20937,2025-10-01,186700,ALL,ALL,470.0,9
20938,2025-10-01,186800,ALL,ALL,520.0,15
20939,2025-10-01,187200,ALL,ALL,435.0,6
20940,2025-10-01,187300,ALL,ALL,485.0,15
20941,2025-10-01,187400,ALL,ALL,470.0,6
20942,2025-10-01,187700,ALL,ALL,400.0,6
20943,2025-10-01,187800,ALL,ALL,600.0,6
20944,2025-10-01,187900,ALL,ALL,520.0,6
20945,2025-10-01,188000,ALL,ALL,670.0,6
20946,2025-10-01,188300,ALL,ALL,595.0,9
20947,2025-10-01,188400,ALL,ALL,705.0,18
20948,2025-10-01,188500,ALL,ALL,688.0,18
20949,2025-10-01,188700,ALL,ALL,595.0,18
20950,2025-10-01,188800,ALL,ALL,498.0,24
20951,2025-10-01,188900,ALL,ALL,605.0,36
20952,2025-10-01,189000,ALL,ALL,640.0,18
20953,2025-10-01,189100,ALL,ALL,670.0,21
20954,2025-10-01,189200,ALL,ALL,655.0,12
20955,2025-10-01,189300,ALL,ALL,640.0,15
20956,2025-10-01,189400,ALL,ALL,765.0,9
20957,2025-10-01,189700,ALL,ALL,480.0,39
20958,2025-10-01,190200,ALL,ALL,560.0,18
20959,2025-10-01,190400,ALL,ALL,610.0,6
20960,2025-10-01,190500,ALL,ALL,660.0,15
20961,2025-10-01,190600,ALL,ALL,600.0,39
20962,2025-10-01,191000,ALL,ALL,640.0,21
20963,2025-10-01,191100,ALL,ALL,680.0,15
20964,2025-10-01,191300,ALL,ALL,658.0,6
20965,2025-10-01,191400,ALL,ALL,620.0,9
20966,2025-10-01,191600,ALL,ALL,650.0,6
20967,2025-10-01,191700,ALL,ALL,620.0,12
20968,2025-10-01,191900,ALL,ALL,685.0,18
20969,2025-10-01,192000,ALL,ALL,600.0,9
20970,2025-10-01,192100,ALL,ALL,650.0,30
20971,2025-10-01,192400,ALL,ALL,650.0,9
20972,2025-10-01,192500,ALL,ALL,600.0,12
20973,2025-10-01,192600,ALL,ALL,725.0,12
20974,2025-10-01,192800,ALL,ALL,720.0,42
20975,2025-10-01,192900,ALL,ALL,740.0,9
20976,2025-10-01,193000,ALL,ALL,745.0,6
20977,2025-10-01,193100,ALL,ALL,675.0,24
20978,2025-10-01,193200,ALL,ALL,665.0,30
20979,2025-10-01,193300,ALL,ALL,663.0,36
20980,2025-10-01,193400,ALL,ALL,640.0,21
20981,2025-10-01,193500,ALL,ALL,770.0,18
20982,2025-10-01,193600,ALL,ALL,600.0,21
20983,2025-10-01,193700,ALL,ALL,700.0,21
20984,2025-10-01,193800,ALL,ALL,615.0,30
20985,2025-10-01,194000,ALL,ALL,665.0,30
20986,2025-10-01,194100,ALL,ALL,630.0,9
20987,2025-10-01,194300,ALL,ALL,730.0,15
20988,2025-10-01,194400,ALL,ALL,670.0,15
20989,2025-10-01,194600,ALL,ALL,640.0,30
20990,2025-10-01,194700,ALL,ALL,625.0,6
20991,2025-10-01,194800,ALL,ALL,640.0,57
20992,2025-10-01,194900,ALL,ALL,695.0,21
20993,2025-10-01,195100,ALL,ALL,755.0,63
20994,2025-10-01,195200,ALL,ALL,630.0,18
20995,2025-10-01,195300,ALL,ALL,670.0,15
20996,2025-10-01,195400,ALL,ALL,775.0,6
20997,2025-10-01,195500,ALL,ALL,680.0,21
20998,2025-10-01,195600,ALL,ALL,790.0,9
20999,2025-10-01,195700,ALL,ALL,290.0,21
21000,2025-10-01,195800,ALL,ALL,680.0,21
21001,2025-10-01,195900,ALL,ALL,670.0,18
21002,2025-10-01,196000,ALL,ALL,715.0,9
21003,2025-10-01,196200,ALL,ALL,750.0,12
21004,2025-10-01,196300,ALL,ALL,793.0,6
21005,2025-10-01,196400,ALL,ALL,785.0,12
21006,2025-10-01,196500,ALL,ALL,645.0,12
21007,2025-10-01,196600,ALL,ALL,650.0,15
21008,2025-10-01,196700,ALL,ALL,678.0,18
21009,2025-10-01,196800,ALL,ALL,750.0,21
21010,2025-10-01,196900,ALL,ALL,740.0,24
21011,2025-10-01,197000,ALL,ALL,725.0,18
21012,2025-10-01,197100,ALL,ALL,698.0,24
21013,2025-10-01,197200,ALL,ALL,665.0,18
21014,2025-10-01,197300,ALL,ALL,740.0,15
21015,2025-10-01,197400,ALL,ALL,635.0,24
21016,2025-10-01,197500,ALL,ALL,703.0,12
21017,2025-10-01,197600,ALL,ALL,730.0,108
21018,2025-10-01,197700,ALL,ALL,450.0,6
21019,2025-10-01,197900,ALL,ALL,555.0,12
21020,2025-10-01,198000,ALL,ALL,650.0,6
21021,2025-10-01,198100,ALL,ALL,623.0,12
21022,2025-10-01,198200,ALL,ALL,560.0,6
21023,2025-10-01,198400,ALL,ALL,530.0,9
21024,2025-10-01,198500,ALL,ALL,570.0,6
21025,2025-10-01,198600,ALL,ALL,608.0,18
21026,2025-10-01,198700,ALL,ALL,550.0,9
21027,2025-10-01,198800,ALL,ALL,650.0,18
21028,2025-10-01,198900,ALL,ALL,550.0,15
21029,2025-10-01,199000,ALL,ALL,565.0,21
21030,2025-10-01,199100,ALL,ALL,600.0,33
21031,2025-10-01,199200,ALL,ALL,610.0,12
21032,2025-10-01,199400,ALL,ALL,560.0,9
21033,2025-10-01,199500,ALL,ALL,600.0,27
21034,2025-10-01,199700,ALL,ALL,573.0,12
21035,2025-10-01,199800,ALL,ALL,510.0,18
21036,2025-10-01,199900,ALL,ALL,620.0,6
21037,2025-10-01,200000,ALL,ALL,715.0,6
21038,2025-10-01,200100,ALL,ALL,545.0,12
21039,2025-10-01,200200,ALL,ALL,650.0,9
21040,2025-10-01,200300,ALL,ALL,450.0,42
21041,2025-10-01,200500,ALL,ALL,500.0,30
21042,2025-10-01,200600,ALL,ALL,670.0,6
21043,2025-10-01,200700,ALL,ALL,635.0,6
21044,2025-10-01,200800,ALL,ALL,650.0,15
21045,2025-10-01,200900,ALL,ALL,580.0,27
21046,2025-10-01,201000,ALL,ALL,600.0,15
21047,2025-10-01,201200,ALL,ALL,440.0,24
21048,2025-10-01,201400,ALL,ALL,610.0,12
21049,2025-10-01,201500,ALL,ALL,673.0,18
21050,2025-10-01,202200,ALL,ALL,580.0,9
21051,2025-10-01,202600,ALL,ALL,550.0,27
21052,2025-10-01,202700,ALL,ALL,595.0,30
21053,2025-10-01,202800,ALL,ALL,578.0,18
21054,2025-10-01,202900,ALL,ALL,495.0,18
21055,2025-10-01,203000,ALL,ALL,600.0,6
21056,2025-10-01,203200,ALL,ALL,593.0,18
21057,2025-10-01,203700,ALL,ALL,560.0,18
21058,2025-10-01,203900,ALL,ALL,550.0,36
21059,2025-10-01,204400,ALL,ALL,455.0,39
21060,2025-10-01,205300,ALL,ALL,600.0,6
21061,2025-10-01,205400,ALL,ALL,638.0,6
21062,2025-10-01,205500,ALL,ALL,200.0,15
21063,2025-10-01,205600,ALL,ALL,825.0,6
21064,2025-10-01,205800,ALL,ALL,640.0,9
21065,2025-10-01,206000,ALL,ALL,600.0,12
21066,2025-10-01,206100,ALL,ALL,650.0,21
21067,2025-10-01,206200,ALL,ALL,565.0,12
21068,2025-10-01,206300,ALL,ALL,550.0,15
21069,2025-10-01,206400,ALL,ALL,565.0,18
21070,2025-10-01,206500,ALL,ALL,550.0,9
21071,2025-10-01,206600,ALL,ALL,775.0,6
21072,2025-10-01,206700,ALL,ALL,525.0,6
21073,2025-10-01,206800,ALL,ALL,493.0,12
21074,2025-10-01,206900,ALL,ALL,650.0,15
21075,2025-10-01,207000,ALL,ALL,610.0,18
21076,2025-10-01,207100,ALL,ALL,575.0,15
21077,2025-10-01,207200,ALL,ALL,650.0,18
21078,2025-10-01,207300,ALL,ALL,713.0,12
21079,2025-10-01,207800,ALL,ALL,450.0,30
21080,2025-10-01,208100,ALL,ALL,450.0,6
21081,2025-10-01,208200,ALL,ALL,650.0,6
21082,2025-10-01,208300,ALL,ALL,550.0,9
21083,2025-10-01,208500,ALL,ALL,450.0,6
21084,2025-10-01,208800,ALL,ALL,560.0,24
21085,2025-10-01,209000,ALL,ALL,610.0,15
21086,2025-10-01,209100,ALL,ALL,600.0,12
21087,2025-10-01,209200,ALL,ALL,590.0,9
21088,2025-10-01,209400,ALL,ALL,720.0,15
21089,2025-10-01,209500,ALL,ALL,620.0,9
21090,2025-10-01,209600,ALL,ALL,665.0,6
21091,2025-10-01,209700,ALL,ALL,530.0,24
21092,2025-10-01,209800,ALL,ALL,630.0,21
21093,2025-10-01,209900,ALL,ALL,530.0,18
21094,2025-10-01,210000,ALL,ALL,580.0,15
21095,2025-10-01,210300,ALL,ALL,620.0,9
21096,2025-10-01,210400,ALL,ALL,625.0,6
21097,2025-10-01,210500,ALL,ALL,540.0,9
21098,2025-10-01,210600,ALL,ALL,450.0,9
21099,2025-10-01,210700,ALL,ALL,525.0,18
21100,2025-10-01,210800,ALL,ALL,515.0,21
21101,2025-10-01,210900,ALL,ALL,608.0,18
21102,2025-10-01,211000,ALL,ALL,625.0,21
21103,2025-10-01,211100,ALL,ALL,595.0,15
21104,2025-10-01,211300,ALL,ALL,635.0,6
21105,2025-10-01,211400,ALL,ALL,695.0,15
21106,2025-10-01,211500,ALL,ALL,600.0,15
21107,2025-10-01,211600,ALL,ALL,640.0,6
21108,2025-10-01,211700,ALL,ALL,820.0,9
21109,2025-10-01,211800,ALL,ALL,690.0,18
21110,2025-10-01,211900,ALL,ALL,700.0,21
21111,2025-10-01,212100,ALL,ALL,775.0,9
21112,2025-10-01,212300,ALL,ALL,400.0,9
21113,2025-10-01,212600,ALL,ALL,610.0,6
21114,2025-10-01,212900,ALL,ALL,685.0,12
21115,2025-10-01,213000,ALL,ALL,750.0,9
21116,2025-10-01,213100,ALL,ALL,700.0,6
21117,2025-10-01,213200,ALL,ALL,650.0,9
21118,2025-10-01,213300,ALL,ALL,580.0,30
21119,2025-10-01,213400,ALL,ALL,550.0,21
21120,2025-10-01,213600,ALL,ALL,600.0,9
21121,2025-10-01,213700,ALL,ALL,680.0,18
21122,2025-10-01,213800,ALL,ALL,670.0,9
21123,2025-10-01,213900,ALL,ALL,620.0,12
21124,2025-10-01,214000,ALL,ALL,570.0,9
21125,2025-10-01,214100,ALL,ALL,635.0,12
21126,2025-10-01,214200,ALL,ALL,645.0,18
21127,2025-10-01,214300,ALL,ALL,635.0,6
21128,2025-10-01,214400,ALL,ALL,670.0,15
21129,2025-10-01,214500,ALL,ALL,628.0,18
21130,2025-10-01,214600,ALL,ALL,660.0,6
21131,2025-10-01,214700,ALL,ALL,613.0,12
21132,2025-10-01,214800,ALL,ALL,688.0,6
21133,2025-10-01,214900,ALL,ALL,680.0,27
21134,2025-10-01,215000,ALL,ALL,595.0,15
21135,2025-10-01,215100,ALL,ALL,640.0,15
21136,2025-10-01,215200,ALL,ALL,650.0,21
21137,2025-10-01,215300,ALL,ALL,575.0,18
21138,2025-10-01,215400,ALL,ALL,750.0,12
21139,2025-10-01,215600,ALL,ALL,490.0,6
21140,2025-10-01,215700,ALL,ALL,645.0,12
21141,2025-10-01,215800,ALL,ALL,515.0,12
21142,2025-10-01,215900,ALL,ALL,464.0,12
21143,2025-10-01,216000,ALL,ALL,550.0,18
21144,2025-10-01,216300,ALL,ALL,550.0,33
21145,2025-10-01,216500,ALL,ALL,700.0,12
21146,2025-10-01,216600,ALL,ALL,560.0,15
21147,2025-10-01,216700,ALL,ALL,480.0,9
21148,2025-10-01,216800,ALL,ALL,600.0,21
21149,2025-10-01,216900,ALL,ALL,560.0,39
21150,2025-10-01,217000,ALL,ALL,510.0,18
21151,2025-10-01,217100,ALL,ALL,580.0,15
21152,2025-10-01,217200,ALL,ALL,660.0,9
21153,2025-10-01,217300,ALL,ALL,620.0,27
21154,2025-10-01,217400,ALL,ALL,590.0,48
21155,2025-10-01,217500,ALL,ALL,645.0,18
21156,2025-10-01,217600,ALL,ALL,655.0,18
21157,2025-10-01,217800,ALL,ALL,588.0,24
21158,2025-10-01,217900,ALL,ALL,640.0,15
21159,2025-10-01,218000,ALL,ALL,650.0,18
21160,2025-10-01,218100,ALL,ALL,640.0,27
21161,2025-10-01,218300,ALL,ALL,490.0,33
21162,2025-10-01,218400,ALL,ALL,650.0,9
21163,2025-10-01,218500,ALL,ALL,490.0,30
21164,2025-10-01,218600,ALL,ALL,625.0,12
21165,2025-10-01,218700,ALL,ALL,663.0,18
21166,2025-10-01,218900,ALL,ALL,555.0,18
21167,2025-10-01,219000,ALL,ALL,600.0,9
21168,2025-10-01,219100,ALL,ALL,588.0,6
21169,2025-10-01,219600,ALL,ALL,550.0,27
21170,2025-10-01,220000,ALL,ALL,500.0,6
21171,2025-10-01,220100,ALL,ALL,530.0,12
21172,2025-10-01,220300,ALL,ALL,530.0,15
21173,2025-10-01,220400,ALL,ALL,545.0,12
21174,2025-10-01,220700,ALL,ALL,500.0,9
21175,2025-10-01,220800,ALL,ALL,310.0,6
21176,2025-10-01,220900,ALL,ALL,475.0,6
21177,2025-10-01,221000,ALL,ALL,500.0,6
21178,2025-10-01,221600,ALL,ALL,520.0,18
21179,2025-10-01,221700,ALL,ALL,505.0,12
21180,2025-10-01,221800,ALL,ALL,545.0,18
21181,2025-10-01,221900,ALL,ALL,523.0,30
21182,2025-10-01,222200,ALL,ALL,400.0,6
21183,2025-10-01,222400,ALL,ALL,430.0,6
21184,2025-10-01,222500,ALL,ALL,420.0,12
21185,2025-10-01,222600,ALL,ALL,420.0,18
21186,2025-10-01,222700,ALL,ALL,450.0,15
21187,2025-10-01,223100,ALL,ALL,445.0,18
21188,2025-10-01,223200,ALL,ALL,300.0,6
21189,2025-10-01,223600,ALL,ALL,483.0,12
21190,2025-10-01,223800,ALL,ALL,525.0,12
21191,2025-10-01,224000,ALL,ALL,500.0,21
21192,2025-10-01,224200,ALL,ALL,550.0,12
21193,2025-10-01,224300,ALL,ALL,500.0,27
21194,2025-10-01,224400,ALL,ALL,555.0,6
21195,2025-10-01,224500,ALL,ALL,585.0,12
21196,2025-10-01,224600,ALL,ALL,555.0,12
21197,2025-10-01,224800,ALL,ALL,470.0,21
21198,2025-10-01,224900,ALL,ALL,530.0,9
21199,2025-10-01,225000,ALL,ALL,590.0,12
21200,2025-10-01,225100,ALL,ALL,540.0,18
21201,2025-10-01,225200,ALL,ALL,495.0,12
21202,2025-10-01,225300,ALL,ALL,478.0,18
21203,2025-10-01,225400,ALL,ALL,450.0,27
21204,2025-10-01,225500,ALL,ALL,530.0,9
21205,2025-10-01,225600,ALL,ALL,423.0,6
21206,2025-10-01,225700,ALL,ALL,490.0,12
21207,2025-10-01,225800,ALL,ALL,580.0,12
21208,2025-10-01,225900,ALL,ALL,550.0,21
21209,2025-10-01,226500,ALL,ALL,435.0,6
21210,2025-10-01,226700,ALL,ALL,530.0,27
21211,2025-10-01,226900,ALL,ALL,535.0,12
21212,2025-10-01,227000,ALL,ALL,460.0,21
21213,2025-10-01,227200,ALL,ALL,600.0,9
21214,2025-10-01,227300,ALL,ALL,525.0,6
21215,2025-10-01,227400,ALL,ALL,480.0,6
21216,2025-10-01,227900,ALL,ALL,595.0,24
21217,2025-10-01,228000,ALL,ALL,585.0,12
21218,2025-10-01,228100,ALL,ALL,590.0,18
21219,2025-10-01,228200,ALL,ALL,530.0,15
21220,2025-10-01,228300,ALL,ALL,520.0,18
21221,2025-10-01,228400,ALL,ALL,440.0,9
21222,2025-10-01,228500,ALL,ALL,555.0,12
21223,2025-10-01,229000,ALL,ALL,560.0,12
21224,2025-10-01,229100,ALL,ALL,585.0,12
21225,2025-10-01,229200,ALL,ALL,435.0,6
21226,2025-10-01,229300,ALL,ALL,600.0,27
21227,2025-10-01,229500,ALL,ALL,545.0,24
21228,2025-10-01,229600,ALL,ALL,500.0,42
21229,2025-10-01,229800,ALL,ALL,545.0,33
21230,2025-10-01,229900,ALL,ALL,480.0,33
21231,2025-10-01,230000,ALL,ALL,335.0,12
21232,2025-10-01,230100,ALL,ALL,570.0,42
21233,2025-10-01,230200,ALL,ALL,550.0,33
21234,2025-10-01,230300,ALL,ALL,560.0,24
21235,2025-10-01,230400,ALL,ALL,700.0,12
21236,2025-10-01,230500,ALL,ALL,400.0,69
21237,2025-10-01,230600,ALL,ALL,425.0,30
21238,2025-10-01,230700,ALL,ALL,560.0,33
21239,2025-10-01,230800,ALL,ALL,565.0,42
21240,2025-10-01,230900,ALL,ALL,620.0,9
21241,2025-10-01,231000,ALL,ALL,430.0,48
21242,2025-10-01,231200,ALL,ALL,555.0,57
21243,2025-10-01,231300,ALL,ALL,570.0,15
21244,2025-10-01,231400,ALL,ALL,580.0,57
21245,2025-10-01,231500,ALL,ALL,600.0,21
21246,2025-10-01,231600,ALL,ALL,460.0,39
21247,2025-10-01,231700,ALL,ALL,575.0,12
21248,2025-10-01,231800,ALL,ALL,620.0,33
21249,2025-10-01,232000,ALL,ALL,620.0,15
21250,2025-10-01,232200,ALL,ALL,650.0,15
21251,2025-10-01,232300,ALL,ALL,550.0,9
21252,2025-10-01,232700,ALL,ALL,725.0,30
21253,2025-10-01,233100,ALL,ALL,490.0,12
21254,2025-10-01,233200,ALL,ALL,520.0,21
21255,2025-10-01,233300,ALL,ALL,490.0,24
21256,2025-10-01,233600,ALL,ALL,495.0,18
21257,2025-10-01,234100,ALL,ALL,525.0,6
21258,2025-10-01,234200,ALL,ALL,515.0,6
21259,2025-10-01,234300,ALL,ALL,465.0,18
21260,2025-10-01,234400,ALL,ALL,500.0,6
21261,2025-10-01,234600,ALL,ALL,550.0,6
21262,2025-10-01,234700,ALL,ALL,490.0,6
21263,2025-10-01,234900,ALL,ALL,515.0,30
21264,2025-10-01,235000,ALL,ALL,540.0,21
21265,2025-10-01,235100,ALL,ALL,598.0,12
21266,2025-10-01,235200,ALL,ALL,430.0,18
21267,2025-10-01,235300,ALL,ALL,480.0,6
21268,2025-10-01,235400,ALL,ALL,475.0,12
21269,2025-10-01,235500,ALL,ALL,478.0,30
21270,2025-10-01,235600,ALL,ALL,500.0,15
21271,2025-10-01,235700,ALL,ALL,520.0,9
21272,2025-10-01,235800,ALL,ALL,493.0,18
21273,2025-10-01,235900,ALL,ALL,540.0,15
21274,2025-10-01,236300,ALL,ALL,510.0,12
21275,2025-10-01,236500,ALL,ALL,550.0,21
21276,2025-10-01,236700,ALL,ALL,715.0,6
21277,2025-10-01,236800,ALL,ALL,628.0,18
21278,2025-10-01,237000,ALL,ALL,650.0,18
21279,2025-10-01,237100,ALL,ALL,465.0,36
21280,2025-10-01,237200,ALL,ALL,685.0,18
21281,2025-10-01,237300,ALL,ALL,595.0,12
21282,2025-10-01,237500,ALL,ALL,698.0,18
21283,2025-10-01,237600,ALL,ALL,645.0,18
21284,2025-10-01,237800,ALL,ALL,605.0,36
21285,2025-10-01,238000,ALL,ALL,640.0,15
21286,2025-10-01,238100,ALL,ALL,655.0,12
21287,2025-10-01,238300,ALL,ALL,675.0,15
21288,2025-10-01,238400,ALL,ALL,355.0,51
21289,2025-10-01,238500,ALL,ALL,670.0,15
21290,2025-10-01,238600,ALL,ALL,588.0,6
21291,2025-10-01,238800,ALL,ALL,695.0,6
21292,2025-10-01,239000,ALL,ALL,500.0,9
21293,2025-10-01,239100,ALL,ALL,510.0,18
21294,2025-10-01,239200,ALL,ALL,540.0,33
21295,2025-10-01,239300,ALL,ALL,356.0,9
21296,2025-10-01,239400,ALL,ALL,745.0,6
21297,2025-10-01,239500,ALL,ALL,650.0,15
21298,2025-10-01,239600,ALL,ALL,700.0,9
21299,2025-10-01,239800,ALL,ALL,690.0,12
21300,2025-10-01,239900,ALL,ALL,700.0,12
21301,2025-10-01,240100,ALL,ALL,870.0,9
21302,2025-10-01,240200,ALL,ALL,700.0,15
21303,2025-10-01,240400,ALL,ALL,635.0,12
21304,2025-10-01,240500,ALL,ALL,560.0,6
21305,2025-10-01,240600,ALL,ALL,755.0,12
21306,2025-10-01,240700,ALL,ALL,550.0,21
21307,2025-10-01,240800,ALL,ALL,550.0,9
21308,2025-10-01,241000,ALL,ALL,545.0,6
21309,2025-10-01,241100,ALL,ALL,533.0,6
21310,2025-10-01,241300,ALL,ALL,825.0,9
21311,2025-10-01,241400,ALL,ALL,600.0,24
21312,2025-10-01,241500,ALL,ALL,550.0,12
21313,2025-10-01,241600,ALL,ALL,550.0,15
21314,2025-10-01,241700,ALL,ALL,568.0,18
21315,2025-10-01,241800,ALL,ALL,650.0,15
21316,2025-10-01,241900,ALL,ALL,590.0,15
21317,2025-10-01,242000,ALL,ALL,560.0,21
21318,2025-10-01,242100,ALL,ALL,600.0,12
21319,2025-10-01,242200,ALL,ALL,670.0,21
21320,2025-10-01,242400,ALL,ALL,550.0,15
21321,2025-10-01,242500,ALL,ALL,550.0,21
21322,2025-10-01,242600,ALL,ALL,600.0,21
21323,2025-10-01,242800,ALL,ALL,600.0,9
21324,2025-10-01,242900,ALL,ALL,530.0,15
21325,2025-10-01,243200,ALL,ALL,650.0,15
21326,2025-10-01,243400,ALL,ALL,690.0,15
21327,2025-10-01,243500,ALL,ALL,730.0,9
21328,2025-10-01,243600,ALL,ALL,650.0,15
21329,2025-10-01,243700,ALL,ALL,495.0,39
21330,2025-10-01,244000,ALL,ALL,495.0,21
21331,2025-10-01,244100,ALL,ALL,480.0,27
21332,2025-10-01,244200,ALL,ALL,615.0,9
21333,2025-10-01,244300,ALL,ALL,460.0,33
21334,2025-10-01,244400,ALL,ALL,650.0,12
21335,2025-10-01,244500,ALL,ALL,600.0,9
21336,2025-10-01,244600,ALL,ALL,595.0,21
21337,2025-10-01,244700,ALL,ALL,575.0,45
21338,2025-10-01,244800,ALL,ALL,670.0,21
21339,2025-10-01,244900,ALL,ALL,600.0,18
21340,2025-10-01,245000,ALL,ALL,650.0,33
21341,2025-10-01,245100,ALL,ALL,255.0,30
21342,2025-10-01,245200,ALL,ALL,600.0,27
21343,2025-10-01,245300,ALL,ALL,680.0,6
21344,2025-10-01,245400,ALL,ALL,600.0,18
21345,2025-10-01,245500,ALL,ALL,605.0,18
21346,2025-10-01,245600,ALL,ALL,610.0,27
21347,2025-10-01,245800,ALL,ALL,425.0,12
21348,2025-10-01,245900,ALL,ALL,599.0,15
21349,2025-10-01,246000,ALL,ALL,600.0,33
21350,2025-10-01,246100,ALL,ALL,630.0,21
21351,2025-10-01,246200,ALL,ALL,600.0,9
21352,2025-10-01,246400,ALL,ALL,588.0,12
21353,2025-10-01,246600,ALL,ALL,640.0,9
21354,2025-10-01,246700,ALL,ALL,600.0,9
21355,2025-10-01,246900,ALL,ALL,650.0,18
21356,2025-10-01,247000,ALL,ALL,630.0,18
21357,2025-10-01,247100,ALL,ALL,550.0,18
21358,2025-10-01,247200,ALL,ALL,623.0,18
21359,2025-10-01,247300,ALL,ALL,600.0,18
21360,2025-10-01,247400,ALL,ALL,560.0,21
21361,2025-10-01,247500,ALL,ALL,918.0,6
21362,2025-10-01,247600,ALL,ALL,600.0,21
21363,2025-10-01,247700,ALL,ALL,590.0,30
21364,2025-10-01,247800,ALL,ALL,650.0,15
21365,2025-10-01,247900,ALL,ALL,660.0,15
21366,2025-10-01,248000,ALL,ALL,650.0,9
21367,2025-10-01,248100,ALL,ALL,750.0,36
21368,2025-10-01,248300,ALL,ALL,700.0,18
21369,2025-10-01,248400,ALL,ALL,655.0,24
21370,2025-10-01,248500,ALL,ALL,625.0,6
21371,2025-10-01,248600,ALL,ALL,623.0,30
21372,2025-10-01,248700,ALL,ALL,610.0,33
21373,2025-10-01,248800,ALL,ALL,600.0,15
21374,2025-10-01,248900,ALL,ALL,530.0,54
21375,2025-10-01,249000,ALL,ALL,650.0,15
21376,2025-10-01,249100,ALL,ALL,495.0,15
21377,2025-10-01,249200,ALL,ALL,620.0,21
21378,2025-10-01,249300,ALL,ALL,710.0,12
21379,2025-10-01,249400,ALL,ALL,585.0,24
21380,2025-10-01,249500,ALL,ALL,630.0,30
21381,2025-10-01,249600,ALL,ALL,590.0,21
21382,2025-10-01,249700,ALL,ALL,660.0,33
21383,2025-10-01,249800,ALL,ALL,660.0,6
21384,2025-10-01,249900,ALL,ALL,740.0,15
21385,2025-10-01,250000,ALL,ALL,700.0,18
21386,2025-10-01,250100,ALL,ALL,700.0,15
21387,2025-10-01,250300,ALL,ALL,553.0,24
21388,2025-10-01,250400,ALL,ALL,700.0,21
21389,2025-10-01,250500,ALL,ALL,650.0,21
21390,2025-10-01,250600,ALL,ALL,710.0,12
21391,2025-10-01,250700,ALL,ALL,550.0,39
21392,2025-10-01,250800,ALL,ALL,550.0,48
21393,2025-10-01,250900,ALL,ALL,580.0,114
21394,2025-10-01,251000,ALL,ALL,563.0,12
21395,2025-10-01,251100,ALL,ALL,570.0,33
21396,2025-10-01,251200,ALL,ALL,593.0,78
21397,2025-10-01,251300,ALL,ALL,960.0,21
21398,2025-10-01,251400,ALL,ALL,450.0,141
21399,2025-10-01,251500,ALL,ALL,675.0,24
21400,2025-10-01,251600,ALL,ALL,500.0,237
21401,2025-10-01,251700,ALL,ALL,500.0,150
21402,2025-10-01,251800,ALL,ALL,500.0,66
21403,2025-10-01,251900,ALL,ALL,590.0,33
21404,2025-10-01,252000,ALL,ALL,478.0,102
21405,2025-10-01,252100,ALL,ALL,500.0,108
21406,2025-10-01,252200,ALL,ALL,650.0,33
21407,2025-10-01,252300,ALL,ALL,800.0,21
21408,2025-10-01,252400,ALL,ALL,475.0,90
21409,2025-10-01,252500,ALL,ALL,625.0,99
21410,2025-10-01,252600,ALL,ALL,638.0,30
21411,2025-10-01,252700,ALL,ALL,800.0,15
21412,2025-10-01,252800,ALL,ALL,595.0,30
21413,2025-10-01,252900,ALL,ALL,510.0,18
21414,2025-10-01,253000,ALL,ALL,620.0,60
21415,2025-10-01,253100,ALL,ALL,600.0,60
21416,2025-10-01,253200,ALL,ALL,699.0,9
21417,2025-10-01,253300,ALL,ALL,535.0,24
21418,2025-10-01,253400,ALL,ALL,570.0,15
21419,2025-10-01,253500,ALL,ALL,635.0,12
21420,2025-10-01,253600,ALL,ALL,605.0,39
21421,2025-10-01,253700,ALL,ALL,518.0,36
21422,2025-10-01,253800,ALL,ALL,620.0,27
21423,2025-10-01,253900,ALL,ALL,578.0,12
21424,2025-10-01,254000,ALL,ALL,675.0,27
21425,2025-10-01,254100,ALL,ALL,595.0,6
21426,2025-10-01,254200,ALL,ALL,605.0,12
21427,2025-10-01,254300,ALL,ALL,610.0,27
21428,2025-10-01,254400,ALL,ALL,700.0,21
21429,2025-10-01,254600,ALL,ALL,785.0,9
21430,2025-10-01,254700,ALL,ALL,595.0,12
21431,2025-10-01,254800,ALL,ALL,650.0,15
21432,2025-10-01,254900,ALL,ALL,685.0,18
21433,2025-10-01,255100,ALL,ALL,668.0,15
21434,2025-10-01,255400,ALL,ALL,620.0,9
21435,2025-10-01,255600,ALL,ALL,540.0,9
21436,2025-10-01,255700,ALL,ALL,535.0,27
21437,2025-10-01,255800,ALL,ALL,430.0,15
21438,2025-10-01,255900,ALL,ALL,400.0,6
21439,2025-10-01,256000,ALL,ALL,550.0,15
21440,2025-10-01,256100,ALL,ALL,500.0,21
21441,2025-10-01,256200,ALL,ALL,550.0,33
21442,2025-10-01,256300,ALL,ALL,583.0,24
21443,2025-10-01,256400,ALL,ALL,520.0,33
21444,2025-10-01,256500,ALL,ALL,490.0,6
21445,2025-10-01,256700,ALL,ALL,310.0,15
21446,2025-10-01,256900,ALL,ALL,490.0,21
21447,2025-10-01,257100,ALL,ALL,530.0,15
21448,2025-10-01,257200,ALL,ALL,505.0,6
21449,2025-10-01,257500,ALL,ALL,510.0,24
21450,2025-10-01,257700,ALL,ALL,580.0,21
21451,2025-10-01,257900,ALL,ALL,565.0,9
21452,2025-10-01,300500,ALL,ALL,490.0,9
21453,2025-10-01,300600,ALL,ALL,490.0,6
21454,2025-10-01,301000,ALL,ALL,500.0,9
21455,2025-10-01,301100,ALL,ALL,500.0,15
21456,2025-10-01,301200,ALL,ALL,580.0,12
21457,2025-10-01,301300,ALL,ALL,538.0,18
21458,2025-10-01,301500,ALL,ALL,550.0,6
21459,2025-10-01,301600,ALL,ALL,400.0,9
21460,2025-10-01,301700,ALL,ALL,620.0,15
21461,2025-10-01,302400,ALL,ALL,663.0,30
21462,2025-10-01,302600,ALL,ALL,605.0,12
21463,2025-10-01,302800,ALL,ALL,550.0,15
21464,2025-10-01,302900,ALL,ALL,620.0,12
21465,2025-10-01,303000,ALL,ALL,735.0,6
21466,2025-10-01,303100,ALL,ALL,655.0,12
21467,2025-10-01,303300,ALL,ALL,585.0,18
21468,2025-10-01,303800,ALL,ALL,580.0,9
21469,2025-10-01,304100,ALL,ALL,500.0,30
21470,2025-10-01,304200,ALL,ALL,535.0,18
21471,2025-10-01,304300,ALL,ALL,585.0,12
21472,2025-10-01,304400,ALL,ALL,550.0,27
21473,2025-10-01,304500,ALL,ALL,550.0,21
21474,2025-10-01,304600,ALL,ALL,595.0,21
21475,2025-10-01,304700,ALL,ALL,490.0,18
21476,2025-10-01,304800,ALL,ALL,498.0,36
21477,2025-10-01,304900,ALL,ALL,550.0,12
21478,2025-10-01,305000,ALL,ALL,570.0,12
21479,2025-10-01,305100,ALL,ALL,640.0,9
21480,2025-10-01,305200,ALL,ALL,580.0,9
21481,2025-10-01,305300,ALL,ALL,473.0,24
21482,2025-10-01,305400,ALL,ALL,560.0,15
21483,2025-10-01,305500,ALL,ALL,480.0,9
21484,2025-10-01,305600,ALL,ALL,300.0,63
21485,2025-10-01,305800,ALL,ALL,635.0,12
21486,2025-10-01,305900,ALL,ALL,618.0,21
21487,2025-10-01,306000,ALL,ALL,580.0,18
21488,2025-10-01,306200,ALL,ALL,585.0,15
21489,2025-10-01,306300,ALL,ALL,420.0,6
21490,2025-10-01,306800,ALL,ALL,545.0,27
21491,2025-10-01,307100,ALL,ALL,595.0,12
21492,2025-10-01,307300,ALL,ALL,555.0,6
21493,2025-10-01,307500,ALL,ALL,600.0,18
21494,2025-10-01,307600,ALL,ALL,590.0,18
21495,2025-10-01,307700,ALL,ALL,615.0,6
21496,2025-10-01,307800,ALL,ALL,570.0,21
21497,2025-10-01,307900,ALL,ALL,520.0,15
21498,2025-10-01,308000,ALL,ALL,550.0,15
21499,2025-10-01,308100,ALL,ALL,580.0,21
21500,2025-10-01,308200,ALL,ALL,550.0,27
21501,2025-10-01,308300,ALL,ALL,620.0,9
21502,2025-10-01,308400,ALL,ALL,580.0,15
21503,2025-10-01,308600,ALL,ALL,560.0,18
21504,2025-10-01,308900,ALL,ALL,550.0,15
21505,2025-10-01,309200,ALL,ALL,423.0,18
21506,2025-10-01,309400,ALL,ALL,400.0,15
21507,2025-10-01,309800,ALL,ALL,328.0,6
21508,2025-10-01,310100,ALL,ALL,490.0,12
21509,2025-10-01,310200,ALL,ALL,525.0,6
21510,2025-10-01,310400,ALL,ALL,488.0,6
21511,2025-10-01,310500,ALL,ALL,550.0,9
21512,2025-10-01,310600,ALL,ALL,530.0,6
21513,2025-10-01,311500,ALL,ALL,450.0,21
21514,2025-10-01,312300,ALL,ALL,480.0,9
21515,2025-10-01,312700,ALL,ALL,470.0,9
21516,2025-10-01,312900,ALL,ALL,563.0,18
21517,2025-10-01,313000,ALL,ALL,430.0,6
21518,2025-10-01,313200,ALL,ALL,498.0,12
21519,2025-10-01,313900,ALL,ALL,635.0,6
21520,2025-10-01,314100,ALL,ALL,560.0,9
21521,2025-10-01,314200,ALL,ALL,490.0,18
21522,2025-10-01,314500,ALL,ALL,590.0,15
21523,2025-10-01,314600,ALL,ALL,565.0,12
21524,2025-10-01,314700,ALL,ALL,600.0,30
21525,2025-10-01,314900,ALL,ALL,610.0,9
21526,2025-10-01,315300,ALL,ALL,600.0,9
21527,2025-10-01,315400,ALL,ALL,590.0,15
21528,2025-10-01,315500,ALL,ALL,678.0,6
21529,2025-10-01,315700,ALL,ALL,500.0,9
21530,2025-10-01,315800,ALL,ALL,625.0,12
21531,2025-10-01,315900,ALL,ALL,598.0,12
21532,2025-10-01,316000,ALL,ALL,520.0,9
21533,2025-10-01,316600,ALL,ALL,635.0,12
21534,2025-10-01,316900,ALL,ALL,605.0,15
21535,2025-10-01,317300,ALL,ALL,633.0,12
21536,2025-10-01,317400,ALL,ALL,650.0,9
21537,2025-10-01,317500,ALL,ALL,665.0,6
21538,2025-10-01,317600,ALL,ALL,688.0,6
21539,2025-10-01,317700,ALL,ALL,575.0,18
21540,2025-10-01,317800,ALL,ALL,580.0,18
21541,2025-10-01,317900,ALL,ALL,573.0,24
21542,2025-10-01,318000,ALL,ALL,598.0,15
21543,2025-10-01,318100,ALL,ALL,565.0,6
21544,2025-10-01,318200,ALL,ALL,508.0,12
21545,2025-10-01,318300,ALL,ALL,695.0,33
21546,2025-10-01,318400,ALL,ALL,680.0,27
21547,2025-10-01,318600,ALL,ALL,585.0,12
21548,2025-10-01,318700,ALL,ALL,763.0,6
21549,2025-10-01,318800,ALL,ALL,560.0,9
21550,2025-10-01,318900,ALL,ALL,650.0,12
21551,2025-10-01,319000,ALL,ALL,600.0,18
21552,2025-10-01,319200,ALL,ALL,630.0,27
21553,2025-10-01,319300,ALL,ALL,570.0,18
21554,2025-10-01,319400,ALL,ALL,538.0,6
21555,2025-10-01,319500,ALL,ALL,650.0,21
21556,2025-10-01,319600,ALL,ALL,600.0,24
21557,2025-10-01,319700,ALL,ALL,635.0,30
21558,2025-10-01,319800,ALL,ALL,580.0,24
21559,2025-10-01,319900,ALL,ALL,588.0,42
21560,2025-10-01,320100,ALL,ALL,575.0,24
21561,2025-10-01,320200,ALL,ALL,795.0,99
21562,2025-10-01,320300,ALL,ALL,570.0,24
21563,2025-10-01,320500,ALL,ALL,550.0,30
21564,2025-10-01,320600,ALL,ALL,750.0,39
21565,2025-10-01,320700,ALL,ALL,760.0,75
21566,2025-10-01,320800,ALL,ALL,570.0,15
21567,2025-10-01,320900,ALL,ALL,630.0,21
21568,2025-10-01,321000,ALL,ALL,578.0,48
21569,2025-10-01,321100,ALL,ALL,550.0,30
21570,2025-10-01,321200,ALL,ALL,1110.0,60
21571,2025-10-01,321300,ALL,ALL,750.0,12
21572,2025-10-01,321400,ALL,ALL,625.0,27
21573,2025-10-01,321500,ALL,ALL,580.0,9
21574,2025-10-01,321700,ALL,ALL,363.0,42
21575,2025-10-01,321800,ALL,ALL,850.0,99
21576,2025-10-01,321900,ALL,ALL,245.0,30
21577,2025-10-01,322000,ALL,ALL,938.0,30
21578,2025-10-01,322100,ALL,ALL,580.0,42
21579,2025-10-01,322200,ALL,ALL,723.0,30
21580,2025-10-01,322400,ALL,ALL,825.0,24
21581,2025-10-01,322500,ALL,ALL,670.0,12
21582,2025-10-01,322600,ALL,ALL,800.0,15
21583,2025-10-01,322700,ALL,ALL,780.0,93
21584,2025-10-01,322800,ALL,ALL,680.0,9
21585,2025-10-01,322900,ALL,ALL,680.0,21
21586,2025-10-01,323000,ALL,ALL,555.0,54
21587,2025-10-01,323100,ALL,ALL,620.0,24
21588,2025-10-01,323200,ALL,ALL,550.0,27
21589,2025-10-01,323300,ALL,ALL,740.0,195
21590,2025-10-01,323400,ALL,ALL,550.0,21
21591,2025-10-01,323500,ALL,ALL,554.0,6
21592,2025-10-01,323600,ALL,ALL,680.0,9
21593,2025-10-01,323800,ALL,ALL,525.0,48
21594,2025-10-01,323900,ALL,ALL,500.0,66
21595,2025-10-01,324000,ALL,ALL,635.0,12
21596,2025-10-01,324100,ALL,ALL,690.0,9
21597,2025-10-01,324300,ALL,ALL,673.0,18
21598,2025-10-01,324400,ALL,ALL,580.0,117
21599,2025-10-01,324500,ALL,ALL,720.0,39
21600,2025-10-01,324600,ALL,ALL,520.0,15
21601,2025-10-01,324800,ALL,ALL,565.0,90
21602,2025-10-01,325000,ALL,ALL,600.0,21
21603,2025-10-01,325100,ALL,ALL,610.0,21
21604,2025-10-01,325200,ALL,ALL,555.0,24
21605,2025-10-01,325300,ALL,ALL,515.0,111
21606,2025-10-01,325400,ALL,ALL,795.0,6
21607,2025-10-01,325600,ALL,ALL,615.0,18
21608,2025-10-01,325700,ALL,ALL,550.0,54
21609,2025-10-01,325800,ALL,ALL,495.0,99
21610,2025-10-01,325900,ALL,ALL,520.0,15
21611,2025-10-01,326100,ALL,ALL,455.0,72
21612,2025-10-01,326300,ALL,ALL,585.0,24
21613,2025-10-01,326500,ALL,ALL,520.0,18
21614,2025-10-01,326600,ALL,ALL,508.0,6
21615,2025-10-01,326700,ALL,ALL,600.0,12
21616,2025-10-01,326800,ALL,ALL,480.0,72
21617,2025-10-01,326900,ALL,ALL,550.0,45
21618,2025-10-01,327000,ALL,ALL,499.0,144
21619,2025-10-01,327100,ALL,ALL,500.0,39
21620,2025-10-01,327200,ALL,ALL,570.0,21
21621,2025-10-01,327300,ALL,ALL,720.0,27
21622,2025-10-01,327400,ALL,ALL,510.0,60
21623,2025-10-01,327500,ALL,ALL,620.0,6
21624,2025-10-01,327600,ALL,ALL,520.0,90
21625,2025-10-01,327700,ALL,ALL,570.0,18
21626,2025-10-01,327800,ALL,ALL,190.0,9
21627,2025-10-01,327900,ALL,ALL,463.0,138
21628,2025-10-01,328000,ALL,ALL,650.0,9
21629,2025-10-01,328100,ALL,ALL,488.0,6
21630,2025-10-01,328200,ALL,ALL,550.0,33
21631,2025-10-01,328300,ALL,ALL,580.0,15
21632,2025-10-01,328400,ALL,ALL,560.0,15
21633,2025-10-01,328500,ALL,ALL,510.0,45
21634,2025-10-01,328600,ALL,ALL,540.0,12
21635,2025-10-01,328700,ALL,ALL,533.0,30
21636,2025-10-01,328800,ALL,ALL,314.0,15
21637,2025-10-01,328900,ALL,ALL,495.0,81
21638,2025-10-01,329000,ALL,ALL,700.0,45
21639,2025-10-01,329100,ALL,ALL,575.0,36
21640,2025-10-01,329200,ALL,ALL,162.0,57
21641,2025-10-01,329300,ALL,ALL,515.0,18
21642,2025-10-01,329400,ALL,ALL,530.0,51
21643,2025-10-01,329500,ALL,ALL,575.0,12
21644,2025-10-01,329600,ALL,ALL,490.0,33
21645,2025-10-01,329700,ALL,ALL,533.0,54
21646,2025-10-01,329900,ALL,ALL,510.0,60
21647,2025-10-01,330100,ALL,ALL,500.0,24
21648,2025-10-01,330200,ALL,ALL,483.0,48
21649,2025-10-01,330300,ALL,ALL,580.0,9
21650,2025-10-01,330400,ALL,ALL,445.0,12
21651,2025-10-01,330500,ALL,ALL,498.0,12
21652,2025-10-01,330600,ALL,ALL,660.0,9
21653,2025-10-01,330800,ALL,ALL,543.0,18
21654,2025-10-01,330900,ALL,ALL,585.0,6
21655,2025-10-01,331100,ALL,ALL,500.0,21
21656,2025-10-01,331300,ALL,ALL,640.0,9
21657,2025-10-01,331400,ALL,ALL,495.0,15
21658,2025-10-01,331700,ALL,ALL,593.0,24
21659,2025-10-01,331900,ALL,ALL,590.0,9
21660,2025-10-01,332000,ALL,ALL,710.0,24
21661,2025-10-01,332100,ALL,ALL,650.0,27
21662,2025-10-01,332500,ALL,ALL,595.0,30
21663,2025-10-01,332700,ALL,ALL,550.0,27
21664,2025-10-01,333700,ALL,ALL,550.0,6
21665,2025-10-01,334000,ALL,ALL,555.0,24
21666,2025-10-01,334700,ALL,ALL,425.0,6
21667,2025-10-01,334900,ALL,ALL,620.0,21
21668,2025-10-01,335000,ALL,ALL,675.0,6
21669,2025-10-01,335100,ALL,ALL,610.0,15
21670,2025-10-01,335200,ALL,ALL,630.0,18
21671,2025-10-01,335300,ALL,ALL,660.0,57
21672,2025-10-01,335400,ALL,ALL,565.0,6
21673,2025-10-01,335500,ALL,ALL,630.0,171
21674,2025-10-01,335900,ALL,ALL,700.0,9
21675,2025-10-01,336000,ALL,ALL,660.0,45
21676,2025-10-01,336100,ALL,ALL,690.0,45
21677,2025-10-01,336200,ALL,ALL,595.0,12
21678,2025-10-01,336900,ALL,ALL,520.0,18
21679,2025-10-01,337100,ALL,ALL,525.0,6
21680,2025-10-01,337300,ALL,ALL,630.0,6
21681,2025-10-01,337400,ALL,ALL,470.0,9
21682,2025-10-01,337500,ALL,ALL,400.0,15
21683,2025-10-01,337800,ALL,ALL,445.0,12
21684,2025-10-01,337900,ALL,ALL,500.0,9
21685,2025-10-01,338100,ALL,ALL,450.0,6
21686,2025-10-01,338200,ALL,ALL,490.0,21
21687,2025-10-01,338300,ALL,ALL,425.0,18
21688,2025-10-01,338400,ALL,ALL,475.0,12
21689,2025-10-01,338500,ALL,ALL,480.0,21
21690,2025-10-01,338900,ALL,ALL,513.0,12
21691,2025-10-01,339100,ALL,ALL,498.0,6
21692,2025-10-01,339300,ALL,ALL,500.0,15
21693,2025-10-01,339600,ALL,ALL,480.0,6
21694,2025-10-01,340000,ALL,ALL,590.0,9
21695,2025-10-01,340100,ALL,ALL,530.0,12
21696,2025-10-01,340200,ALL,ALL,465.0,12
21697,2025-10-01,340300,ALL,ALL,500.0,9
21698,2025-10-01,340400,ALL,ALL,490.0,9
21699,2025-10-01,340500,ALL,ALL,493.0,6
21700,2025-10-01,340600,ALL,ALL,380.0,21
21701,2025-10-01,340700,ALL,ALL,520.0,21
21702,2025-10-01,340800,ALL,ALL,450.0,15
21703,2025-10-01,341000,ALL,ALL,420.0,12
21704,2025-10-01,341100,ALL,ALL,440.0,9
21705,2025-10-01,341300,ALL,ALL,460.0,18
21706,2025-10-01,341400,ALL,ALL,430.0,9
21707,2025-10-01,341500,ALL,ALL,230.0,18
21708,2025-10-01,341800,ALL,ALL,425.0,12
21709,2025-10-01,342000,ALL,ALL,283.0,6
21710,2025-10-01,342700,ALL,ALL,425.0,12
21711,2025-10-01,342800,ALL,ALL,410.0,12
21712,2025-10-01,343900,ALL,ALL,450.0,18
21713,2025-10-01,344000,ALL,ALL,450.0,12
21714,2025-10-01,344100,ALL,ALL,485.0,6
21715,2025-10-01,344200,ALL,ALL,460.0,9
21716,2025-10-01,344400,ALL,ALL,435.0,6
21717,2025-10-01,344500,ALL,ALL,475.0,12
21718,2025-10-01,344700,ALL,ALL,518.0,6
21719,2025-10-01,344800,ALL,ALL,785.0,6
21720,2025-10-01,344900,ALL,ALL,700.0,45
21721,2025-10-01,345000,ALL,ALL,728.0,36
21722,2025-10-01,345400,ALL,ALL,595.0,12
21723,2025-10-01,345500,ALL,ALL,553.0,24
21724,2025-10-01,345600,ALL,ALL,565.0,12
21725,2025-10-01,345700,ALL,ALL,225.0,9
21726,2025-10-01,345800,ALL,ALL,510.0,9
21727,2025-10-01,346600,ALL,ALL,843.0,30
21728,2025-10-01,346700,ALL,ALL,850.0,63
21729,2025-10-01,346800,ALL,ALL,900.0,24
21730,2025-10-01,346900,ALL,ALL,820.0,18
21731,2025-10-01,347000,ALL,ALL,750.0,21
21732,2025-10-01,347100,ALL,ALL,750.0,15
21733,2025-10-01,347200,ALL,ALL,708.0,24
21734,2025-10-01,347300,ALL,ALL,793.0,6
21735,2025-10-01,347400,ALL,ALL,850.0,9
21736,2025-10-01,347500,ALL,ALL,813.0,6
21737,2025-10-01,347700,ALL,ALL,300.0,48
21738,2025-10-01,347800,ALL,ALL,850.0,33
21739,2025-10-01,347900,ALL,ALL,850.0,21
21740,2025-10-01,348000,ALL,ALL,1190.0,6
21741,2025-10-01,348100,ALL,ALL,250.0,6
21742,2025-10-01,348200,ALL,ALL,890.0,21
21743,2025-10-01,348300,ALL,ALL,755.0,24
21744,2025-10-01,348400,ALL,ALL,755.0,96
21745,2025-10-01,348600,ALL,ALL,925.0,6
21746,2025-10-01,348700,ALL,ALL,740.0,45
21747,2025-10-01,348800,ALL,ALL,880.0,24
21748,2025-10-01,348900,ALL,ALL,850.0,159
21749,2025-10-01,349100,ALL,ALL,505.0,6
21750,2025-10-01,349200,ALL,ALL,390.0,6
21751,2025-10-01,349300,ALL,ALL,515.0,9
21752,2025-10-01,349700,ALL,ALL,575.0,12
21753,2025-10-01,349800,ALL,ALL,650.0,15
21754,2025-10-01,349900,ALL,ALL,550.0,24
21755,2025-10-01,350000,ALL,ALL,530.0,18
21756,2025-10-01,350400,ALL,ALL,633.0,6
21757,2025-10-01,350600,ALL,ALL,425.0,6
21758,2025-10-01,350700,ALL,ALL,620.0,6
21759,2025-10-01,350900,ALL,ALL,550.0,9
21760,2025-10-01,351000,ALL,ALL,580.0,30
21761,2025-10-01,351100,ALL,ALL,608.0,6
21762,2025-10-01,351200,ALL,ALL,635.0,6
21763,2025-10-01,351300,ALL,ALL,540.0,9
21764,2025-10-01,351400,ALL,ALL,520.0,12
21765,2025-10-01,351500,ALL,ALL,600.0,21
21766,2025-10-01,351600,ALL,ALL,595.0,30
21767,2025-10-01,351700,ALL,ALL,530.0,12
21768,2025-10-01,351900,ALL,ALL,600.0,9
21769,2025-10-01,352000,ALL,ALL,380.0,45
21770,2025-10-01,352100,ALL,ALL,570.0,15
21771,2025-10-01,352200,ALL,ALL,310.0,24
21772,2025-10-01,352300,ALL,ALL,545.0,6
21773,2025-10-01,352400,ALL,ALL,300.0,36
21774,2025-10-01,352600,ALL,ALL,595.0,9
21775,2025-10-01,352700,ALL,ALL,500.0,9
21776,2025-10-01,352800,ALL,ALL,390.0,30
21777,2025-10-01,352900,ALL,ALL,493.0,42
21778,2025-10-01,353000,ALL,ALL,520.0,9
21779,2025-10-01,353200,ALL,ALL,691.0,12
21780,2025-10-01,353300,ALL,ALL,590.0,27
21781,2025-10-01,353400,ALL,ALL,383.0,60
21782,2025-10-01,353500,ALL,ALL,500.0,30
21783,2025-10-01,353600,ALL,ALL,553.0,6
21784,2025-10-01,353800,ALL,ALL,363.0,57
21785,2025-10-01,354100,ALL,ALL,465.0,15
21786,2025-10-01,354200,ALL,ALL,495.0,24
21787,2025-10-01,354400,ALL,ALL,613.0,12
21788,2025-10-01,354500,ALL,ALL,475.0,9
21789,2025-10-01,354600,ALL,ALL,600.0,9
21790,2025-10-01,354700,ALL,ALL,500.0,21
21791,2025-10-01,354800,ALL,ALL,593.0,12
21792,2025-10-01,354900,ALL,ALL,650.0,15
21793,2025-10-01,355000,ALL,ALL,660.0,6
21794,2025-10-01,355200,ALL,ALL,595.0,39
21795,2025-10-01,355300,ALL,ALL,626.0,9
21796,2025-10-01,355400,ALL,ALL,605.0,6
21797,2025-10-01,355500,ALL,ALL,520.0,27
21798,2025-10-01,355600,ALL,ALL,590.0,15
21799,2025-10-01,355700,ALL,ALL,600.0,33
21800,2025-10-01,356200,ALL,ALL,560.0,6
21801,2025-10-01,356400,ALL,ALL,450.0,12
21802,2025-10-01,356500,ALL,ALL,415.0,24
21803,2025-10-01,356600,ALL,ALL,470.0,6
21804,2025-10-01,357500,ALL,ALL,550.0,18
21805,2025-10-01,358200,ALL,ALL,300.0,9
21806,2025-10-01,358400,ALL,ALL,480.0,6
21807,2025-10-01,358600,ALL,ALL,450.0,21
21808,2025-10-01,358800,ALL,ALL,400.0,6
21809,2025-10-01,359500,ALL,ALL,450.0,6
21810,2025-10-01,359800,ALL,ALL,555.0,12
21811,2025-10-01,359900,ALL,ALL,490.0,21
21812,2025-10-01,360000,ALL,ALL,413.0,18
21813,2025-10-01,360200,ALL,ALL,470.0,6
21814,2025-10-01,360600,ALL,ALL,538.0,18
21815,2025-10-01,360700,ALL,ALL,540.0,12
21816,2025-10-01,360900,ALL,ALL,550.0,6
21817,2025-10-01,361000,ALL,ALL,320.0,9
21818,2025-10-01,361100,ALL,ALL,515.0,18
21819,2025-10-01,361200,ALL,ALL,490.0,9
21820,2025-10-01,361300,ALL,ALL,400.0,27
21821,2025-10-01,361400,ALL,ALL,530.0,15
21822,2025-10-01,361500,ALL,ALL,470.0,24
21823,2025-10-01,361600,ALL,ALL,440.0,30
21824,2025-10-01,361700,ALL,ALL,498.0,30
21825,2025-10-01,361900,ALL,ALL,515.0,18
21826,2025-10-01,362000,ALL,ALL,420.0,39
21827,2025-10-01,362100,ALL,ALL,480.0,12
21828,2025-10-01,362200,ALL,ALL,465.0,12
21829,2025-10-01,362400,ALL,ALL,510.0,15
21830,2025-10-01,362500,ALL,ALL,450.0,21
21831,2025-10-01,362600,ALL,ALL,405.0,15
21832,2025-10-01,362700,ALL,ALL,505.0,6
21833,2025-10-01,362800,ALL,ALL,370.0,9
21834,2025-10-01,362900,ALL,ALL,540.0,12
21835,2025-10-01,363000,ALL,ALL,510.0,12
